{
  "credit": "Made with Blockbench",
  "textures": {
    "0": "pelucias/hostile_mobs/end/endermite/endermite/endermite",
    "particle": "pelucias/hostile_mobs/end/endermite/endermite/endermite"
  },
  "elements": [
    {
      "from": [
        6,
        0,
        4.5
      ],
      "to": [
        10,
        3,
        6.5
      ],
      "rotation": {
        "angle": 0,
        "axis": "y",
        "origin": [
          8,
          1.24995,
          8.25
        ]
      },
      "faces": {
        "north": {
          "uv": [
            0,
            0,
            4,
            3
          ],
          "texture": "#0"
        },
        "east": {
          "uv": [
            0,
            9,
            2,
            12
          ],
          "texture": "#0"
        },
        "south": {
          "uv": [
            0,
            3,
            4,
            6
          ],
          "texture": "#0"
        },
        "west": {
          "uv": [
            2,
            9,
            4,
            12
          ],
          "texture": "#0"
        },
        "up": {
          "uv": [
            12,
            8,
            8,
            6
          ],
          "texture": "#0"
        },
        "down": {
          "uv": [
            12,
            8,
            8,
            10
          ],
          "texture": "#0"
        }
      }
    },
    {
      "from": [
        5.5,
        -0.0001,
        6.5
      ],
      "to": [
        10.5,
        3.9999,
        10.5
      ],
      "rotation": {
        "angle": 0,
        "axis": "y",
        "origin": [
          8,
          1.24995,
          8.25
        ]
      },
      "faces": {
        "north": {
          "uv": [
            4,
            0,
            8,
            3
          ],
          "texture": "#0"
        },
        "east": {
          "uv": [
            8,
            0,
            11,
            3
          ],
          "texture": "#0"
        },
        "south": {
          "uv": [
            4,
            3,
            8,
            6
          ],
          "texture": "#0"
        },
        "west": {
          "uv": [
            8,
            3,
            11,
            6
          ],
          "texture": "#0"
        },
        "up": {
          "uv": [
            4,
            9,
            0,
            6
          ],
          "texture": "#0"
        },
        "down": {
          "uv": [
            8,
            6,
            4,
            9
          ],
          "texture": "#0"
        }
      }
    },
    {
      "from": [
        7,
        0,
        10.5
      ],
      "to": [
        9,
        2,
        11.5
      ],
      "rotation": {
        "angle": 0,
        "axis": "y",
        "origin": [
          8,
          1.24995,
          8.25
        ]
      },
      "faces": {
        "north": {
          "uv": [
            4,
            9,
            6,
            11
          ],
          "texture": "#0"
        },
        "east": {
          "uv": [
            11,
            0,
            12,
            2
          ],
          "texture": "#0"
        },
        "south": {
          "uv": [
            6,
            9,
            8,
            11
          ],
          "texture": "#0"
        },
        "west": {
          "uv": [
            11,
            2,
            12,
            4
          ],
          "texture": "#0"
        },
        "up": {
          "uv": [
            6,
            12,
            4,
            11
          ],
          "texture": "#0"
        },
        "down": {
          "uv": [
            13,
            4,
            11,
            5
          ],
          "texture": "#0"
        }
      }
    },
    {
      "from": [
        7.5,
        0,
        11.5
      ],
      "to": [
        8.5,
        1,
        12.5
      ],
      "rotation": {
        "angle": 0,
        "axis": "y",
        "origin": [
          8,
          1.24995,
          8.25
        ]
      },
      "faces": {
        "north": {
          "uv": [
            12,
            0,
            13,
            1
          ],
          "texture": "#0"
        },
        "east": {
          "uv": [
            12,
            1,
            13,
            2
          ],
          "texture": "#0"
        },
        "south": {
          "uv": [
            2,
            12,
            3,
            13
          ],
          "texture": "#0"
        },
        "west": {
          "uv": [
            12,
            2,
            13,
            3
          ],
          "texture": "#0"
        },
        "up": {
          "uv": [
            4,
            13,
            3,
            12
          ],
          "texture": "#0"
        },
        "down": {
          "uv": [
            13,
            3,
            12,
            4
          ],
          "texture": "#0"
        }
      }
    },
    {
      "from": [
        7,
        0.999,
        4
      ],
      "to": [
        9,
        2.999,
        5
      ],
      "rotation": {
        "angle": 0,
        "axis": "y",
        "origin": [
          8,
          1.24995,
          8.25
        ]
      },
      "faces": {
        "north": {
          "uv": [
            8,
            10,
            10,
            12
          ],
          "texture": "#0"
        },
        "east": {
          "uv": [
            6,
            11,
            7,
            13
          ],
          "texture": "#0"
        },
        "south": {
          "uv": [
            10,
            10,
            12,
            12
          ],
          "texture": "#0"
        },
        "west": {
          "uv": [
            7,
            11,
            8,
            13
          ],
          "texture": "#0"
        },
        "up": {
          "uv": [
            13,
            6,
            11,
            5
          ],
          "texture": "#0"
        },
        "down": {
          "uv": [
            2,
            12,
            0,
            13
          ],
          "texture": "#0"
        }
      }
    }
  ],
  "gui_light": "front",
  "display": {
    "thirdperson_righthand": {
      "rotation": [
        78,
        0,
        0
      ],
      "translation": [
        0,
        0.5,
        2.25
      ],
      "scale": [
        0.4,
        0.4,
        0.4
      ]
    },
    "thirdperson_lefthand": {
      "rotation": [
        78,
        0,
        0
      ],
      "translation": [
        0,
        0.5,
        2.25
      ],
      "scale": [
        0.4,
        0.4,
        0.4
      ]
    },
    "firstperson_righthand": {
      "rotation": [
        -6,
        130,
        6
      ],
      "translation": [
        3.5,
        5.75,
        0
      ],
      "scale": [
        0.5,
        0.5,
        0.5
      ]
    },
    "firstperson_lefthand": {
      "rotation": [
        -6,
        130,
        6
      ],
      "translation": [
        3.5,
        5.75,
        0
      ],
      "scale": [
        0.5,
        0.5,
        0.5
      ]
    },
    "ground": {
      "translation": [
        0,
        5,
        0
      ],
      "scale": [
        0.5,
        0.5,
        0.5
      ]
    },
    "gui": {
      "rotation": [
        0,
        180,
        0
      ],
      "translation": [
        0,
        8.75,
        0
      ],
      "scale": [
        1.5,
        1.5,
        1.5
      ]
    },
    "head": {
      "translation": [
        0,
        13,
        0
      ],
      "scale": [
        0.8,
        0.8,
        0.8
      ]
    },
    "fixed": {
      "rotation": [
        -90,
        0,
        0
      ],
      "translation": [
        0,
        0,
        -12
      ],
      "scale": [
        1.5,
        1.5,
        1.5
      ]
    }
  }
}