{
  "credit": "Made with Blockbench",
  "textures": {
    "0": "pelucias/secret_plushies/15th_anniversary/15th_anniversary/15th",
    "1": "pelucias/secret_plushies/15th_anniversary/15th_anniversary/15th",
    "2": "pelucias/secret_plushies/15th_anniversary/15th_anniversary/15th",
    "particle": "pelucias/secret_plushies/15th_anniversary/15th_anniversary/15th"
  },
  "elements": [
    {
      "name": "L leg 1",
      "from": [
        4.999,
        6,
        3
      ],
      "to": [
        6.999,
        8,
        6
      ],
      "rotation": {
        "angle": 0,
        "axis": "y",
        "origin": [
          6,
          7,
          6
        ]
      },
      "faces": {
        "north": {
          "uv": [
            3,
            12,
            4,
            13
          ],
          "texture": "#0"
        },
        "east": {
          "uv": [
            11,
            8,
            12.5,
            9
          ],
          "texture": "#0"
        },
        "south": {
          "uv": [
            9,
            12,
            10,
            13
          ],
          "texture": "#0"
        },
        "west": {
          "uv": [
            9,
            11,
            10.5,
            12
          ],
          "texture": "#0"
        },
        "up": {
          "uv": [
            12,
            10.5,
            11,
            9
          ],
          "texture": "#0"
        },
        "down": {
          "uv": [
            11.5,
            11,
            10.5,
            12.5
          ],
          "texture": "#0"
        }
      }
    },
    {
      "name": "R leg 1",
      "from": [
        9.001,
        6,
        3
      ],
      "to": [
        11.001,
        8,
        6
      ],
      "rotation": {
        "angle": 0,
        "axis": "y",
        "origin": [
          10,
          7,
          6
        ]
      },
      "faces": {
        "north": {
          "uv": [
            12,
            9,
            13,
            10
          ],
          "texture": "#0"
        },
        "east": {
          "uv": [
            4,
            11.5,
            5.5,
            12.5
          ],
          "texture": "#0"
        },
        "south": {
          "uv": [
            4,
            12.5,
            5,
            13.5
          ],
          "texture": "#0"
        },
        "west": {
          "uv": [
            5.5,
            11.5,
            7,
            12.5
          ],
          "texture": "#0"
        },
        "up": {
          "uv": [
            8,
            13,
            7,
            11.5
          ],
          "texture": "#0"
        },
        "down": {
          "uv": [
            9,
            11.5,
            8,
            13
          ],
          "texture": "#0"
        }
      }
    },
    {
      "name": "L leg 2",
      "from": [
        2,
        6.001,
        8
      ],
      "to": [
        5,
        8.001,
        10
      ],
      "rotation": {
        "angle": -45,
        "axis": "y",
        "origin": [
          5,
          7,
          10
        ]
      },
      "faces": {
        "north": {
          "uv": [
            11.5,
            10.5,
            13,
            11.5
          ],
          "texture": "#0"
        },
        "east": {
          "uv": [
            5,
            12.5,
            6,
            13.5
          ],
          "texture": "#0"
        },
        "south": {
          "uv": [
            11.5,
            11.5,
            13,
            12.5
          ],
          "texture": "#0"
        },
        "west": {
          "uv": [
            6,
            12.5,
            7,
            13.5
          ],
          "texture": "#0"
        },
        "up": {
          "uv": [
            1.5,
            13,
            0,
            12
          ],
          "texture": "#0"
        },
        "down": {
          "uv": [
            13.5,
            0,
            12,
            1
          ],
          "texture": "#0"
        }
      }
    },
    {
      "name": "R leg 2",
      "from": [
        11,
        6.001,
        8
      ],
      "to": [
        14,
        8.001,
        10
      ],
      "rotation": {
        "angle": 45,
        "axis": "y",
        "origin": [
          11,
          7,
          10
        ]
      },
      "faces": {
        "north": {
          "uv": [
            12,
            1,
            13.5,
            2
          ],
          "texture": "#0"
        },
        "east": {
          "uv": [
            12.5,
            8,
            13.5,
            9
          ],
          "texture": "#0"
        },
        "south": {
          "uv": [
            1.5,
            12,
            3,
            13
          ],
          "texture": "#0"
        },
        "west": {
          "uv": [
            10,
            12.5,
            11,
            13.5
          ],
          "texture": "#0"
        },
        "up": {
          "uv": [
            13.5,
            3,
            12,
            2
          ],
          "texture": "#0"
        },
        "down": {
          "uv": [
            13.5,
            3,
            12,
            4
          ],
          "texture": "#0"
        }
      }
    },
    {
      "name": "body",
      "from": [
        5,
        6.5,
        6
      ],
      "to": [
        11,
        13.5,
        10
      ],
      "rotation": {
        "angle": -22.5,
        "axis": "x",
        "origin": [
          8,
          6,
          7
        ]
      },
      "faces": {
        "north": {
          "uv": [
            4,
            8,
            7,
            11.5
          ],
          "texture": "#0"
        },
        "east": {
          "uv": [
            7,
            8,
            9,
            11.5
          ],
          "texture": "#0"
        },
        "south": {
          "uv": [
            8,
            4,
            11,
            7.5
          ],
          "texture": "#0"
        },
        "west": {
          "uv": [
            9,
            7.5,
            11,
            11
          ],
          "texture": "#0"
        },
        "up": {
          "uv": [
            14,
            6,
            11,
            4
          ],
          "texture": "#0"
        },
        "down": {
          "uv": [
            14,
            6,
            11,
            8
          ],
          "texture": "#0"
        }
      }
    },
    {
      "name": "head",
      "from": [
        4,
        12.5,
        1.5
      ],
      "to": [
        12,
        20.5,
        9.5
      ],
      "rotation": {
        "angle": 0,
        "axis": "y",
        "origin": [
          8,
          16,
          8
        ]
      },
      "faces": {
        "north": {
          "uv": [
            0,
            0,
            4,
            4
          ],
          "texture": "#0"
        },
        "east": {
          "uv": [
            0,
            4,
            4,
            8
          ],
          "texture": "#0"
        },
        "south": {
          "uv": [
            4,
            0,
            8,
            4
          ],
          "texture": "#0"
        },
        "west": {
          "uv": [
            4,
            4,
            8,
            8
          ],
          "texture": "#0"
        },
        "up": {
          "uv": [
            4,
            12,
            0,
            8
          ],
          "texture": "#0"
        },
        "down": {
          "uv": [
            12,
            0,
            8,
            4
          ],
          "texture": "#0"
        }
      }
    },
    {
      "from": [
        5,
        16.5,
        1
      ],
      "to": [
        7,
        18.5,
        3
      ],
      "faces": {
        "north": {
          "uv": [
            0,
            0,
            2,
            2
          ],
          "texture": "#1"
        },
        "east": {
          "uv": [
            0,
            2,
            2,
            4
          ],
          "texture": "#1"
        },
        "south": {
          "uv": [
            2,
            0,
            4,
            2
          ],
          "texture": "#1"
        },
        "west": {
          "uv": [
            2,
            2,
            4,
            4
          ],
          "texture": "#1"
        },
        "up": {
          "uv": [
            2,
            6,
            0,
            4
          ],
          "texture": "#1"
        },
        "down": {
          "uv": [
            6,
            0,
            4,
            2
          ],
          "texture": "#1"
        }
      }
    },
    {
      "from": [
        9,
        16.5,
        1
      ],
      "to": [
        11,
        18.5,
        3
      ],
      "faces": {
        "north": {
          "uv": [
            2,
            4,
            4,
            6
          ],
          "texture": "#1"
        },
        "east": {
          "uv": [
            4,
            2,
            6,
            4
          ],
          "texture": "#1"
        },
        "south": {
          "uv": [
            4,
            4,
            6,
            6
          ],
          "texture": "#1"
        },
        "west": {
          "uv": [
            0,
            6,
            2,
            8
          ],
          "texture": "#1"
        },
        "up": {
          "uv": [
            8,
            2,
            6,
            0
          ],
          "texture": "#1"
        },
        "down": {
          "uv": [
            4,
            6,
            2,
            8
          ],
          "texture": "#1"
        }
      }
    },
    {
      "from": [
        4,
        19,
        3
      ],
      "to": [
        7,
        22,
        6
      ],
      "rotation": {
        "angle": 22.5,
        "axis": "z",
        "origin": [
          6,
          21,
          8
        ]
      },
      "faces": {
        "north": {
          "uv": [
            0,
            0,
            3,
            3
          ],
          "texture": "#2"
        },
        "east": {
          "uv": [
            0,
            3,
            3,
            6
          ],
          "texture": "#2"
        },
        "south": {
          "uv": [
            3,
            0,
            6,
            3
          ],
          "texture": "#2"
        },
        "west": {
          "uv": [
            3,
            3,
            6,
            6
          ],
          "texture": "#2"
        },
        "up": {
          "uv": [
            3,
            9,
            0,
            6
          ],
          "texture": "#2"
        },
        "down": {
          "uv": [
            9,
            0,
            6,
            3
          ],
          "texture": "#2"
        }
      }
    },
    {
      "from": [
        4.5,
        22,
        3.5
      ],
      "to": [
        6.5,
        24,
        5.5
      ],
      "rotation": {
        "angle": 22.5,
        "axis": "z",
        "origin": [
          6,
          21,
          8
        ]
      },
      "faces": {
        "north": {
          "uv": [
            3,
            6,
            5,
            8
          ],
          "texture": "#2"
        },
        "east": {
          "uv": [
            6,
            3,
            8,
            5
          ],
          "texture": "#2"
        },
        "south": {
          "uv": [
            5,
            6,
            7,
            8
          ],
          "texture": "#2"
        },
        "west": {
          "uv": [
            7,
            5,
            9,
            7
          ],
          "texture": "#2"
        },
        "up": {
          "uv": [
            9,
            9,
            7,
            7
          ],
          "texture": "#2"
        },
        "down": {
          "uv": [
            5,
            8,
            3,
            10
          ],
          "texture": "#2"
        }
      }
    },
    {
      "from": [
        5,
        24,
        4
      ],
      "to": [
        6,
        25,
        5
      ],
      "rotation": {
        "angle": 22.5,
        "axis": "z",
        "origin": [
          6,
          21,
          8
        ]
      },
      "faces": {
        "north": {
          "uv": [
            6,
            5,
            7,
            6
          ],
          "texture": "#2"
        },
        "east": {
          "uv": [
            8,
            3,
            9,
            4
          ],
          "texture": "#2"
        },
        "south": {
          "uv": [
            8,
            4,
            9,
            5
          ],
          "texture": "#2"
        },
        "west": {
          "uv": [
            5,
            8,
            6,
            9
          ],
          "texture": "#2"
        },
        "up": {
          "uv": [
            7,
            9,
            6,
            8
          ],
          "texture": "#2"
        },
        "down": {
          "uv": [
            1,
            9,
            0,
            10
          ],
          "texture": "#2"
        }
      }
    }
  ],
  "gui_light": "front",
  "display": {
    "thirdperson_righthand": {
      "rotation": [
        45,
        0,
        0
      ],
      "translation": [
        0,
        -1.25,
        -1.25
      ],
      "scale": [
        0.51,
        0.51,
        0.51
      ]
    },
    "thirdperson_lefthand": {
      "rotation": [
        45,
        0,
        0
      ],
      "translation": [
        0,
        -1.25,
        -1.25
      ],
      "scale": [
        0.51,
        0.51,
        0.51
      ]
    },
    "firstperson_righthand": {
      "rotation": [
        -6,
        130,
        6
      ],
      "translation": [
        3,
        1.25,
        0
      ],
      "scale": [
        0.5,
        0.5,
        0.5
      ]
    },
    "firstperson_lefthand": {
      "rotation": [
        -6,
        130,
        6
      ],
      "translation": [
        3,
        1.25,
        0
      ],
      "scale": [
        0.5,
        0.5,
        0.5
      ]
    },
    "ground": {
      "scale": [
        0.6,
        0.6,
        0.6
      ]
    },
    "gui": {
      "rotation": [
        0,
        180,
        0
      ],
      "translation": [
        0,
        -6,
        0
      ],
      "scale": [
        0.9,
        0.9,
        0.9
      ]
    },
    "head": {
      "translation": [
        0,
        9,
        0
      ]
    },
    "fixed": {
      "rotation": [
        -90,
        0,
        0
      ],
      "translation": [
        0,
        0,
        -4
      ],
      "scale": [
        2,
        2,
        2
      ]
    }
  },
  "groups": [
    {
      "name": "body",
      "origin": [
        8,
        16,
        8
      ],
      "color": 0,
      "children": [
        0,
        1,
        2,
        3,
        4,
        5
      ]
    },
    {
      "name": "eyes",
      "origin": [
        8,
        8,
        8
      ],
      "color": 0,
      "children": [
        6,
        7
      ]
    },
    {
      "name": "cap",
      "origin": [
        0,
        0,
        0
      ],
      "color": 0,
      "children": [
        8,
        9,
        10
      ]
    }
  ]
}