{
	"format_version": "1.21.6",
	"credit": "Made with Blockbench",
	"texture_size": [32, 32],
	"textures": {
		"0": "minecraft:demon_slayer/katana/sanemi",
		"particle": "minecraft:demon_slayer/katana/sanemi"
	},
	"elements": [
		{
			"from": [6.75, 2, 7.89645],
			"to": [8.75, 29, 8.09645],
			"rotation": {"angle": 0, "axis": "y", "origin": [0.75, 0, -0.50355]},
			"faces": {
				"north": {"uv": [0, 1.5, 1, 15], "texture": "#0"},
				"east": {"uv": [0, 1.5, 0.5, 15], "texture": "#0"},
				"south": {"uv": [1, 1.5, 2, 15], "texture": "#0"},
				"west": {"uv": [0.5, 1.5, 1, 15], "texture": "#0"},
				"up": {"uv": [1, 1.5, 0, 2], "texture": "#0"},
				"down": {"uv": [1, 0, 0, 0], "texture": "#0"}
			}
		},
		{
			"from": [7.75, 29, 7.89645],
			"to": [8.75, 28, 8.09645],
			"rotation": {"angle": 0, "axis": "y", "origin": [0.75, 0, -0.50355]},
			"faces": {
				"north": {"uv": [0, 0, 0.5, 0.5], "texture": "#0"},
				"east": {"uv": [0, 0, 0.1, 0.5], "texture": "#0"},
				"south": {"uv": [0, 0, 0.5, 0.5], "texture": "#0"},
				"west": {"uv": [0, 2, 0.45, 2.5], "texture": "#0"},
				"up": {"uv": [0, 2, 0.5, 2.6], "texture": "#0"},
				"down": {"uv": [0, 0, 0.5, 0.6], "texture": "#0"}
			}
		},
		{
			"from": [5.75, 1, 5.99645],
			"to": [9.75, 2, 9.99645],
			"rotation": {"angle": 0, "axis": "y", "origin": [7.25, 1, 7.49645]},
			"faces": {
				"north": {"uv": [2.5, 4, 4.5, 4.5], "texture": "#0"},
				"east": {"uv": [2.5, 4, 4.5, 4.5], "texture": "#0"},
				"south": {"uv": [2.5, 4, 4.5, 4.5], "texture": "#0"},
				"west": {"uv": [2.5, 4, 4.5, 4.5], "texture": "#0"},
				"up": {"uv": [5.5, 2, 8.5, 5], "texture": "#0"},
				"down": {"uv": [5.5, 2, 8.5, 5], "texture": "#0"}
			}
		},
		{
			"from": [6.75, 0.975, 7.5],
			"to": [8.75, 2.025, 8.5],
			"rotation": {"angle": 0, "axis": "y", "origin": [7.15, 1, 7.49645]},
			"faces": {
				"north": {"uv": [0, 0, 1, 1], "texture": "#0"},
				"east": {"uv": [0, 0, 1, 1], "texture": "#0"},
				"south": {"uv": [0, 0, 1, 1], "texture": "#0"},
				"west": {"uv": [0, 0, 1, 1], "texture": "#0"},
				"up": {"uv": [4, 1, 3, 1.5], "texture": "#0"},
				"down": {"uv": [4, 1, 3, 1.5], "texture": "#0"}
			}
		},
		{
			"from": [5.75, 0.99, 5.99645],
			"to": [9.75, 2.01, 9.99645],
			"rotation": {"angle": 0, "axis": "y", "origin": [7.25, 1, 7.49645]},
			"faces": {
				"north": {"uv": [0, 0, 1, 1], "texture": "#0"},
				"east": {"uv": [0, 0, 1, 1], "texture": "#0"},
				"south": {"uv": [0, 0, 1, 1], "texture": "#0"},
				"west": {"uv": [0, 0, 1, 1], "texture": "#0"},
				"up": {"uv": [2.5, 6, 4.5, 8], "texture": "#0"},
				"down": {"uv": [2.5, 6, 4.5, 8], "texture": "#0"}
			}
		},
		{
			"from": [6.25, 1, 5.79645],
			"to": [10.25, 2, 9.79645],
			"rotation": {"angle": -45, "axis": "y", "origin": [7.75, 1, 7.29645]},
			"faces": {
				"north": {"uv": [2.5, 2.5, 4.5, 3], "texture": "#0"},
				"east": {"uv": [2.5, 2.5, 4.5, 3], "texture": "#0"},
				"south": {"uv": [2.5, 2.5, 4.5, 3], "texture": "#0"},
				"west": {"uv": [2.5, 2.5, 4.5, 3], "texture": "#0"},
				"up": {"uv": [2.5, 6, 3, 6.5], "texture": "#0"},
				"down": {"uv": [2.5, 6, 3, 6.5], "texture": "#0"}
			}
		},
		{
			"from": [6.75, -5.95, 7.65],
			"to": [8.75, 1.05, 8.35],
			"rotation": {"angle": 0, "axis": "y", "origin": [0.75, 0.15, -0.5]},
			"faces": {
				"north": {"uv": [2.5, 12, 3.5, 15.5], "texture": "#0"},
				"east": {"uv": [2, 12, 2.5, 15.5], "texture": "#0"},
				"south": {"uv": [3.5, 12, 2.5, 15.5], "texture": "#0"},
				"west": {"uv": [3.5, 12, 4, 15.5], "texture": "#0"},
				"up": {"uv": [6, 0.5, 5.5, 0], "texture": "#0"},
				"down": {"uv": [0.5, 0, 0, 0.5], "texture": "#0"}
			}
		},
		{
			"from": [7.25, -3.74289, 7.625],
			"to": [8.25, -2.74289, 8.375],
			"rotation": {"angle": 45, "axis": "z", "origin": [7.75, -3.24289, 8]},
			"faces": {
				"north": {"uv": [15, 2, 16, 1], "texture": "#0"},
				"east": {"uv": [0, 0, 1, 1], "texture": "#0"},
				"south": {"uv": [16, 2, 15, 1], "texture": "#0"},
				"west": {"uv": [0, 0, 1, 1], "texture": "#0"},
				"up": {"uv": [0.5, 0.5, 0, 0], "texture": "#0"},
				"down": {"uv": [0.5, 0, 0, 0.5], "texture": "#0"}
			}
		},
		{
			"from": [7.25, -2.14289, 7.625],
			"to": [8.25, -1.14289, 8.375],
			"rotation": {"angle": 45, "axis": "z", "origin": [7.75, -1.64289, 8]},
			"faces": {
				"north": {"uv": [15, 2, 16, 1], "texture": "#0"},
				"east": {"uv": [0, 0, 1, 1], "texture": "#0"},
				"south": {"uv": [16, 2, 15, 1], "texture": "#0"},
				"west": {"uv": [0, 0, 1, 1], "texture": "#0"},
				"up": {"uv": [0.5, 0.5, 0, 0], "texture": "#0"},
				"down": {"uv": [0.5, 0, 0, 0.5], "texture": "#0"}
			}
		},
		{
			"from": [6.7, -6.45, 7.6],
			"to": [8.8, -5.95, 8.4],
			"rotation": {"angle": 0, "axis": "y", "origin": [0.75, 0.05, -0.5]},
			"faces": {
				"north": {"uv": [15, 0, 16, 0.5], "texture": "#0"},
				"east": {"uv": [15, 0, 15.5, 0.5], "texture": "#0"},
				"south": {"uv": [16, 0, 15, 0.5], "texture": "#0"},
				"west": {"uv": [15.5, 0, 16, 0.5], "texture": "#0"},
				"up": {"uv": [16, 0, 15, 0.5], "texture": "#0"},
				"down": {"uv": [16, 0, 15, 0.5], "texture": "#0"}
			}
		}
	],
	"display": {
		"thirdperson_righthand": {
			"rotation": [90, 90, -90],
			"translation": [0, 7.75, 2]
		},
		"thirdperson_lefthand": {
			"rotation": [160, 90, 15],
			"translation": [0, -12, 2.25]
		},
		"firstperson_righthand": {
			"rotation": [0, 79.5, 0],
			"translation": [8, 0, -8]
		},
		"firstperson_lefthand": {
			"rotation": [-17.57, 74.6, -165.66],
			"translation": [9.5, -7.5, -8]
		},
		"ground": {
			"translation": [-0.5, 11.25, -0.25]
		},
		"gui": {
			"rotation": [-142.92, -40.98, -117.18],
			"translation": [-0.5, -0.5, 0],
			"scale": [0.5, 0.5, 0.5]
		},
		"head": {
			"scale": [0, 0, 0]
		},
		"fixed": {
			"translation": [2.25, -7.5, -2.25],
			"scale": [2, 2, 2]
		}
	}
}