{
  "credit": "Made with Blockbench",
  "texture_size": [
    64,
    64
  ],
  "textures": {
    "2": "pelucias/secret_plushies/jack-o-skeleton/jack-o-skeleton/skeleton",
    "3": "pelucias/secret_plushies/jack-o-skeleton/jack-o-skeleton/skeleton",
    "particle": "pelucias/secret_plushies/jack-o-skeleton/jack-o-skeleton/skeleton"
  },
  "elements": [
    {
      "name": "head",
      "from": [
        4,
        13,
        4
      ],
      "to": [
        12,
        21,
        12
      ],
      "rotation": {
        "angle": 0,
        "axis": "y",
        "origin": [
          8,
          15,
          8
        ]
      },
      "faces": {
        "north": {
          "uv": [
            0.016,
            0.016,
            1.984,
            1.984
          ],
          "texture": "#2"
        },
        "east": {
          "uv": [
            0.016,
            2.016,
            1.984,
            3.984
          ],
          "texture": "#2"
        },
        "south": {
          "uv": [
            2.016,
            0.016,
            3.984,
            1.984
          ],
          "texture": "#2"
        },
        "west": {
          "uv": [
            2.016,
            2.016,
            3.984,
            3.984
          ],
          "texture": "#2"
        },
        "up": {
          "uv": [
            1.984,
            5.984,
            0.016,
            4.016
          ],
          "texture": "#2"
        },
        "down": {
          "uv": [
            5.984,
            0.016,
            4.016,
            1.984
          ],
          "texture": "#2"
        }
      }
    },
    {
      "name": "body",
      "from": [
        5.5,
        6.5,
        6.5
      ],
      "to": [
        10.5,
        13.5,
        9.5
      ],
      "rotation": {
        "angle": 0,
        "axis": "y",
        "origin": [
          8,
          14,
          8
        ]
      },
      "faces": {
        "north": {
          "uv": [
            2.016,
            4.016,
            3.5,
            5.75
          ],
          "texture": "#2"
        },
        "east": {
          "uv": [
            3.5,
            4.016,
            4.5,
            5.75
          ],
          "texture": "#2"
        },
        "south": {
          "uv": [
            4.016,
            2.016,
            5.5,
            3.75
          ],
          "texture": "#2"
        },
        "west": {
          "uv": [
            4.5,
            3.75,
            5.5,
            5.5
          ],
          "texture": "#2"
        },
        "up": {
          "uv": [
            6.984,
            2.984,
            5.5,
            2.016
          ],
          "texture": "#2"
        },
        "down": {
          "uv": [
            6.984,
            3.016,
            5.5,
            3.984
          ],
          "texture": "#2"
        }
      }
    },
    {
      "name": "R arm",
      "from": [
        10,
        9,
        7
      ],
      "to": [
        14,
        11,
        9
      ],
      "rotation": {
        "angle": -45,
        "axis": "z",
        "origin": [
          13,
          11,
          8
        ]
      },
      "faces": {
        "north": {
          "uv": [
            0.016,
            6.5,
            0.984,
            6.984
          ],
          "texture": "#2"
        },
        "east": {
          "uv": [
            3.5,
            7.5,
            3.984,
            7.984
          ],
          "texture": "#2"
        },
        "south": {
          "uv": [
            4.5,
            6.5,
            5.5,
            6.984
          ],
          "texture": "#2"
        },
        "west": {
          "uv": [
            7.5,
            3.75,
            7.984,
            4.25
          ],
          "texture": "#2"
        },
        "up": {
          "uv": [
            7.5,
            5.984,
            6.5,
            5.5
          ],
          "texture": "#2"
        },
        "down": {
          "uv": [
            7.5,
            6.016,
            6.5,
            6.5
          ],
          "texture": "#2"
        }
      }
    },
    {
      "name": "L arm",
      "from": [
        3,
        10,
        7
      ],
      "to": [
        5,
        14,
        9
      ],
      "rotation": {
        "angle": -45,
        "axis": "z",
        "origin": [
          3,
          11,
          8
        ]
      },
      "faces": {
        "north": {
          "uv": [
            3.016,
            6.25,
            3.5,
            7.25
          ],
          "texture": "#2"
        },
        "east": {
          "uv": [
            1.016,
            6.5,
            1.5,
            7.5
          ],
          "texture": "#2"
        },
        "south": {
          "uv": [
            5.5,
            6.5,
            5.984,
            7.5
          ],
          "texture": "#2"
        },
        "west": {
          "uv": [
            6.5,
            6.5,
            6.984,
            7.5
          ],
          "texture": "#2"
        },
        "up": {
          "uv": [
            7.984,
            4.75,
            7.5,
            4.25
          ],
          "texture": "#2"
        },
        "down": {
          "uv": [
            5.25,
            7.5,
            4.75,
            7.984
          ],
          "texture": "#2"
        }
      }
    },
    {
      "name": "R leg",
      "from": [
        9.5,
        6.001,
        4
      ],
      "to": [
        11.5,
        8.001,
        7
      ],
      "rotation": {
        "angle": -22.5,
        "axis": "y",
        "origin": [
          10,
          7,
          5
        ]
      },
      "faces": {
        "north": {
          "uv": [
            7.5,
            4.75,
            7.984,
            5.25
          ],
          "texture": "#2"
        },
        "east": {
          "uv": [
            2.016,
            6.75,
            2.75,
            7.25
          ],
          "texture": "#2"
        },
        "south": {
          "uv": [
            5.25,
            7.5,
            5.75,
            7.984
          ],
          "texture": "#2"
        },
        "west": {
          "uv": [
            0.016,
            7.016,
            0.75,
            7.5
          ],
          "texture": "#2"
        },
        "up": {
          "uv": [
            6.5,
            7.5,
            6.016,
            6.75
          ],
          "texture": "#2"
        },
        "down": {
          "uv": [
            7.5,
            2.5,
            7.016,
            3.25
          ],
          "texture": "#2"
        }
      }
    },
    {
      "name": "L leg",
      "from": [
        4.5,
        6.001,
        4
      ],
      "to": [
        6.5,
        8.001,
        7
      ],
      "rotation": {
        "angle": 22.5,
        "axis": "y",
        "origin": [
          6,
          7,
          5
        ]
      },
      "faces": {
        "north": {
          "uv": [
            7.5,
            5.25,
            7.984,
            5.75
          ],
          "texture": "#2"
        },
        "east": {
          "uv": [
            7.016,
            3.25,
            7.75,
            3.75
          ],
          "texture": "#2"
        },
        "south": {
          "uv": [
            5.75,
            7.5,
            6.25,
            7.984
          ],
          "texture": "#2"
        },
        "west": {
          "uv": [
            3.5,
            7.016,
            4.25,
            7.5
          ],
          "texture": "#2"
        },
        "up": {
          "uv": [
            7.5,
            4.5,
            7.016,
            3.75
          ],
          "texture": "#2"
        },
        "down": {
          "uv": [
            4.75,
            7.016,
            4.25,
            7.75
          ],
          "texture": "#2"
        }
      }
    },
    {
      "name": "body1",
      "from": [
        5,
        6,
        6
      ],
      "to": [
        11,
        8,
        10
      ],
      "rotation": {
        "angle": 0,
        "axis": "y",
        "origin": [
          8,
          7,
          8
        ]
      },
      "faces": {
        "north": {
          "uv": [
            5.5,
            5.016,
            6.984,
            5.5
          ],
          "texture": "#2"
        },
        "east": {
          "uv": [
            6.016,
            1.5,
            6.984,
            1.984
          ],
          "texture": "#2"
        },
        "south": {
          "uv": [
            2.016,
            5.75,
            3.5,
            6.25
          ],
          "texture": "#2"
        },
        "west": {
          "uv": [
            2.016,
            6.25,
            2.984,
            6.75
          ],
          "texture": "#2"
        },
        "up": {
          "uv": [
            6.984,
            4.984,
            5.5,
            4.016
          ],
          "texture": "#2"
        },
        "down": {
          "uv": [
            5.984,
            5.5,
            4.5,
            6.5
          ],
          "texture": "#2"
        }
      }
    },
    {
      "from": [
        7,
        8,
        8
      ],
      "to": [
        9,
        13.001,
        10
      ],
      "rotation": {
        "angle": 0,
        "axis": "y",
        "origin": [
          8,
          10,
          10
        ]
      },
      "faces": {
        "north": {
          "uv": [
            3.5,
            5.75,
            3.984,
            6.984
          ],
          "texture": "#2"
        },
        "east": {
          "uv": [
            4.016,
            5.75,
            4.5,
            6.984
          ],
          "texture": "#2"
        },
        "south": {
          "uv": [
            1.5,
            6.016,
            1.984,
            7.25
          ],
          "texture": "#2"
        },
        "west": {
          "uv": [
            6.016,
            5.5,
            6.5,
            6.75
          ],
          "texture": "#2"
        },
        "up": {
          "uv": [
            7.5,
            4.984,
            7.016,
            4.5
          ],
          "texture": "#2"
        },
        "down": {
          "uv": [
            5.25,
            7.016,
            4.75,
            7.5
          ],
          "texture": "#2"
        }
      }
    },
    {
      "from": [
        5,
        12,
        8.001
      ],
      "to": [
        11,
        13,
        10.001
      ],
      "rotation": {
        "angle": 0,
        "axis": "y",
        "origin": [
          8,
          12,
          9
        ]
      },
      "faces": {
        "north": {
          "uv": [
            7.016,
            1.5,
            8.5,
            1.75
          ],
          "texture": "#2"
        },
        "east": {
          "uv": [
            4.016,
            3.75,
            4.5,
            3.984
          ],
          "texture": "#2"
        },
        "south": {
          "uv": [
            7.016,
            1.75,
            8.5,
            1.984
          ],
          "texture": "#2"
        },
        "west": {
          "uv": [
            7.5,
            3.016,
            7.984,
            3.25
          ],
          "texture": "#2"
        },
        "up": {
          "uv": [
            1.5,
            6.5,
            0.016,
            6.016
          ],
          "texture": "#2"
        },
        "down": {
          "uv": [
            7.5,
            0.016,
            6.016,
            0.5
          ],
          "texture": "#2"
        }
      }
    },
    {
      "from": [
        5,
        10,
        8.001
      ],
      "to": [
        11,
        11,
        10.001
      ],
      "rotation": {
        "angle": 0,
        "axis": "y",
        "origin": [
          8,
          10,
          9
        ]
      },
      "faces": {
        "north": {
          "uv": [
            7.016,
            2.016,
            8.5,
            2.25
          ],
          "texture": "#2"
        },
        "east": {
          "uv": [
            7.5,
            5.75,
            7.984,
            5.984
          ],
          "texture": "#2"
        },
        "south": {
          "uv": [
            7.016,
            2.25,
            8.5,
            2.5
          ],
          "texture": "#2"
        },
        "west": {
          "uv": [
            7.5,
            6.016,
            7.984,
            6.25
          ],
          "texture": "#2"
        },
        "up": {
          "uv": [
            7.5,
            0.984,
            6.016,
            0.5
          ],
          "texture": "#2"
        },
        "down": {
          "uv": [
            7.5,
            1.016,
            6.016,
            1.5
          ],
          "texture": "#2"
        }
      }
    },
    {
      "from": [
        9,
        12,
        6
      ],
      "to": [
        11,
        13,
        8
      ],
      "rotation": {
        "angle": 0,
        "axis": "y",
        "origin": [
          10,
          12,
          7
        ]
      },
      "faces": {
        "north": {
          "uv": [
            6.25,
            7.5,
            6.75,
            7.75
          ],
          "texture": "#2"
        },
        "east": {
          "uv": [
            7.5,
            6.25,
            7.984,
            6.5
          ],
          "texture": "#2"
        },
        "south": {
          "uv": [
            7.5,
            6.5,
            7.984,
            6.75
          ],
          "texture": "#2"
        },
        "west": {
          "uv": [
            6.75,
            7.5,
            7.25,
            7.75
          ],
          "texture": "#2"
        },
        "up": {
          "uv": [
            7.5,
            5.5,
            7.016,
            5.016
          ],
          "texture": "#2"
        },
        "down": {
          "uv": [
            7.5,
            6.5,
            7.016,
            6.984
          ],
          "texture": "#2"
        }
      }
    },
    {
      "from": [
        9,
        10,
        6
      ],
      "to": [
        11,
        11,
        8
      ],
      "rotation": {
        "angle": 0,
        "axis": "y",
        "origin": [
          10,
          10,
          7
        ]
      },
      "faces": {
        "north": {
          "uv": [
            7.5,
            6.75,
            7.984,
            6.984
          ],
          "texture": "#2"
        },
        "east": {
          "uv": [
            7.5,
            7.016,
            7.984,
            7.25
          ],
          "texture": "#2"
        },
        "south": {
          "uv": [
            7.25,
            7.5,
            7.75,
            7.75
          ],
          "texture": "#2"
        },
        "west": {
          "uv": [
            7.5,
            7.25,
            7.984,
            7.5
          ],
          "texture": "#2"
        },
        "up": {
          "uv": [
            7.5,
            7.5,
            7.016,
            7.016
          ],
          "texture": "#2"
        },
        "down": {
          "uv": [
            1.984,
            7.25,
            1.5,
            7.75
          ],
          "texture": "#2"
        }
      }
    },
    {
      "from": [
        5,
        12,
        6
      ],
      "to": [
        7,
        13,
        8
      ],
      "rotation": {
        "angle": 0,
        "axis": "y",
        "origin": [
          6,
          12,
          7
        ]
      },
      "faces": {
        "north": {
          "uv": [
            1.5,
            7.75,
            1.984,
            7.984
          ],
          "texture": "#2"
        },
        "east": {
          "uv": [
            2.016,
            7.75,
            2.5,
            7.984
          ],
          "texture": "#2"
        },
        "south": {
          "uv": [
            2.5,
            7.75,
            2.984,
            7.984
          ],
          "texture": "#2"
        },
        "west": {
          "uv": [
            3.016,
            7.75,
            3.5,
            7.984
          ],
          "texture": "#2"
        },
        "up": {
          "uv": [
            2.5,
            7.75,
            2.016,
            7.25
          ],
          "texture": "#2"
        },
        "down": {
          "uv": [
            2.984,
            7.25,
            2.5,
            7.75
          ],
          "texture": "#2"
        }
      }
    },
    {
      "from": [
        5,
        10,
        6
      ],
      "to": [
        7,
        11,
        8
      ],
      "rotation": {
        "angle": 0,
        "axis": "y",
        "origin": [
          6,
          10,
          7
        ]
      },
      "faces": {
        "north": {
          "uv": [
            7.75,
            3.25,
            8.25,
            3.5
          ],
          "texture": "#2"
        },
        "east": {
          "uv": [
            7.75,
            3.5,
            8.25,
            3.75
          ],
          "texture": "#2"
        },
        "south": {
          "uv": [
            4.016,
            7.75,
            4.5,
            7.984
          ],
          "texture": "#2"
        },
        "west": {
          "uv": [
            6.25,
            7.75,
            6.75,
            7.984
          ],
          "texture": "#2"
        },
        "up": {
          "uv": [
            3.5,
            7.75,
            3.016,
            7.25
          ],
          "texture": "#2"
        },
        "down": {
          "uv": [
            0.5,
            7.5,
            0.016,
            7.984
          ],
          "texture": "#2"
        }
      }
    },
    {
      "from": [
        7,
        11,
        6
      ],
      "to": [
        9,
        12,
        8
      ],
      "rotation": {
        "angle": 0,
        "axis": "y",
        "origin": [
          8,
          11,
          7
        ]
      },
      "faces": {
        "north": {
          "uv": [
            6.75,
            7.75,
            7.25,
            7.984
          ],
          "texture": "#2"
        },
        "east": {
          "uv": [
            7.25,
            7.75,
            7.75,
            7.984
          ],
          "texture": "#2"
        },
        "south": {
          "uv": [
            7.75,
            7.5,
            8.25,
            7.75
          ],
          "texture": "#2"
        },
        "west": {
          "uv": [
            7.75,
            7.75,
            8.25,
            7.984
          ],
          "texture": "#2"
        },
        "up": {
          "uv": [
            7.984,
            0.5,
            7.5,
            0.016
          ],
          "texture": "#2"
        },
        "down": {
          "uv": [
            0.984,
            7.5,
            0.5,
            7.984
          ],
          "texture": "#2"
        }
      }
    },
    {
      "from": [
        8,
        9,
        6
      ],
      "to": [
        10,
        10,
        8
      ],
      "rotation": {
        "angle": 0,
        "axis": "y",
        "origin": [
          9,
          9,
          7
        ]
      },
      "faces": {
        "north": {
          "uv": [
            0.016,
            8.016,
            0.5,
            8.25
          ],
          "texture": "#2"
        },
        "east": {
          "uv": [
            8.016,
            0.016,
            8.5,
            0.25
          ],
          "texture": "#2"
        },
        "south": {
          "uv": [
            8.016,
            0.25,
            8.5,
            0.5
          ],
          "texture": "#2"
        },
        "west": {
          "uv": [
            0.5,
            8.016,
            0.984,
            8.25
          ],
          "texture": "#2"
        },
        "up": {
          "uv": [
            7.984,
            0.984,
            7.5,
            0.5
          ],
          "texture": "#2"
        },
        "down": {
          "uv": [
            1.5,
            7.5,
            1.016,
            7.984
          ],
          "texture": "#2"
        }
      }
    },
    {
      "from": [
        6,
        9,
        6
      ],
      "to": [
        8,
        10,
        8
      ],
      "rotation": {
        "angle": 0,
        "axis": "y",
        "origin": [
          7,
          9,
          7
        ]
      },
      "faces": {
        "north": {
          "uv": [
            8.016,
            0.5,
            8.5,
            0.75
          ],
          "texture": "#2"
        },
        "east": {
          "uv": [
            8.016,
            0.75,
            8.5,
            0.984
          ],
          "texture": "#2"
        },
        "south": {
          "uv": [
            1.016,
            8.016,
            1.5,
            8.25
          ],
          "texture": "#2"
        },
        "west": {
          "uv": [
            8.016,
            1.016,
            8.5,
            1.25
          ],
          "texture": "#2"
        },
        "up": {
          "uv": [
            7.984,
            1.5,
            7.5,
            1.016
          ],
          "texture": "#2"
        },
        "down": {
          "uv": [
            7.984,
            2.5,
            7.5,
            2.984
          ],
          "texture": "#2"
        }
      }
    },
    {
      "from": [
        9,
        7,
        6
      ],
      "to": [
        9,
        8,
        7
      ],
      "rotation": {
        "angle": 0,
        "axis": "y",
        "origin": [
          9,
          7,
          6
        ]
      },
      "faces": {
        "north": {
          "uv": [
            0.016,
            0.016,
            0.016,
            0.25
          ],
          "texture": "#2"
        },
        "east": {
          "uv": [
            6.5,
            3.016,
            6.75,
            3.25
          ],
          "texture": "#2"
        },
        "south": {
          "uv": [
            0.016,
            0.016,
            0.016,
            0.25
          ],
          "texture": "#2"
        },
        "west": {
          "uv": [
            5.75,
            3.5,
            5.984,
            3.75
          ],
          "texture": "#2"
        },
        "up": {
          "uv": [
            0.016,
            0.016,
            0.016,
            0.25
          ],
          "texture": "#2"
        },
        "down": {
          "uv": [
            0.016,
            0.016,
            0.016,
            0.25
          ],
          "texture": "#2"
        }
      }
    },
    {
      "from": [
        7,
        7,
        6
      ],
      "to": [
        7,
        8,
        7
      ],
      "rotation": {
        "angle": 0,
        "axis": "y",
        "origin": [
          7,
          7,
          6
        ]
      },
      "faces": {
        "north": {
          "uv": [
            0.016,
            0.016,
            0.016,
            0.25
          ],
          "texture": "#2"
        },
        "east": {
          "uv": [
            5.75,
            3.5,
            5.984,
            3.75
          ],
          "texture": "#2"
        },
        "south": {
          "uv": [
            0.016,
            0.016,
            0.016,
            0.25
          ],
          "texture": "#2"
        },
        "west": {
          "uv": [
            6.5,
            3.5,
            6.75,
            3.75
          ],
          "texture": "#2"
        },
        "up": {
          "uv": [
            0.016,
            0.016,
            0.016,
            0.25
          ],
          "texture": "#2"
        },
        "down": {
          "uv": [
            0.016,
            0.016,
            0.016,
            0.25
          ],
          "texture": "#2"
        }
      }
    },
    {
      "from": [
        7,
        7,
        6
      ],
      "to": [
        9,
        7,
        7
      ],
      "rotation": {
        "angle": 0,
        "axis": "y",
        "origin": [
          8,
          6,
          6
        ]
      },
      "faces": {
        "north": {
          "uv": [
            0.016,
            0.016,
            0.5,
            0.016
          ],
          "texture": "#2"
        },
        "east": {
          "uv": [
            0.016,
            0.016,
            0.25,
            0.016
          ],
          "texture": "#2"
        },
        "south": {
          "uv": [
            0.016,
            0.016,
            0.5,
            0.016
          ],
          "texture": "#2"
        },
        "west": {
          "uv": [
            0.016,
            0.016,
            0.25,
            0.016
          ],
          "texture": "#2"
        },
        "up": {
          "uv": [
            5.5,
            2.016,
            5.984,
            2.25
          ],
          "texture": "#2"
        },
        "down": {
          "uv": [
            6.5,
            3.016,
            6.984,
            3.25
          ],
          "texture": "#2"
        }
      }
    },
    {
      "name": "pumpkin",
      "from": [
        3.5,
        12.5,
        3.5
      ],
      "to": [
        12.5,
        21.5,
        12.5
      ],
      "rotation": {
        "angle": 0,
        "axis": "y",
        "origin": [
          8,
          17,
          8
        ]
      },
      "faces": {
        "north": {
          "uv": [
            0,
            0,
            4,
            4
          ],
          "texture": "#3"
        },
        "east": {
          "uv": [
            0,
            4,
            4,
            8
          ],
          "texture": "#3"
        },
        "south": {
          "uv": [
            4,
            0,
            8,
            4
          ],
          "texture": "#3"
        },
        "west": {
          "uv": [
            4,
            4,
            8,
            8
          ],
          "texture": "#3"
        },
        "up": {
          "uv": [
            4,
            12,
            0,
            8
          ],
          "texture": "#3"
        },
        "down": {
          "uv": [
            12,
            0,
            8,
            4
          ],
          "texture": "#3"
        }
      }
    }
  ],
  "gui_light": "front",
  "display": {
    "thirdperson_righthand": {
      "rotation": [
        45,
        0,
        0
      ],
      "translation": [
        0,
        -1.25,
        -2
      ],
      "scale": [
        0.51,
        0.51,
        0.51
      ]
    },
    "thirdperson_lefthand": {
      "rotation": [
        45,
        0,
        0
      ],
      "translation": [
        0,
        -1.25,
        -2
      ],
      "scale": [
        0.51,
        0.51,
        0.51
      ]
    },
    "firstperson_righthand": {
      "rotation": [
        -6,
        130,
        6
      ],
      "translation": [
        3,
        1.25,
        0
      ],
      "scale": [
        0.5,
        0.5,
        0.5
      ]
    },
    "firstperson_lefthand": {
      "rotation": [
        -6,
        130,
        6
      ],
      "translation": [
        3,
        1.25,
        0
      ],
      "scale": [
        0.5,
        0.5,
        0.5
      ]
    },
    "ground": {
      "scale": [
        0.6,
        0.6,
        0.6
      ]
    },
    "gui": {
      "rotation": [
        0,
        180,
        0
      ],
      "translation": [
        0,
        -5.25,
        0
      ],
      "scale": [
        0.9,
        0.9,
        0.9
      ]
    },
    "head": {
      "translation": [
        0,
        9,
        0
      ]
    },
    "fixed": {
      "rotation": [
        -90,
        0,
        0
      ],
      "translation": [
        0,
        0,
        -4
      ],
      "scale": [
        2,
        2,
        2
      ]
    }
  },
  "groups": [
    {
      "name": "group",
      "origin": [
        3,
        11,
        8
      ],
      "color": 0,
      "children": [
        0,
        1,
        2,
        3,
        4,
        5,
        {
          "name": "bones",
          "origin": [
            0,
            0,
            0
          ],
          "color": 0,
          "children": [
            6,
            7,
            8,
            9,
            10,
            11,
            12,
            13,
            14,
            15,
            16,
            17,
            18,
            19
          ]
        }
      ]
    },
    20
  ]
}