{
	"format_version": "1.21.6",
	"credit": "Made with Blockbench",
	"texture_size": [32, 32],
	"textures": {
		"2": "minecraft:demon_slayer/katana/inosuke",
		"particle": "minecraft:demon_slayer/katana/inosuke"
	},
	"elements": [
		{
			"from": [8, -6.1, 7.8221],
			"to": [10, 3.1, 8.8221],
			"rotation": {"angle": 0, "axis": "y", "origin": [2, 0, -0.1779]},
			"faces": {
				"north": {"uv": [2, 0, 3, 4.5], "texture": "#2"},
				"east": {"uv": [4, 0, 4.5, 4.5], "texture": "#2"},
				"south": {"uv": [3, 0, 4, 4.5], "texture": "#2"},
				"west": {"uv": [4.5, 0, 5, 4.5], "texture": "#2"},
				"up": {"uv": [16, 0.5, 15, 0], "texture": "#2"},
				"down": {"uv": [6, 1, 5, 1.5], "texture": "#2"}
			}
		},
		{
			"from": [8, 3.1, 8.2221],
			"to": [9, 29.1, 8.4221],
			"rotation": {"angle": 0, "axis": "y", "origin": [2, 0, -0.1779]},
			"faces": {
				"north": {"uv": [1, 1.5, 1.5, 14.5], "texture": "#2"},
				"east": {"uv": [0.5, 1.5, 1, 14.5], "texture": "#2"},
				"south": {"uv": [1, 1.5, 1.5, 14.5], "texture": "#2"},
				"west": {"uv": [1, 1.5, 1.5, 14.5], "texture": "#2"},
				"up": {"uv": [1.5, 1.5, 1, 2], "texture": "#2"},
				"down": {"uv": [1, 0, 0, 0], "texture": "#2"}
			}
		},
		{
			"from": [9, 8.1, 8.2221],
			"to": [10, 11.1, 8.4221],
			"rotation": {"angle": 0, "axis": "y", "origin": [3, 7, -0.1779]},
			"faces": {
				"north": {"uv": [1.5, 10.5, 2, 12], "texture": "#2"},
				"east": {"uv": [1.5, 10.5, 2, 12], "texture": "#2"},
				"south": {"uv": [1.5, 10.5, 2, 12], "texture": "#2"},
				"west": {"uv": [0, 0, 0, 0], "texture": "#2"},
				"up": {"uv": [2, 10.5, 1.5, 11], "texture": "#2"},
				"down": {"uv": [2, 11.5, 1.5, 12], "texture": "#2"}
			}
		},
		{
			"from": [9, 13.1, 8.2221],
			"to": [10, 16.1, 8.4221],
			"rotation": {"angle": 0, "axis": "y", "origin": [3, 12, -0.1779]},
			"faces": {
				"north": {"uv": [1.5, 8, 2, 9.5], "texture": "#2"},
				"east": {"uv": [1.5, 8, 2, 9.5], "texture": "#2"},
				"south": {"uv": [1.5, 8, 2, 9.5], "texture": "#2"},
				"west": {"uv": [0, 0, 0, 0], "texture": "#2"},
				"up": {"uv": [2, 8, 1.5, 8.5], "texture": "#2"},
				"down": {"uv": [2, 9, 1.5, 9.5], "texture": "#2"}
			}
		},
		{
			"from": [9, 18.1, 8.2221],
			"to": [10, 21.1, 8.4221],
			"rotation": {"angle": 0, "axis": "y", "origin": [3, 17, -0.1779]},
			"faces": {
				"north": {"uv": [1.5, 5.5, 2, 7], "texture": "#2"},
				"east": {"uv": [1.5, 5.5, 2, 7], "texture": "#2"},
				"south": {"uv": [1.5, 5.5, 2, 7], "texture": "#2"},
				"west": {"uv": [0, 0, 0, 0], "texture": "#2"},
				"up": {"uv": [2, 5.5, 1.5, 6], "texture": "#2"},
				"down": {"uv": [2, 6.5, 1.5, 7], "texture": "#2"}
			}
		},
		{
			"from": [9, 23.1, 8.2221],
			"to": [10, 25.1, 8.4221],
			"rotation": {"angle": 0, "axis": "y", "origin": [3, 22, -0.1779]},
			"faces": {
				"north": {"uv": [1.5, 3.5, 2, 4.5], "texture": "#2"},
				"east": {"uv": [1.5, 3.5, 2, 4.5], "texture": "#2"},
				"south": {"uv": [1.5, 3.5, 2, 4.5], "texture": "#2"},
				"west": {"uv": [0, 0, 0, 0], "texture": "#2"},
				"up": {"uv": [2, 3.5, 1.5, 4], "texture": "#2"},
				"down": {"uv": [2, 4, 1.5, 4.5], "texture": "#2"}
			}
		},
		{
			"from": [9, 26.1, 8.2221],
			"to": [10, 28.1, 8.4221],
			"rotation": {"angle": 0, "axis": "y", "origin": [3, 25, -0.1779]},
			"faces": {
				"north": {"uv": [1.5, 2, 2, 3], "texture": "#2"},
				"east": {"uv": [1.5, 2, 2, 3], "texture": "#2"},
				"south": {"uv": [1.5, 2, 2, 3], "texture": "#2"},
				"west": {"uv": [0, 0, 0, 0], "texture": "#2"},
				"up": {"uv": [2, 2, 1.5, 2.5], "texture": "#2"},
				"down": {"uv": [2, 2.5, 1.5, 3], "texture": "#2"}
			}
		},
		{
			"from": [9, 3.1, 8.2221],
			"to": [10, 6.1, 8.4221],
			"rotation": {"angle": 0, "axis": "y", "origin": [3, 2, -0.1779]},
			"faces": {
				"north": {"uv": [1.5, 13, 2, 14.5], "texture": "#2"},
				"east": {"uv": [1.5, 13, 2, 14.5], "texture": "#2"},
				"south": {"uv": [1.5, 13, 2, 14.5], "texture": "#2"},
				"west": {"uv": [0, 0, 0, 0], "texture": "#2"},
				"up": {"uv": [2, 13, 1.5, 13.5], "texture": "#2"},
				"down": {"uv": [1, 0, 0, 0], "texture": "#2"}
			}
		},
		{
			"from": [8.1, -6.9, 7.9221],
			"to": [9.9, -6.1, 8.7221],
			"rotation": {"angle": 0, "axis": "y", "origin": [2, 0, -0.1779]},
			"faces": {
				"north": {"uv": [15, 0, 16, 0.5], "texture": "#2"},
				"east": {"uv": [15, 0, 15.5, 0.5], "texture": "#2"},
				"south": {"uv": [16, 0, 15, 0.5], "texture": "#2"},
				"west": {"uv": [15.5, 0, 16, 0.5], "texture": "#2"},
				"up": {"uv": [15, 0, 16, 0.5], "texture": "#2"},
				"down": {"uv": [16, 0, 15, 0.5], "texture": "#2"}
			}
		},
		{
			"from": [2.1831, -8, 11.19504],
			"to": [5.1831, -4, 11.19504],
			"rotation": {"angle": 22.5, "axis": "y", "origin": [-0.8169, -2, 2.69504]},
			"faces": {
				"north": {"uv": [5, 0, 6.5, 2], "texture": "#2"},
				"east": {"uv": [5, 0, 6.5, 2], "texture": "#2"},
				"south": {"uv": [6.5, 0, 5, 2], "texture": "#2"},
				"west": {"uv": [5, 0, 6.5, 2], "texture": "#2"},
				"up": {"uv": [5, 0, 6.5, 2], "texture": "#2"},
				"down": {"uv": [5, 0, 6.5, 2], "texture": "#2"}
			}
		},
		{
			"from": [8.68872, -7, 6.60284],
			"to": [11.68872, -3, 6.60284],
			"rotation": {"angle": -22.5, "axis": "y", "origin": [5.68872, -1, -1.89716]},
			"faces": {
				"north": {"uv": [5, 0, 6.5, 2], "texture": "#2"},
				"east": {"uv": [5, 0, 6.5, 2], "texture": "#2"},
				"south": {"uv": [6.5, 0, 5, 2], "texture": "#2"},
				"west": {"uv": [5, 0, 6.5, 2], "texture": "#2"},
				"up": {"uv": [5, 0, 6.5, 2], "texture": "#2"},
				"down": {"uv": [5, 0, 6.5, 2], "texture": "#2"}
			}
		}
	],
	"display": {
		"thirdperson_righthand": {
			"rotation": [90, 90, -90],
			"translation": [0, 7.25, 2.75]
		},
		"thirdperson_lefthand": {
			"rotation": [0, -90, 0],
			"translation": [0, 7.25, 2.75]
		},
		"firstperson_righthand": {
			"rotation": [0, 79.5, 0],
			"translation": [8, 0, -8]
		},
		"firstperson_lefthand": {
			"rotation": [-180, -78.5, -180],
			"translation": [9.5, 0, -8]
		},
		"ground": {
			"translation": [-0.5, 11.25, -0.25]
		},
		"gui": {
			"rotation": [-142.92, -40.98, -117.18],
			"translation": [-1, 0, 0],
			"scale": [0.5, 0.5, 0.5]
		},
		"head": {
			"scale": [0, 0, 0]
		},
		"fixed": {
			"translation": [2.25, -7.5, -2.25],
			"scale": [2, 2, 2]
		}
	}
}