{
  "credit": "Made with Blockbench",
  "textures": {
    "0": "pelucias/hostile_mobs/overvorld/slimes/small_slime/slime",
    "1": "pelucias/hostile_mobs/overvorld/slimes/small_slime/slime",
    "particle": "pelucias/hostile_mobs/overvorld/slimes/small_slime/slime"
  },
  "elements": [
    {
      "from": [
        4,
        0,
        4
      ],
      "to": [
        12,
        8,
        12
      ],
      "rotation": {
        "angle": 0,
        "axis": "y",
        "origin": [
          8,
          3,
          8
        ]
      },
      "faces": {
        "north": {
          "uv": [
            0,
            0,
            4,
            4
          ],
          "texture": "#0"
        },
        "east": {
          "uv": [
            0,
            4,
            4,
            8
          ],
          "texture": "#0"
        },
        "south": {
          "uv": [
            4,
            0,
            8,
            4
          ],
          "texture": "#0"
        },
        "west": {
          "uv": [
            4,
            4,
            8,
            8
          ],
          "texture": "#0"
        },
        "up": {
          "uv": [
            4,
            12,
            0,
            8
          ],
          "texture": "#0"
        },
        "down": {
          "uv": [
            12,
            0,
            8,
            4
          ],
          "texture": "#0"
        }
      }
    },
    {
      "from": [
        9,
        4,
        3.5
      ],
      "to": [
        11,
        6,
        5.5
      ],
      "rotation": {
        "angle": 0,
        "axis": "y",
        "origin": [
          10,
          5,
          4
        ]
      },
      "faces": {
        "north": {
          "uv": [
            0,
            2,
            2,
            0
          ],
          "texture": "#1"
        },
        "east": {
          "uv": [
            0,
            4,
            2,
            2
          ],
          "texture": "#1"
        },
        "south": {
          "uv": [
            2,
            0,
            4,
            2
          ],
          "texture": "#1"
        },
        "west": {
          "uv": [
            2,
            4,
            4,
            2
          ],
          "texture": "#1"
        },
        "up": {
          "uv": [
            0,
            6,
            2,
            4
          ],
          "texture": "#1"
        },
        "down": {
          "uv": [
            4,
            0,
            6,
            2
          ],
          "texture": "#1"
        }
      }
    },
    {
      "from": [
        5,
        4,
        3.5
      ],
      "to": [
        7,
        6,
        5.5
      ],
      "rotation": {
        "angle": 0,
        "axis": "y",
        "origin": [
          6,
          5,
          4
        ]
      },
      "faces": {
        "north": {
          "uv": [
            0,
            2,
            2,
            0
          ],
          "texture": "#1"
        },
        "east": {
          "uv": [
            0,
            0,
            2,
            2
          ],
          "texture": "#1"
        },
        "south": {
          "uv": [
            0,
            0,
            2,
            2
          ],
          "texture": "#1"
        },
        "west": {
          "uv": [
            0,
            0,
            2,
            2
          ],
          "texture": "#1"
        },
        "up": {
          "uv": [
            2,
            2,
            0,
            0
          ],
          "texture": "#1"
        },
        "down": {
          "uv": [
            0,
            0,
            2,
            2
          ],
          "texture": "#1"
        }
      }
    }
  ],
  "gui_light": "front",
  "display": {
    "thirdperson_righthand": {
      "rotation": [
        45,
        0,
        0
      ],
      "translation": [
        0,
        -0.5,
        -0.5
      ],
      "scale": [
        0.3,
        0.3,
        0.3
      ]
    },
    "thirdperson_lefthand": {
      "rotation": [
        45,
        0,
        0
      ],
      "translation": [
        0,
        -0.5,
        -0.5
      ],
      "scale": [
        0.3,
        0.3,
        0.3
      ]
    },
    "firstperson_righthand": {
      "rotation": [
        -6,
        130,
        6
      ],
      "translation": [
        3,
        4.5,
        0.5
      ],
      "scale": [
        0.3,
        0.3,
        0.3
      ]
    },
    "firstperson_lefthand": {
      "rotation": [
        -6,
        130,
        6
      ],
      "translation": [
        3,
        4.5,
        0.5
      ],
      "scale": [
        0.3,
        0.3,
        0.3
      ]
    },
    "ground": {
      "translation": [
        0,
        3.25,
        0
      ],
      "scale": [
        0.3,
        0.3,
        0.3
      ]
    },
    "gui": {
      "rotation": [
        0,
        180,
        0
      ],
      "translation": [
        0,
        2.75,
        0
      ],
      "scale": [
        0.7,
        0.7,
        0.7
      ]
    },
    "head": {
      "translation": [
        0,
        11.25,
        0
      ],
      "scale": [
        0.5,
        0.5,
        0.5
      ]
    },
    "fixed": {
      "rotation": [
        -90,
        0,
        0
      ],
      "translation": [
        0,
        0,
        -8
      ]
    }
  }
}