{
  "credit": "Made with Blockbench",
  "texture_size": [
    32,
    32
  ],
  "textures": {
    "0": "pelucias/hostile_mobs/overvorld/breeze/breeze/breeze",
    "particle": "pelucias/hostile_mobs/overvorld/breeze/breeze/breeze"
  },
  "elements": [
    {
      "name": "head",
      "from": [
        4,
        13,
        4
      ],
      "to": [
        12,
        21,
        12
      ],
      "rotation": {
        "angle": 0,
        "axis": "y",
        "origin": [
          8,
          15,
          8
        ]
      },
      "faces": {
        "north": {
          "uv": [
            0,
            0,
            4,
            4
          ],
          "texture": "#0"
        },
        "east": {
          "uv": [
            0,
            4,
            4,
            8
          ],
          "texture": "#0"
        },
        "south": {
          "uv": [
            4,
            0,
            8,
            4
          ],
          "texture": "#0"
        },
        "west": {
          "uv": [
            4,
            4,
            8,
            8
          ],
          "texture": "#0"
        },
        "up": {
          "uv": [
            4,
            12,
            0,
            8
          ],
          "texture": "#0"
        },
        "down": {
          "uv": [
            12,
            0,
            8,
            4
          ],
          "texture": "#0"
        }
      }
    },
    {
      "name": "rod1",
      "from": [
        7.9,
        8.4,
        5.65
      ],
      "to": [
        9.1,
        12.6,
        6.85
      ],
      "rotation": {
        "angle": -22.5,
        "axis": "x",
        "origin": [
          8.5,
          8.5,
          6.25
        ]
      },
      "faces": {
        "north": {
          "uv": [
            11,
            8,
            11.5,
            10
          ],
          "texture": "#0"
        },
        "east": {
          "uv": [
            9,
            11,
            9.5,
            13
          ],
          "texture": "#0"
        },
        "south": {
          "uv": [
            9.5,
            11,
            10,
            13
          ],
          "texture": "#0"
        },
        "west": {
          "uv": [
            10,
            11,
            10.5,
            13
          ],
          "texture": "#0"
        },
        "up": {
          "uv": [
            12.5,
            0.5,
            12,
            0
          ],
          "texture": "#0"
        },
        "down": {
          "uv": [
            12.5,
            0.5,
            12,
            1
          ],
          "texture": "#0"
        }
      }
    },
    {
      "name": "rod2",
      "from": [
        9.65,
        8.4,
        8.65
      ],
      "to": [
        10.85,
        12.6,
        9.85
      ],
      "rotation": {
        "angle": 22.5,
        "axis": "x",
        "origin": [
          10.25,
          8.5,
          9.25
        ]
      },
      "faces": {
        "north": {
          "uv": [
            11,
            10,
            11.5,
            12
          ],
          "texture": "#0"
        },
        "east": {
          "uv": [
            10.5,
            11,
            11,
            13
          ],
          "texture": "#0"
        },
        "south": {
          "uv": [
            4,
            11.5,
            4.5,
            13.5
          ],
          "texture": "#0"
        },
        "west": {
          "uv": [
            4.5,
            11.5,
            5,
            13.5
          ],
          "texture": "#0"
        },
        "up": {
          "uv": [
            1.5,
            12.5,
            1,
            12
          ],
          "texture": "#0"
        },
        "down": {
          "uv": [
            12.5,
            1,
            12,
            1.5
          ],
          "texture": "#0"
        }
      }
    },
    {
      "name": "rod3",
      "from": [
        5.65,
        8.4,
        9
      ],
      "to": [
        6.85,
        12.6,
        10.2
      ],
      "rotation": {
        "angle": 22.5,
        "axis": "z",
        "origin": [
          6.25,
          8.5,
          9.5
        ]
      },
      "faces": {
        "north": {
          "uv": [
            5,
            11.5,
            5.5,
            13.5
          ],
          "texture": "#0"
        },
        "east": {
          "uv": [
            5.5,
            11.5,
            6,
            13.5
          ],
          "texture": "#0"
        },
        "south": {
          "uv": [
            6,
            11.5,
            6.5,
            13.5
          ],
          "texture": "#0"
        },
        "west": {
          "uv": [
            6.5,
            11.5,
            7,
            13.5
          ],
          "texture": "#0"
        },
        "up": {
          "uv": [
            2,
            12.5,
            1.5,
            12
          ],
          "texture": "#0"
        },
        "down": {
          "uv": [
            12.5,
            1.5,
            12,
            2
          ],
          "texture": "#0"
        }
      }
    },
    {
      "name": "body1",
      "from": [
        6,
        8.5,
        6
      ],
      "to": [
        10,
        13.5,
        10
      ],
      "rotation": {
        "angle": 0,
        "axis": "y",
        "origin": [
          7,
          11.5,
          7
        ]
      },
      "faces": {
        "north": {
          "uv": [
            4,
            8,
            6,
            10.5
          ],
          "texture": "#0"
        },
        "east": {
          "uv": [
            8,
            4,
            10,
            6.5
          ],
          "texture": "#0"
        },
        "south": {
          "uv": [
            6,
            8,
            8,
            10.5
          ],
          "texture": "#0"
        },
        "west": {
          "uv": [
            8,
            6.5,
            10,
            9
          ],
          "texture": "#0"
        },
        "up": {
          "uv": [
            10,
            11,
            8,
            9
          ],
          "texture": "#0"
        },
        "down": {
          "uv": [
            12,
            4,
            10,
            6
          ],
          "texture": "#0"
        }
      }
    },
    {
      "name": "body2",
      "from": [
        7,
        6.5,
        7
      ],
      "to": [
        9,
        8.5,
        9
      ],
      "rotation": {
        "angle": 0,
        "axis": "y",
        "origin": [
          7,
          5.5,
          7
        ]
      },
      "faces": {
        "north": {
          "uv": [
            7,
            11.5,
            8,
            12.5
          ],
          "texture": "#0"
        },
        "east": {
          "uv": [
            11.5,
            8,
            12.5,
            9
          ],
          "texture": "#0"
        },
        "south": {
          "uv": [
            11.5,
            9,
            12.5,
            10
          ],
          "texture": "#0"
        },
        "west": {
          "uv": [
            11.5,
            10,
            12.5,
            11
          ],
          "texture": "#0"
        },
        "up": {
          "uv": [
            12.5,
            12,
            11.5,
            11
          ],
          "texture": "#0"
        },
        "down": {
          "uv": [
            1,
            12,
            0,
            13
          ],
          "texture": "#0"
        }
      }
    },
    {
      "name": "brows",
      "from": [
        3,
        16,
        3.5
      ],
      "to": [
        13,
        19,
        7.5
      ],
      "rotation": {
        "angle": 0,
        "axis": "y",
        "origin": [
          8,
          17.5,
          5.5
        ]
      },
      "faces": {
        "north": {
          "uv": [
            11,
            14.5,
            16,
            16
          ],
          "texture": "#0"
        },
        "east": {
          "uv": [
            14,
            10,
            16,
            11.5
          ],
          "texture": "#0"
        },
        "south": {
          "uv": [
            11,
            13,
            16,
            14.5
          ],
          "texture": "#0"
        },
        "west": {
          "uv": [
            14,
            11.5,
            16,
            13
          ],
          "texture": "#0"
        },
        "up": {
          "uv": [
            5,
            16,
            0,
            14
          ],
          "texture": "#0"
        },
        "down": {
          "uv": [
            10,
            14,
            5,
            16
          ],
          "texture": "#0"
        }
      }
    },
    {
      "name": "brows inverted",
      "from": [
        13,
        19,
        7.5
      ],
      "to": [
        3,
        16,
        3.5
      ],
      "rotation": {
        "angle": 0,
        "axis": "y",
        "origin": [
          8,
          17.5,
          5.5
        ]
      },
      "faces": {
        "north": {
          "uv": [
            11,
            14.5,
            16,
            13
          ],
          "texture": "#0"
        },
        "east": {
          "uv": [
            14,
            13,
            16,
            11.5
          ],
          "texture": "#0"
        },
        "south": {
          "uv": [
            11,
            16,
            16,
            14.5
          ],
          "texture": "#0"
        },
        "west": {
          "uv": [
            14,
            11.5,
            16,
            10
          ],
          "texture": "#0"
        },
        "up": {
          "uv": [
            5,
            14,
            10,
            16
          ],
          "texture": "#0"
        },
        "down": {
          "uv": [
            0,
            16,
            5,
            14
          ],
          "texture": "#0"
        }
      }
    },
    {
      "name": "R eye",
      "from": [
        9,
        14,
        3.5
      ],
      "to": [
        11,
        16,
        5.5
      ],
      "rotation": {
        "angle": 0,
        "axis": "y",
        "origin": [
          10,
          16,
          4
        ]
      },
      "faces": {
        "north": {
          "uv": [
            10,
            6,
            11,
            7
          ],
          "texture": "#0"
        },
        "east": {
          "uv": [
            10,
            7,
            11,
            8
          ],
          "texture": "#0"
        },
        "south": {
          "uv": [
            10,
            8,
            11,
            9
          ],
          "texture": "#0"
        },
        "west": {
          "uv": [
            10,
            9,
            11,
            10
          ],
          "texture": "#0"
        },
        "up": {
          "uv": [
            11,
            11,
            10,
            10
          ],
          "texture": "#0"
        },
        "down": {
          "uv": [
            5,
            10.5,
            4,
            11.5
          ],
          "texture": "#0"
        }
      }
    },
    {
      "name": "L eye",
      "from": [
        5,
        14,
        3.5
      ],
      "to": [
        7,
        16,
        5.5
      ],
      "rotation": {
        "angle": 0,
        "axis": "y",
        "origin": [
          6,
          16,
          4
        ]
      },
      "faces": {
        "north": {
          "uv": [
            5,
            10.5,
            6,
            11.5
          ],
          "texture": "#0"
        },
        "east": {
          "uv": [
            6,
            10.5,
            7,
            11.5
          ],
          "texture": "#0"
        },
        "south": {
          "uv": [
            7,
            10.5,
            8,
            11.5
          ],
          "texture": "#0"
        },
        "west": {
          "uv": [
            11,
            6,
            12,
            7
          ],
          "texture": "#0"
        },
        "up": {
          "uv": [
            12,
            8,
            11,
            7
          ],
          "texture": "#0"
        },
        "down": {
          "uv": [
            9,
            11,
            8,
            12
          ],
          "texture": "#0"
        }
      }
    }
  ],
  "gui_light": "front",
  "display": {
    "thirdperson_righthand": {
      "rotation": [
        45,
        0,
        0
      ],
      "translation": [
        0,
        -1.25,
        -2
      ],
      "scale": [
        0.51,
        0.51,
        0.51
      ]
    },
    "thirdperson_lefthand": {
      "rotation": [
        45,
        0,
        0
      ],
      "translation": [
        0,
        -1.25,
        -2
      ],
      "scale": [
        0.51,
        0.51,
        0.51
      ]
    },
    "firstperson_righthand": {
      "rotation": [
        -6,
        130,
        6
      ],
      "translation": [
        2.75,
        1.25,
        0
      ],
      "scale": [
        0.5,
        0.5,
        0.5
      ]
    },
    "firstperson_lefthand": {
      "rotation": [
        -6,
        130,
        6
      ],
      "translation": [
        2.75,
        1.25,
        0
      ],
      "scale": [
        0.5,
        0.5,
        0.5
      ]
    },
    "ground": {
      "scale": [
        0.6,
        0.6,
        0.6
      ]
    },
    "gui": {
      "rotation": [
        0,
        180,
        0
      ],
      "translation": [
        0,
        -5.25,
        0
      ],
      "scale": [
        0.9,
        0.9,
        0.9
      ]
    },
    "head": {
      "translation": [
        0,
        8.5,
        0
      ]
    },
    "fixed": {
      "rotation": [
        -90,
        0,
        0
      ],
      "translation": [
        0,
        0,
        -3.25
      ],
      "scale": [
        2,
        2,
        2
      ]
    }
  },
  "groups": [
    {
      "name": "group",
      "origin": [
        3,
        11,
        8
      ],
      "color": 0,
      "children": [
        0,
        1,
        2,
        3,
        4,
        5,
        6,
        7
      ]
    },
    {
      "name": "eyes",
      "origin": [
        8,
        8,
        8
      ],
      "color": 0,
      "children": [
        8,
        9
      ]
    }
  ]
}