{
  "credit": "Made with Blockbench",
  "texture_size": [
    32,
    32
  ],
  "textures": {
    "0": "pelucias/hostile_mobs/overvorld/bogged/bogged/bogged",
    "1": "pelucias/hostile_mobs/overvorld/bogged/bogged/bogged",
    "3": "pelucias/hostile_mobs/overvorld/bogged/bogged/bogged",
    "particle": "pelucias/hostile_mobs/overvorld/bogged/bogged/bogged"
  },
  "elements": [
    {
      "name": "head",
      "from": [
        4,
        13,
        4
      ],
      "to": [
        12,
        21,
        12
      ],
      "rotation": {
        "angle": 0,
        "axis": "y",
        "origin": [
          8,
          15,
          8
        ]
      },
      "faces": {
        "north": {
          "uv": [
            0.016,
            0.016,
            1.984,
            1.984
          ],
          "texture": "#0"
        },
        "east": {
          "uv": [
            0.016,
            2.016,
            1.984,
            3.984
          ],
          "texture": "#0"
        },
        "south": {
          "uv": [
            2.016,
            0.016,
            3.984,
            1.984
          ],
          "texture": "#0"
        },
        "west": {
          "uv": [
            2.016,
            2.016,
            3.984,
            3.984
          ],
          "texture": "#0"
        },
        "up": {
          "uv": [
            1.984,
            5.984,
            0.016,
            4.016
          ],
          "texture": "#0"
        },
        "down": {
          "uv": [
            5.984,
            0.016,
            4.016,
            1.984
          ],
          "texture": "#0"
        }
      }
    },
    {
      "name": "head1",
      "from": [
        3.75,
        12.75,
        3.75
      ],
      "to": [
        12.25,
        21.25,
        12.25
      ],
      "rotation": {
        "angle": 0,
        "axis": "y",
        "origin": [
          8,
          15,
          8
        ]
      },
      "faces": {
        "north": {
          "uv": [
            8.516,
            0,
            10.484,
            1.968
          ],
          "texture": "#0"
        },
        "east": {
          "uv": [
            8.516,
            2.016,
            10.484,
            3.984
          ],
          "texture": "#0"
        },
        "south": {
          "uv": [
            10.516,
            0,
            12.484,
            1.968
          ],
          "texture": "#0"
        },
        "west": {
          "uv": [
            10.516,
            2.016,
            12.484,
            3.984
          ],
          "texture": "#0"
        },
        "up": {
          "uv": [
            10.484,
            5.984,
            8.516,
            4.016
          ],
          "texture": "#0"
        },
        "down": {
          "uv": [
            12.484,
            4.016,
            10.516,
            5.984
          ],
          "texture": "#0"
        }
      }
    },
    {
      "name": "body",
      "from": [
        5.5,
        6.5,
        6.5
      ],
      "to": [
        10.5,
        13.5,
        9.5
      ],
      "rotation": {
        "angle": 0,
        "axis": "y",
        "origin": [
          8,
          14,
          8
        ]
      },
      "faces": {
        "north": {
          "uv": [
            2.016,
            4.016,
            3.5,
            5.75
          ],
          "texture": "#0"
        },
        "east": {
          "uv": [
            3.5,
            4.016,
            4.5,
            5.75
          ],
          "texture": "#0"
        },
        "south": {
          "uv": [
            4.016,
            2.016,
            5.5,
            3.75
          ],
          "texture": "#0"
        },
        "west": {
          "uv": [
            4.5,
            3.75,
            5.5,
            5.5
          ],
          "texture": "#0"
        },
        "up": {
          "uv": [
            6.984,
            2.984,
            5.5,
            2.016
          ],
          "texture": "#0"
        },
        "down": {
          "uv": [
            6.984,
            3.016,
            5.5,
            3.984
          ],
          "texture": "#0"
        }
      }
    },
    {
      "name": "body1",
      "from": [
        4.996,
        5.996,
        5.996
      ],
      "to": [
        11.007,
        13.007,
        10.007
      ],
      "faces": {
        "north": {
          "uv": [
            1.5,
            8.25,
            3,
            10
          ],
          "texture": "#0"
        },
        "east": {
          "uv": [
            3,
            8.25,
            4,
            10
          ],
          "texture": "#0"
        },
        "south": {
          "uv": [
            0,
            8.25,
            1.5,
            10
          ],
          "texture": "#0"
        },
        "west": {
          "uv": [
            4,
            8.25,
            5,
            10
          ],
          "texture": "#0"
        },
        "up": {
          "uv": [
            8,
            9.25,
            6.5,
            8.25
          ],
          "texture": "#0"
        },
        "down": {
          "uv": [
            6.5,
            8.25,
            5,
            9.25
          ],
          "texture": "#0"
        }
      }
    },
    {
      "name": "body1 inverted",
      "from": [
        11.007,
        13.007,
        10.007
      ],
      "to": [
        4.996,
        5.996,
        5.996
      ],
      "faces": {
        "north": {
          "uv": [
            0,
            10,
            1.5,
            8.25
          ],
          "texture": "#0"
        },
        "east": {
          "uv": [
            4,
            10,
            5,
            8.25
          ],
          "texture": "#0"
        },
        "south": {
          "uv": [
            1.5,
            10,
            3,
            8.25
          ],
          "texture": "#0"
        },
        "west": {
          "uv": [
            3,
            10,
            4,
            8.25
          ],
          "texture": "#0"
        },
        "up": {
          "uv": [
            5,
            8.25,
            6.5,
            9.25
          ],
          "texture": "#0"
        },
        "down": {
          "uv": [
            6.5,
            9.25,
            8,
            8.25
          ],
          "texture": "#0"
        }
      }
    },
    {
      "name": "body2",
      "from": [
        4.746,
        5.746,
        5.746
      ],
      "to": [
        11.257,
        13.257,
        10.257
      ],
      "rotation": {
        "angle": 0,
        "axis": "y",
        "origin": [
          8.0015,
          9.5015,
          8.0015
        ]
      },
      "faces": {
        "north": {
          "uv": [
            1.5,
            10,
            3,
            11.75
          ],
          "texture": "#0"
        },
        "east": {
          "uv": [
            3,
            10,
            4,
            11.75
          ],
          "texture": "#0"
        },
        "south": {
          "uv": [
            0,
            10,
            1.5,
            11.75
          ],
          "texture": "#0"
        },
        "west": {
          "uv": [
            4,
            10,
            5,
            11.75
          ],
          "texture": "#0"
        },
        "up": {
          "uv": [
            8,
            11,
            6.5,
            10
          ],
          "texture": "#0"
        },
        "down": {
          "uv": [
            6.5,
            10,
            5,
            11
          ],
          "texture": "#0"
        }
      }
    },
    {
      "name": "body2 inverted",
      "from": [
        11.257,
        13.257,
        10.257
      ],
      "to": [
        4.746,
        5.746,
        5.746
      ],
      "rotation": {
        "angle": 0,
        "axis": "y",
        "origin": [
          8.0015,
          9.5015,
          8.0015
        ]
      },
      "faces": {
        "north": {
          "uv": [
            0,
            11.75,
            1.5,
            10
          ],
          "texture": "#0"
        },
        "east": {
          "uv": [
            4,
            11.75,
            5,
            10
          ],
          "texture": "#0"
        },
        "south": {
          "uv": [
            1.5,
            11.75,
            3,
            10
          ],
          "texture": "#0"
        },
        "west": {
          "uv": [
            3,
            11.75,
            4,
            10
          ],
          "texture": "#0"
        },
        "up": {
          "uv": [
            5,
            10,
            6.5,
            11
          ],
          "texture": "#0"
        },
        "down": {
          "uv": [
            6.5,
            11,
            8,
            10
          ],
          "texture": "#0"
        }
      }
    },
    {
      "name": "R arm",
      "from": [
        10,
        9,
        7
      ],
      "to": [
        14,
        11,
        9
      ],
      "rotation": {
        "angle": -45,
        "axis": "z",
        "origin": [
          13,
          11,
          8
        ]
      },
      "faces": {
        "north": {
          "uv": [
            0.016,
            6.5,
            0.984,
            6.984
          ],
          "texture": "#0"
        },
        "east": {
          "uv": [
            3.5,
            7.5,
            3.984,
            7.984
          ],
          "texture": "#0"
        },
        "south": {
          "uv": [
            4.5,
            6.5,
            5.5,
            6.984
          ],
          "texture": "#0"
        },
        "west": {
          "uv": [
            7.5,
            3.75,
            7.984,
            4.25
          ],
          "texture": "#0"
        },
        "up": {
          "uv": [
            7.5,
            5.984,
            6.5,
            5.5
          ],
          "texture": "#0"
        },
        "down": {
          "uv": [
            7.5,
            6.016,
            6.5,
            6.5
          ],
          "texture": "#0"
        }
      }
    },
    {
      "name": "R arm 1",
      "from": [
        10.75,
        9.75,
        6.75
      ],
      "to": [
        13.25,
        14.25,
        9.25
      ],
      "rotation": {
        "angle": 45,
        "axis": "z",
        "origin": [
          13,
          11,
          8
        ]
      },
      "faces": {
        "north": {
          "uv": [
            16,
            0,
            15.516,
            1
          ],
          "texture": "#0"
        },
        "east": {
          "uv": [
            16,
            3,
            15.516,
            4
          ],
          "texture": "#0"
        },
        "south": {
          "uv": [
            16,
            2,
            15.516,
            3
          ],
          "texture": "#0"
        },
        "west": {
          "uv": [
            16,
            1,
            15.516,
            2
          ],
          "texture": "#0"
        },
        "up": {
          "uv": [
            15.516,
            4.5,
            16,
            4
          ],
          "texture": "#0"
        },
        "down": {
          "uv": [
            15.5,
            4.5,
            16,
            4.984
          ],
          "texture": "#0"
        }
      }
    },
    {
      "name": "R arm 1 inverted",
      "from": [
        13.25,
        14.25,
        9.25
      ],
      "to": [
        10.75,
        9.75,
        6.75
      ],
      "rotation": {
        "angle": 45,
        "axis": "z",
        "origin": [
          13,
          11,
          8
        ]
      },
      "faces": {
        "north": {
          "uv": [
            16,
            3,
            15.516,
            2
          ],
          "texture": "#0"
        },
        "east": {
          "uv": [
            16,
            2,
            15.516,
            1
          ],
          "texture": "#0"
        },
        "south": {
          "uv": [
            16,
            1,
            15.516,
            0
          ],
          "texture": "#0"
        },
        "west": {
          "uv": [
            16,
            4,
            15.516,
            3
          ],
          "texture": "#0"
        },
        "up": {
          "uv": [
            16,
            4.5,
            15.5,
            4.984
          ],
          "texture": "#0"
        },
        "down": {
          "uv": [
            16,
            4.5,
            15.516,
            4
          ],
          "texture": "#0"
        }
      }
    },
    {
      "name": "L arm",
      "from": [
        3,
        10,
        7
      ],
      "to": [
        5,
        14,
        9
      ],
      "rotation": {
        "angle": -45,
        "axis": "z",
        "origin": [
          3,
          11,
          8
        ]
      },
      "faces": {
        "north": {
          "uv": [
            3.016,
            6.25,
            3.5,
            7.25
          ],
          "texture": "#0"
        },
        "east": {
          "uv": [
            1.016,
            6.5,
            1.5,
            7.5
          ],
          "texture": "#0"
        },
        "south": {
          "uv": [
            5.5,
            6.5,
            5.984,
            7.5
          ],
          "texture": "#0"
        },
        "west": {
          "uv": [
            6.5,
            6.5,
            6.984,
            7.5
          ],
          "texture": "#0"
        },
        "up": {
          "uv": [
            7.984,
            4.75,
            7.5,
            4.25
          ],
          "texture": "#0"
        },
        "down": {
          "uv": [
            5.25,
            7.5,
            4.75,
            7.984
          ],
          "texture": "#0"
        }
      }
    },
    {
      "name": "L arm 1",
      "from": [
        2.75,
        9.75,
        6.75
      ],
      "to": [
        5.25,
        14.25,
        9.25
      ],
      "rotation": {
        "angle": -45,
        "axis": "z",
        "origin": [
          3,
          11,
          8
        ]
      },
      "faces": {
        "north": {
          "uv": [
            15.516,
            0,
            16,
            1
          ],
          "texture": "#0"
        },
        "east": {
          "uv": [
            15.516,
            1,
            16,
            2
          ],
          "texture": "#0"
        },
        "south": {
          "uv": [
            15.516,
            2,
            16,
            3
          ],
          "texture": "#0"
        },
        "west": {
          "uv": [
            15.516,
            3,
            16,
            4
          ],
          "texture": "#0"
        },
        "up": {
          "uv": [
            16,
            4.5,
            15.516,
            4
          ],
          "texture": "#0"
        },
        "down": {
          "uv": [
            16,
            4.5,
            15.5,
            4.984
          ],
          "texture": "#0"
        }
      }
    },
    {
      "name": "L arm 1 inverted",
      "from": [
        5.25,
        14.25,
        9.25
      ],
      "to": [
        2.75,
        9.75,
        6.75
      ],
      "rotation": {
        "angle": -45,
        "axis": "z",
        "origin": [
          3,
          11,
          8
        ]
      },
      "faces": {
        "north": {
          "uv": [
            15.516,
            3,
            16,
            2
          ],
          "texture": "#0"
        },
        "east": {
          "uv": [
            15.516,
            4,
            16,
            3
          ],
          "texture": "#0"
        },
        "south": {
          "uv": [
            15.516,
            1,
            16,
            0
          ],
          "texture": "#0"
        },
        "west": {
          "uv": [
            15.516,
            2,
            16,
            1
          ],
          "texture": "#0"
        },
        "up": {
          "uv": [
            15.5,
            4.5,
            16,
            4.984
          ],
          "texture": "#0"
        },
        "down": {
          "uv": [
            15.516,
            4.5,
            16,
            4
          ],
          "texture": "#0"
        }
      }
    },
    {
      "name": "R leg",
      "from": [
        9.5,
        6.001,
        4
      ],
      "to": [
        11.5,
        8.001,
        7
      ],
      "rotation": {
        "angle": -22.5,
        "axis": "y",
        "origin": [
          10,
          7,
          5
        ]
      },
      "faces": {
        "north": {
          "uv": [
            7.5,
            4.75,
            7.984,
            5.25
          ],
          "texture": "#0"
        },
        "east": {
          "uv": [
            2.016,
            6.75,
            2.75,
            7.25
          ],
          "texture": "#0"
        },
        "south": {
          "uv": [
            5.25,
            7.5,
            5.75,
            7.984
          ],
          "texture": "#0"
        },
        "west": {
          "uv": [
            0.016,
            7.016,
            0.75,
            7.5
          ],
          "texture": "#0"
        },
        "up": {
          "uv": [
            6.5,
            7.5,
            6.016,
            6.75
          ],
          "texture": "#0"
        },
        "down": {
          "uv": [
            7.5,
            2.5,
            7.016,
            3.25
          ],
          "texture": "#0"
        }
      }
    },
    {
      "name": "L leg",
      "from": [
        4.5,
        6.001,
        4
      ],
      "to": [
        6.5,
        8.001,
        7
      ],
      "rotation": {
        "angle": 22.5,
        "axis": "y",
        "origin": [
          6,
          7,
          5
        ]
      },
      "faces": {
        "north": {
          "uv": [
            7.5,
            5.25,
            7.984,
            5.75
          ],
          "texture": "#0"
        },
        "east": {
          "uv": [
            7.016,
            3.25,
            7.75,
            3.75
          ],
          "texture": "#0"
        },
        "south": {
          "uv": [
            5.75,
            7.5,
            6.25,
            7.984
          ],
          "texture": "#0"
        },
        "west": {
          "uv": [
            3.5,
            7.016,
            4.25,
            7.5
          ],
          "texture": "#0"
        },
        "up": {
          "uv": [
            7.5,
            4.5,
            7.016,
            3.75
          ],
          "texture": "#0"
        },
        "down": {
          "uv": [
            4.75,
            7.016,
            4.25,
            7.75
          ],
          "texture": "#0"
        }
      }
    },
    {
      "name": "body1",
      "from": [
        5,
        6,
        6
      ],
      "to": [
        11,
        8,
        10
      ],
      "rotation": {
        "angle": 0,
        "axis": "y",
        "origin": [
          8,
          7,
          8
        ]
      },
      "faces": {
        "north": {
          "uv": [
            5.5,
            5.016,
            6.984,
            5.5
          ],
          "texture": "#0"
        },
        "east": {
          "uv": [
            6.016,
            1.5,
            6.984,
            1.984
          ],
          "texture": "#0"
        },
        "south": {
          "uv": [
            2.016,
            5.75,
            3.5,
            6.25
          ],
          "texture": "#0"
        },
        "west": {
          "uv": [
            2.016,
            6.25,
            2.984,
            6.75
          ],
          "texture": "#0"
        },
        "up": {
          "uv": [
            6.984,
            4.984,
            5.5,
            4.016
          ],
          "texture": "#0"
        },
        "down": {
          "uv": [
            5.984,
            5.5,
            4.5,
            6.5
          ],
          "texture": "#0"
        }
      }
    },
    {
      "from": [
        7,
        8,
        8
      ],
      "to": [
        9,
        13.001,
        10
      ],
      "rotation": {
        "angle": 0,
        "axis": "y",
        "origin": [
          8,
          10,
          10
        ]
      },
      "faces": {
        "north": {
          "uv": [
            3.5,
            5.75,
            3.984,
            6.984
          ],
          "texture": "#0"
        },
        "east": {
          "uv": [
            4.016,
            5.75,
            4.5,
            6.984
          ],
          "texture": "#0"
        },
        "south": {
          "uv": [
            1.5,
            6.016,
            1.984,
            7.25
          ],
          "texture": "#0"
        },
        "west": {
          "uv": [
            6.016,
            5.5,
            6.5,
            6.75
          ],
          "texture": "#0"
        },
        "up": {
          "uv": [
            7.5,
            4.984,
            7.016,
            4.5
          ],
          "texture": "#0"
        },
        "down": {
          "uv": [
            5.25,
            7.016,
            4.75,
            7.5
          ],
          "texture": "#0"
        }
      }
    },
    {
      "from": [
        5,
        12,
        8.001
      ],
      "to": [
        11,
        13,
        10.001
      ],
      "rotation": {
        "angle": 0,
        "axis": "y",
        "origin": [
          8,
          12,
          9
        ]
      },
      "faces": {
        "north": {
          "uv": [
            7.016,
            1.5,
            8.5,
            1.75
          ],
          "texture": "#0"
        },
        "east": {
          "uv": [
            4.016,
            3.75,
            4.5,
            3.984
          ],
          "texture": "#0"
        },
        "south": {
          "uv": [
            7.016,
            1.75,
            8.5,
            1.984
          ],
          "texture": "#0"
        },
        "west": {
          "uv": [
            7.5,
            3.016,
            7.984,
            3.25
          ],
          "texture": "#0"
        },
        "up": {
          "uv": [
            1.5,
            6.5,
            0.016,
            6.016
          ],
          "texture": "#0"
        },
        "down": {
          "uv": [
            7.5,
            0.016,
            6.016,
            0.5
          ],
          "texture": "#0"
        }
      }
    },
    {
      "from": [
        5,
        10,
        8.001
      ],
      "to": [
        11,
        11,
        10.001
      ],
      "rotation": {
        "angle": 0,
        "axis": "y",
        "origin": [
          8,
          10,
          9
        ]
      },
      "faces": {
        "north": {
          "uv": [
            7.016,
            2.016,
            8.5,
            2.25
          ],
          "texture": "#0"
        },
        "east": {
          "uv": [
            7.5,
            5.75,
            7.984,
            5.984
          ],
          "texture": "#0"
        },
        "south": {
          "uv": [
            7.016,
            2.25,
            8.5,
            2.5
          ],
          "texture": "#0"
        },
        "west": {
          "uv": [
            7.5,
            6.016,
            7.984,
            6.25
          ],
          "texture": "#0"
        },
        "up": {
          "uv": [
            7.5,
            0.984,
            6.016,
            0.5
          ],
          "texture": "#0"
        },
        "down": {
          "uv": [
            7.5,
            1.016,
            6.016,
            1.5
          ],
          "texture": "#0"
        }
      }
    },
    {
      "from": [
        9,
        12,
        6
      ],
      "to": [
        11,
        13,
        8
      ],
      "rotation": {
        "angle": 0,
        "axis": "y",
        "origin": [
          10,
          12,
          7
        ]
      },
      "faces": {
        "north": {
          "uv": [
            6.25,
            7.5,
            6.75,
            7.75
          ],
          "texture": "#0"
        },
        "east": {
          "uv": [
            7.5,
            6.25,
            7.984,
            6.5
          ],
          "texture": "#0"
        },
        "south": {
          "uv": [
            7.5,
            6.5,
            7.984,
            6.75
          ],
          "texture": "#0"
        },
        "west": {
          "uv": [
            6.75,
            7.5,
            7.25,
            7.75
          ],
          "texture": "#0"
        },
        "up": {
          "uv": [
            7.5,
            5.5,
            7.016,
            5.016
          ],
          "texture": "#0"
        },
        "down": {
          "uv": [
            7.5,
            6.5,
            7.016,
            6.984
          ],
          "texture": "#0"
        }
      }
    },
    {
      "from": [
        9,
        10,
        6
      ],
      "to": [
        11,
        11,
        8
      ],
      "rotation": {
        "angle": 0,
        "axis": "y",
        "origin": [
          10,
          10,
          7
        ]
      },
      "faces": {
        "north": {
          "uv": [
            7.5,
            6.75,
            7.984,
            6.984
          ],
          "texture": "#0"
        },
        "east": {
          "uv": [
            7.5,
            7.016,
            7.984,
            7.25
          ],
          "texture": "#0"
        },
        "south": {
          "uv": [
            7.25,
            7.5,
            7.75,
            7.75
          ],
          "texture": "#0"
        },
        "west": {
          "uv": [
            7.5,
            7.25,
            7.984,
            7.5
          ],
          "texture": "#0"
        },
        "up": {
          "uv": [
            7.5,
            7.5,
            7.016,
            7.016
          ],
          "texture": "#0"
        },
        "down": {
          "uv": [
            1.984,
            7.25,
            1.5,
            7.75
          ],
          "texture": "#0"
        }
      }
    },
    {
      "from": [
        5,
        12,
        6
      ],
      "to": [
        7,
        13,
        8
      ],
      "rotation": {
        "angle": 0,
        "axis": "y",
        "origin": [
          6,
          12,
          7
        ]
      },
      "faces": {
        "north": {
          "uv": [
            1.5,
            7.75,
            1.984,
            7.984
          ],
          "texture": "#0"
        },
        "east": {
          "uv": [
            2.016,
            7.75,
            2.5,
            7.984
          ],
          "texture": "#0"
        },
        "south": {
          "uv": [
            2.5,
            7.75,
            2.984,
            7.984
          ],
          "texture": "#0"
        },
        "west": {
          "uv": [
            3.016,
            7.75,
            3.5,
            7.984
          ],
          "texture": "#0"
        },
        "up": {
          "uv": [
            2.5,
            7.75,
            2.016,
            7.25
          ],
          "texture": "#0"
        },
        "down": {
          "uv": [
            2.984,
            7.25,
            2.5,
            7.75
          ],
          "texture": "#0"
        }
      }
    },
    {
      "from": [
        5,
        10,
        6
      ],
      "to": [
        7,
        11,
        8
      ],
      "rotation": {
        "angle": 0,
        "axis": "y",
        "origin": [
          6,
          10,
          7
        ]
      },
      "faces": {
        "north": {
          "uv": [
            7.75,
            3.25,
            8.25,
            3.5
          ],
          "texture": "#0"
        },
        "east": {
          "uv": [
            7.75,
            3.5,
            8.25,
            3.75
          ],
          "texture": "#0"
        },
        "south": {
          "uv": [
            4.016,
            7.75,
            4.5,
            7.984
          ],
          "texture": "#0"
        },
        "west": {
          "uv": [
            6.25,
            7.75,
            6.75,
            7.984
          ],
          "texture": "#0"
        },
        "up": {
          "uv": [
            3.5,
            7.75,
            3.016,
            7.25
          ],
          "texture": "#0"
        },
        "down": {
          "uv": [
            0.5,
            7.5,
            0.016,
            7.984
          ],
          "texture": "#0"
        }
      }
    },
    {
      "from": [
        7,
        11,
        6
      ],
      "to": [
        9,
        12,
        8
      ],
      "rotation": {
        "angle": 0,
        "axis": "y",
        "origin": [
          8,
          11,
          7
        ]
      },
      "faces": {
        "north": {
          "uv": [
            6.75,
            7.75,
            7.25,
            7.984
          ],
          "texture": "#0"
        },
        "east": {
          "uv": [
            7.25,
            7.75,
            7.75,
            7.984
          ],
          "texture": "#0"
        },
        "south": {
          "uv": [
            7.75,
            7.5,
            8.25,
            7.75
          ],
          "texture": "#0"
        },
        "west": {
          "uv": [
            7.75,
            7.75,
            8.25,
            7.984
          ],
          "texture": "#0"
        },
        "up": {
          "uv": [
            7.984,
            0.5,
            7.5,
            0.016
          ],
          "texture": "#0"
        },
        "down": {
          "uv": [
            0.984,
            7.5,
            0.5,
            7.984
          ],
          "texture": "#0"
        }
      }
    },
    {
      "from": [
        8,
        9,
        6
      ],
      "to": [
        10,
        10,
        8
      ],
      "rotation": {
        "angle": 0,
        "axis": "y",
        "origin": [
          9,
          9,
          7
        ]
      },
      "faces": {
        "north": {
          "uv": [
            0.016,
            8.016,
            0.5,
            8.25
          ],
          "texture": "#0"
        },
        "east": {
          "uv": [
            8.016,
            0.016,
            8.5,
            0.25
          ],
          "texture": "#0"
        },
        "south": {
          "uv": [
            8.016,
            0.25,
            8.5,
            0.5
          ],
          "texture": "#0"
        },
        "west": {
          "uv": [
            0.5,
            8.016,
            0.984,
            8.25
          ],
          "texture": "#0"
        },
        "up": {
          "uv": [
            7.984,
            0.984,
            7.5,
            0.5
          ],
          "texture": "#0"
        },
        "down": {
          "uv": [
            1.5,
            7.5,
            1.016,
            7.984
          ],
          "texture": "#0"
        }
      }
    },
    {
      "from": [
        6,
        9,
        6
      ],
      "to": [
        8,
        10,
        8
      ],
      "rotation": {
        "angle": 0,
        "axis": "y",
        "origin": [
          7,
          9,
          7
        ]
      },
      "faces": {
        "north": {
          "uv": [
            8.016,
            0.5,
            8.5,
            0.75
          ],
          "texture": "#0"
        },
        "east": {
          "uv": [
            8.016,
            0.75,
            8.5,
            0.984
          ],
          "texture": "#0"
        },
        "south": {
          "uv": [
            1.016,
            8.016,
            1.5,
            8.25
          ],
          "texture": "#0"
        },
        "west": {
          "uv": [
            8.016,
            1.016,
            8.5,
            1.25
          ],
          "texture": "#0"
        },
        "up": {
          "uv": [
            7.984,
            1.5,
            7.5,
            1.016
          ],
          "texture": "#0"
        },
        "down": {
          "uv": [
            7.984,
            2.5,
            7.5,
            2.984
          ],
          "texture": "#0"
        }
      }
    },
    {
      "from": [
        9,
        7,
        6
      ],
      "to": [
        9,
        8,
        7
      ],
      "rotation": {
        "angle": 0,
        "axis": "y",
        "origin": [
          9,
          7,
          6
        ]
      },
      "faces": {
        "north": {
          "uv": [
            0.016,
            0.016,
            0.016,
            0.25
          ],
          "texture": "#0"
        },
        "east": {
          "uv": [
            6.5,
            3.016,
            6.75,
            3.25
          ],
          "texture": "#0"
        },
        "south": {
          "uv": [
            0.016,
            0.016,
            0.016,
            0.25
          ],
          "texture": "#0"
        },
        "west": {
          "uv": [
            5.75,
            3.5,
            5.984,
            3.75
          ],
          "texture": "#0"
        },
        "up": {
          "uv": [
            0.016,
            0.016,
            0.016,
            0.25
          ],
          "texture": "#0"
        },
        "down": {
          "uv": [
            0.016,
            0.016,
            0.016,
            0.25
          ],
          "texture": "#0"
        }
      }
    },
    {
      "from": [
        7,
        7,
        6
      ],
      "to": [
        7,
        8,
        7
      ],
      "rotation": {
        "angle": 0,
        "axis": "y",
        "origin": [
          7,
          7,
          6
        ]
      },
      "faces": {
        "north": {
          "uv": [
            0.016,
            0.016,
            0.016,
            0.25
          ],
          "texture": "#0"
        },
        "east": {
          "uv": [
            5.75,
            3.5,
            5.984,
            3.75
          ],
          "texture": "#0"
        },
        "south": {
          "uv": [
            0.016,
            0.016,
            0.016,
            0.25
          ],
          "texture": "#0"
        },
        "west": {
          "uv": [
            6.5,
            3.5,
            6.75,
            3.75
          ],
          "texture": "#0"
        },
        "up": {
          "uv": [
            0.016,
            0.016,
            0.016,
            0.25
          ],
          "texture": "#0"
        },
        "down": {
          "uv": [
            0.016,
            0.016,
            0.016,
            0.25
          ],
          "texture": "#0"
        }
      }
    },
    {
      "from": [
        7,
        7,
        6
      ],
      "to": [
        9,
        7,
        7
      ],
      "rotation": {
        "angle": 0,
        "axis": "y",
        "origin": [
          8,
          6,
          6
        ]
      },
      "faces": {
        "north": {
          "uv": [
            0.016,
            0.016,
            0.5,
            0.016
          ],
          "texture": "#0"
        },
        "east": {
          "uv": [
            0.016,
            0.016,
            0.25,
            0.016
          ],
          "texture": "#0"
        },
        "south": {
          "uv": [
            0.016,
            0.016,
            0.5,
            0.016
          ],
          "texture": "#0"
        },
        "west": {
          "uv": [
            0.016,
            0.016,
            0.25,
            0.016
          ],
          "texture": "#0"
        },
        "up": {
          "uv": [
            5.5,
            2.016,
            5.984,
            2.25
          ],
          "texture": "#0"
        },
        "down": {
          "uv": [
            6.5,
            3.016,
            6.984,
            3.25
          ],
          "texture": "#0"
        }
      }
    },
    {
      "name": "R eye",
      "from": [
        9.05,
        15.825,
        3.4
      ],
      "to": [
        11.25,
        18.025,
        5.6
      ],
      "rotation": {
        "angle": 0,
        "axis": "y",
        "origin": [
          10.15,
          16.925,
          4
        ]
      },
      "faces": {
        "north": {
          "uv": [
            0.016,
            0.016,
            1.984,
            1.984
          ],
          "texture": "#1"
        },
        "east": {
          "uv": [
            0.016,
            2.016,
            1.984,
            3.984
          ],
          "texture": "#1"
        },
        "south": {
          "uv": [
            2.016,
            0.016,
            3.984,
            1.984
          ],
          "texture": "#1"
        },
        "west": {
          "uv": [
            2.016,
            2.016,
            3.984,
            3.984
          ],
          "texture": "#1"
        },
        "up": {
          "uv": [
            1.984,
            5.984,
            0.016,
            4.016
          ],
          "texture": "#1"
        },
        "down": {
          "uv": [
            5.984,
            0.016,
            4.016,
            1.984
          ],
          "texture": "#1"
        }
      }
    },
    {
      "name": "L eye",
      "from": [
        4.75,
        15.85,
        3.4
      ],
      "to": [
        6.95,
        18.05,
        5.6
      ],
      "rotation": {
        "angle": 0,
        "axis": "y",
        "origin": [
          5.85,
          16.95,
          4
        ]
      },
      "faces": {
        "north": {
          "uv": [
            2.016,
            4.016,
            3.984,
            5.984
          ],
          "texture": "#1"
        },
        "east": {
          "uv": [
            4.016,
            2.016,
            5.984,
            3.984
          ],
          "texture": "#1"
        },
        "south": {
          "uv": [
            4.016,
            4.016,
            5.984,
            5.984
          ],
          "texture": "#1"
        },
        "west": {
          "uv": [
            0.016,
            6.016,
            1.984,
            7.984
          ],
          "texture": "#1"
        },
        "up": {
          "uv": [
            7.984,
            1.984,
            6.016,
            0.016
          ],
          "texture": "#1"
        },
        "down": {
          "uv": [
            3.984,
            6.016,
            2.016,
            7.984
          ],
          "texture": "#1"
        }
      }
    },
    {
      "from": [
        11,
        20,
        2
      ],
      "to": [
        11,
        24,
        8
      ],
      "rotation": {
        "angle": -45,
        "axis": "y",
        "origin": [
          11,
          22,
          5
        ]
      },
      "faces": {
        "north": {
          "uv": [
            0,
            0,
            0,
            2
          ],
          "texture": "#3"
        },
        "east": {
          "uv": [
            6,
            4,
            9,
            6
          ],
          "texture": "#3"
        },
        "south": {
          "uv": [
            0,
            0,
            0,
            2
          ],
          "texture": "#3"
        },
        "west": {
          "uv": [
            6,
            6,
            9,
            8
          ],
          "texture": "#3"
        },
        "up": {
          "uv": [
            0,
            3,
            0,
            0
          ],
          "texture": "#3"
        },
        "down": {
          "uv": [
            0,
            0,
            0,
            3
          ],
          "texture": "#3"
        }
      }
    },
    {
      "from": [
        2,
        20,
        11
      ],
      "to": [
        8,
        24,
        11
      ],
      "rotation": {
        "angle": -45,
        "axis": "y",
        "origin": [
          5,
          22,
          11
        ]
      },
      "faces": {
        "north": {
          "uv": [
            3,
            5,
            6,
            7
          ],
          "texture": "#3"
        },
        "east": {
          "uv": [
            0,
            0,
            0,
            2
          ],
          "texture": "#3"
        },
        "south": {
          "uv": [
            6,
            2,
            9,
            4
          ],
          "texture": "#3"
        },
        "west": {
          "uv": [
            0,
            0,
            0,
            2
          ],
          "texture": "#3"
        },
        "up": {
          "uv": [
            3,
            0,
            0,
            0
          ],
          "texture": "#3"
        },
        "down": {
          "uv": [
            3,
            0,
            0,
            0
          ],
          "texture": "#3"
        }
      }
    },
    {
      "from": [
        5,
        20,
        8
      ],
      "to": [
        5,
        24,
        14
      ],
      "rotation": {
        "angle": -45,
        "axis": "y",
        "origin": [
          5,
          22,
          11
        ]
      },
      "faces": {
        "north": {
          "uv": [
            0,
            0,
            0,
            2
          ],
          "texture": "#3"
        },
        "east": {
          "uv": [
            4,
            0,
            7,
            2
          ],
          "texture": "#3"
        },
        "south": {
          "uv": [
            0,
            0,
            0,
            2
          ],
          "texture": "#3"
        },
        "west": {
          "uv": [
            0,
            5,
            3,
            7
          ],
          "texture": "#3"
        },
        "up": {
          "uv": [
            0,
            3,
            0,
            0
          ],
          "texture": "#3"
        },
        "down": {
          "uv": [
            0,
            0,
            0,
            3
          ],
          "texture": "#3"
        }
      }
    },
    {
      "from": [
        7,
        14,
        12
      ],
      "to": [
        13,
        14,
        16
      ],
      "rotation": {
        "angle": -45,
        "axis": "z",
        "origin": [
          10,
          14,
          14
        ]
      },
      "faces": {
        "north": {
          "uv": [
            0,
            0,
            3,
            0
          ],
          "texture": "#3"
        },
        "east": {
          "uv": [
            0,
            0,
            2,
            0
          ],
          "texture": "#3"
        },
        "south": {
          "uv": [
            0,
            0,
            3,
            0
          ],
          "texture": "#3"
        },
        "west": {
          "uv": [
            0,
            0,
            2,
            0
          ],
          "texture": "#3"
        },
        "up": {
          "uv": [
            3,
            5,
            0,
            3
          ],
          "texture": "#3"
        },
        "down": {
          "uv": [
            6,
            3,
            3,
            5
          ],
          "texture": "#3"
        }
      }
    },
    {
      "from": [
        10,
        11,
        12
      ],
      "to": [
        10,
        17,
        16
      ],
      "rotation": {
        "angle": -45,
        "axis": "z",
        "origin": [
          10,
          14,
          14
        ]
      },
      "faces": {
        "north": {
          "uv": [
            0,
            0,
            0,
            3
          ],
          "texture": "#3"
        },
        "east": {
          "uv": [
            0,
            0,
            2,
            3
          ],
          "texture": "#3"
        },
        "south": {
          "uv": [
            0,
            0,
            0,
            3
          ],
          "texture": "#3"
        },
        "west": {
          "uv": [
            2,
            0,
            4,
            3
          ],
          "texture": "#3"
        },
        "up": {
          "uv": [
            0,
            2,
            0,
            0
          ],
          "texture": "#3"
        },
        "down": {
          "uv": [
            0,
            0,
            0,
            2
          ],
          "texture": "#3"
        }
      }
    },
    {
      "from": [
        8,
        20,
        5
      ],
      "to": [
        14,
        24,
        5
      ],
      "rotation": {
        "angle": -45,
        "axis": "y",
        "origin": [
          11,
          22,
          5
        ]
      },
      "faces": {
        "north": {
          "uv": [
            0,
            7,
            3,
            9
          ],
          "texture": "#3"
        },
        "east": {
          "uv": [
            0,
            0,
            0,
            2
          ],
          "texture": "#3"
        },
        "south": {
          "uv": [
            7,
            0,
            10,
            2
          ],
          "texture": "#3"
        },
        "west": {
          "uv": [
            0,
            0,
            0,
            2
          ],
          "texture": "#3"
        },
        "up": {
          "uv": [
            3,
            0,
            0,
            0
          ],
          "texture": "#3"
        },
        "down": {
          "uv": [
            3,
            0,
            0,
            0
          ],
          "texture": "#3"
        }
      }
    }
  ],
  "gui_light": "front",
  "display": {
    "thirdperson_righthand": {
      "rotation": [
        45,
        0,
        0
      ],
      "translation": [
        0,
        -1.25,
        -2
      ],
      "scale": [
        0.51,
        0.51,
        0.51
      ]
    },
    "thirdperson_lefthand": {
      "rotation": [
        45,
        0,
        0
      ],
      "translation": [
        0,
        -1.25,
        -2
      ],
      "scale": [
        0.51,
        0.51,
        0.51
      ]
    },
    "firstperson_righthand": {
      "rotation": [
        -6,
        130,
        6
      ],
      "translation": [
        3,
        1.25,
        0
      ],
      "scale": [
        0.5,
        0.5,
        0.5
      ]
    },
    "firstperson_lefthand": {
      "rotation": [
        -6,
        130,
        6
      ],
      "translation": [
        3,
        1.25,
        0
      ],
      "scale": [
        0.5,
        0.5,
        0.5
      ]
    },
    "ground": {
      "scale": [
        0.6,
        0.6,
        0.6
      ]
    },
    "gui": {
      "rotation": [
        0,
        180,
        0
      ],
      "translation": [
        0,
        -6,
        0
      ],
      "scale": [
        0.9,
        0.9,
        0.9
      ]
    },
    "head": {
      "translation": [
        0,
        9,
        0
      ]
    },
    "fixed": {
      "rotation": [
        -90,
        0,
        0
      ],
      "translation": [
        0,
        0,
        -4
      ],
      "scale": [
        2,
        2,
        2
      ]
    }
  },
  "groups": [
    {
      "name": "group",
      "origin": [
        3,
        11,
        8
      ],
      "color": 0,
      "children": [
        0,
        1,
        2,
        3,
        4,
        5,
        6,
        7,
        8,
        9,
        10,
        11,
        12,
        13,
        14,
        {
          "name": "bones",
          "origin": [
            0,
            0,
            0
          ],
          "color": 0,
          "children": [
            15,
            16,
            17,
            18,
            19,
            20,
            21,
            22,
            23,
            24,
            25,
            26,
            27,
            28
          ]
        }
      ]
    },
    {
      "name": "eyes",
      "origin": [
        8,
        8,
        8
      ],
      "color": 0,
      "children": [
        29,
        30
      ]
    },
    {
      "name": "mushrooms",
      "origin": [
        8,
        8,
        8
      ],
      "color": 0,
      "children": [
        31,
        32,
        33,
        34,
        35,
        36
      ]
    }
  ]
}