{
  "credit": "Made with Blockbench",
  "texture_size": [
    128,
    128
  ],
  "textures": {
    "1": "pelucias/hostile_mobs/overvorld/elder_guardian/elder_guardian/elder_guardian",
    "particle": "minecraft:pelucias/hostile_mobs/overvorld/elder_guardian/elder_guardian/elder_guardian"
  },
  "elements": [
    {
      "name": "LR",
      "from": [
        1,
        1,
        2
      ],
      "to": [
        15,
        13,
        14
      ],
      "rotation": {
        "angle": 0,
        "axis": "y",
        "origin": [
          8,
          6,
          8
        ]
      },
      "faces": {
        "north": {
          "uv": [
            0,
            0,
            1.75,
            1.5
          ],
          "texture": "#1"
        },
        "east": {
          "uv": [
            5,
            1.75,
            6.5,
            3.25
          ],
          "texture": "#1"
        },
        "south": {
          "uv": [
            0,
            1.5,
            1.75,
            3
          ],
          "texture": "#1"
        },
        "west": {
          "uv": [
            5,
            3.25,
            6.5,
            4.75
          ],
          "texture": "#1"
        },
        "up": {
          "uv": [
            3.5,
            1.5,
            1.75,
            0
          ],
          "texture": "#1"
        },
        "down": {
          "uv": [
            3.5,
            1.5,
            1.75,
            3
          ],
          "texture": "#1"
        }
      }
    },
    {
      "name": "FB",
      "from": [
        2,
        1,
        1
      ],
      "to": [
        14,
        13,
        15
      ],
      "rotation": {
        "angle": 0,
        "axis": "y",
        "origin": [
          8,
          6,
          8
        ]
      },
      "faces": {
        "north": {
          "uv": [
            5,
            4.75,
            6.5,
            6.25
          ],
          "texture": "#1"
        },
        "east": {
          "uv": [
            0,
            3,
            1.75,
            4.5
          ],
          "texture": "#1"
        },
        "south": {
          "uv": [
            3,
            5.25,
            4.5,
            6.75
          ],
          "texture": "#1"
        },
        "west": {
          "uv": [
            1.75,
            3,
            3.5,
            4.5
          ],
          "texture": "#1"
        },
        "up": {
          "uv": [
            5,
            1.75,
            3.5,
            0
          ],
          "texture": "#1"
        },
        "down": {
          "uv": [
            5,
            1.75,
            3.5,
            3.5
          ],
          "texture": "#1"
        }
      }
    },
    {
      "name": "UD",
      "from": [
        2,
        0,
        2
      ],
      "to": [
        14,
        14,
        14
      ],
      "rotation": {
        "angle": 0,
        "axis": "y",
        "origin": [
          8,
          6,
          8
        ]
      },
      "faces": {
        "north": {
          "uv": [
            3.5,
            3.5,
            5,
            5.25
          ],
          "texture": "#1"
        },
        "east": {
          "uv": [
            0,
            4.5,
            1.5,
            6.25
          ],
          "texture": "#1"
        },
        "south": {
          "uv": [
            1.5,
            4.5,
            3,
            6.25
          ],
          "texture": "#1"
        },
        "west": {
          "uv": [
            5,
            0,
            6.5,
            1.75
          ],
          "texture": "#1"
        },
        "up": {
          "uv": [
            1.5,
            7.75,
            0,
            6.25
          ],
          "texture": "#1"
        },
        "down": {
          "uv": [
            3,
            6.25,
            1.5,
            7.75
          ],
          "texture": "#1"
        }
      }
    },
    {
      "name": "spine1_rotation",
      "from": [
        7,
        7,
        14
      ],
      "to": [
        9,
        16,
        16
      ],
      "rotation": {
        "angle": 45,
        "axis": "x",
        "origin": [
          8,
          14,
          15
        ]
      },
      "faces": {
        "north": {
          "uv": [
            6.5,
            0,
            6.75,
            1.125
          ],
          "texture": "#1"
        },
        "east": {
          "uv": [
            6.5,
            1.125,
            6.75,
            2.25
          ],
          "texture": "#1"
        },
        "south": {
          "uv": [
            6.5,
            2.25,
            6.75,
            3.375
          ],
          "texture": "#1"
        },
        "west": {
          "uv": [
            6.5,
            3.375,
            6.75,
            4.5
          ],
          "texture": "#1"
        },
        "up": {
          "uv": [
            5.25,
            7.875,
            5,
            7.625
          ],
          "texture": "#1"
        },
        "down": {
          "uv": [
            5.5,
            7.625,
            5.25,
            7.875
          ],
          "texture": "#1"
        }
      }
    },
    {
      "name": "spine2_rotation",
      "from": [
        7,
        7,
        0
      ],
      "to": [
        9,
        16,
        2
      ],
      "rotation": {
        "angle": -45,
        "axis": "x",
        "origin": [
          8,
          14,
          1
        ]
      },
      "faces": {
        "north": {
          "uv": [
            6.5,
            4.5,
            6.75,
            5.625
          ],
          "texture": "#1"
        },
        "east": {
          "uv": [
            6.75,
            0,
            7,
            1.125
          ],
          "texture": "#1"
        },
        "south": {
          "uv": [
            6.75,
            1.125,
            7,
            2.25
          ],
          "texture": "#1"
        },
        "west": {
          "uv": [
            6.75,
            2.25,
            7,
            3.375
          ],
          "texture": "#1"
        },
        "up": {
          "uv": [
            5.75,
            7.875,
            5.5,
            7.625
          ],
          "texture": "#1"
        },
        "down": {
          "uv": [
            7.875,
            5.5,
            7.625,
            5.75
          ],
          "texture": "#1"
        }
      }
    },
    {
      "name": "spine3_rotation",
      "from": [
        0,
        7,
        7
      ],
      "to": [
        2,
        16,
        9
      ],
      "rotation": {
        "angle": 45,
        "axis": "z",
        "origin": [
          1,
          14,
          8
        ]
      },
      "faces": {
        "north": {
          "uv": [
            3,
            6.75,
            3.25,
            7.875
          ],
          "texture": "#1"
        },
        "east": {
          "uv": [
            3.25,
            6.75,
            3.5,
            7.875
          ],
          "texture": "#1"
        },
        "south": {
          "uv": [
            6.75,
            3.375,
            7,
            4.5
          ],
          "texture": "#1"
        },
        "west": {
          "uv": [
            3.5,
            6.75,
            3.75,
            7.875
          ],
          "texture": "#1"
        },
        "up": {
          "uv": [
            7.875,
            6,
            7.625,
            5.75
          ],
          "texture": "#1"
        },
        "down": {
          "uv": [
            0.25,
            7.75,
            0,
            8
          ],
          "texture": "#1"
        }
      }
    },
    {
      "name": "spine4_rotation",
      "from": [
        14,
        7,
        7
      ],
      "to": [
        16,
        16,
        9
      ],
      "rotation": {
        "angle": -45,
        "axis": "z",
        "origin": [
          15,
          14,
          8
        ]
      },
      "faces": {
        "north": {
          "uv": [
            3.75,
            6.75,
            4,
            7.875
          ],
          "texture": "#1"
        },
        "east": {
          "uv": [
            4,
            6.75,
            4.25,
            7.875
          ],
          "texture": "#1"
        },
        "south": {
          "uv": [
            4.25,
            6.75,
            4.5,
            7.875
          ],
          "texture": "#1"
        },
        "west": {
          "uv": [
            6.75,
            4.5,
            7,
            5.625
          ],
          "texture": "#1"
        },
        "up": {
          "uv": [
            0.5,
            8,
            0.25,
            7.75
          ],
          "texture": "#1"
        },
        "down": {
          "uv": [
            0.75,
            7.75,
            0.5,
            8
          ],
          "texture": "#1"
        }
      }
    },
    {
      "name": "spine5_rotation",
      "from": [
        14,
        6,
        -1
      ],
      "to": [
        16,
        8,
        8
      ],
      "rotation": {
        "angle": -45,
        "axis": "y",
        "origin": [
          15,
          7,
          1
        ]
      },
      "faces": {
        "north": {
          "uv": [
            0.75,
            7.75,
            1,
            8
          ],
          "texture": "#1"
        },
        "east": {
          "uv": [
            6.5,
            5.625,
            7.625,
            5.875
          ],
          "texture": "#1"
        },
        "south": {
          "uv": [
            1,
            7.75,
            1.25,
            8
          ],
          "texture": "#1"
        },
        "west": {
          "uv": [
            6.5,
            5.875,
            7.625,
            6.125
          ],
          "texture": "#1"
        },
        "up": {
          "uv": [
            6,
            7.875,
            5.75,
            6.75
          ],
          "texture": "#1"
        },
        "down": {
          "uv": [
            6.25,
            6.75,
            6,
            7.875
          ],
          "texture": "#1"
        }
      }
    },
    {
      "name": "spine6_rotation",
      "from": [
        0,
        6,
        -1
      ],
      "to": [
        2,
        8,
        8
      ],
      "rotation": {
        "angle": 45,
        "axis": "y",
        "origin": [
          1,
          7,
          1
        ]
      },
      "faces": {
        "north": {
          "uv": [
            1.25,
            7.75,
            1.5,
            8
          ],
          "texture": "#1"
        },
        "east": {
          "uv": [
            6.25,
            6.75,
            7.375,
            7
          ],
          "texture": "#1"
        },
        "south": {
          "uv": [
            1.5,
            7.75,
            1.75,
            8
          ],
          "texture": "#1"
        },
        "west": {
          "uv": [
            4.5,
            6.875,
            5.625,
            7.125
          ],
          "texture": "#1"
        },
        "up": {
          "uv": [
            7.25,
            1.125,
            7,
            0
          ],
          "texture": "#1"
        },
        "down": {
          "uv": [
            7.25,
            1.125,
            7,
            2.25
          ],
          "texture": "#1"
        }
      }
    },
    {
      "name": "spine7_rotation",
      "from": [
        0,
        6,
        8
      ],
      "to": [
        2,
        8,
        17
      ],
      "rotation": {
        "angle": -45,
        "axis": "y",
        "origin": [
          1,
          7,
          15
        ]
      },
      "faces": {
        "north": {
          "uv": [
            1.75,
            7.75,
            2,
            8
          ],
          "texture": "#1"
        },
        "east": {
          "uv": [
            7,
            2.25,
            8.125,
            2.5
          ],
          "texture": "#1"
        },
        "south": {
          "uv": [
            2,
            7.75,
            2.25,
            8
          ],
          "texture": "#1"
        },
        "west": {
          "uv": [
            7,
            2.5,
            8.125,
            2.75
          ],
          "texture": "#1"
        },
        "up": {
          "uv": [
            7.25,
            3.875,
            7,
            2.75
          ],
          "texture": "#1"
        },
        "down": {
          "uv": [
            7.25,
            3.875,
            7,
            5
          ],
          "texture": "#1"
        }
      }
    },
    {
      "name": "spine8_rotation",
      "from": [
        8,
        6,
        14
      ],
      "to": [
        17,
        8,
        16
      ],
      "rotation": {
        "angle": -45,
        "axis": "y",
        "origin": [
          15,
          7,
          15
        ]
      },
      "faces": {
        "north": {
          "uv": [
            7,
            5,
            8.125,
            5.25
          ],
          "texture": "#1"
        },
        "east": {
          "uv": [
            2.25,
            7.75,
            2.5,
            8
          ],
          "texture": "#1"
        },
        "south": {
          "uv": [
            7,
            5.25,
            8.125,
            5.5
          ],
          "texture": "#1"
        },
        "west": {
          "uv": [
            2.5,
            7.75,
            2.75,
            8
          ],
          "texture": "#1"
        },
        "up": {
          "uv": [
            8.125,
            6.375,
            7,
            6.125
          ],
          "texture": "#1"
        },
        "down": {
          "uv": [
            7.375,
            7,
            6.25,
            7.25
          ],
          "texture": "#1"
        }
      }
    },
    {
      "name": "spine9_rotation",
      "from": [
        7,
        -1,
        8
      ],
      "to": [
        9,
        1,
        17
      ],
      "rotation": {
        "angle": 45,
        "axis": "x",
        "origin": [
          8,
          0,
          15
        ]
      },
      "faces": {
        "north": {
          "uv": [
            2.75,
            7.75,
            3,
            8
          ],
          "texture": "#1"
        },
        "east": {
          "uv": [
            7,
            6.375,
            8.125,
            6.625
          ],
          "texture": "#1"
        },
        "south": {
          "uv": [
            7.5,
            7.75,
            7.75,
            8
          ],
          "texture": "#1"
        },
        "west": {
          "uv": [
            4.5,
            7.125,
            5.625,
            7.375
          ],
          "texture": "#1"
        },
        "up": {
          "uv": [
            7.5,
            1.125,
            7.25,
            0
          ],
          "texture": "#1"
        },
        "down": {
          "uv": [
            7.5,
            1.125,
            7.25,
            2.25
          ],
          "texture": "#1"
        }
      }
    },
    {
      "name": "spine10_rotation",
      "from": [
        7,
        -2,
        0
      ],
      "to": [
        9,
        7,
        2
      ],
      "rotation": {
        "angle": 45,
        "axis": "x",
        "origin": [
          8,
          0,
          1
        ]
      },
      "faces": {
        "north": {
          "uv": [
            7.25,
            2.75,
            7.5,
            3.875
          ],
          "texture": "#1"
        },
        "east": {
          "uv": [
            7.25,
            3.875,
            7.5,
            5
          ],
          "texture": "#1"
        },
        "south": {
          "uv": [
            6.25,
            7.25,
            6.5,
            8.375
          ],
          "texture": "#1"
        },
        "west": {
          "uv": [
            6.5,
            7.25,
            6.75,
            8.375
          ],
          "texture": "#1"
        },
        "up": {
          "uv": [
            8,
            8,
            7.75,
            7.75
          ],
          "texture": "#1"
        },
        "down": {
          "uv": [
            3.25,
            7.875,
            3,
            8.125
          ],
          "texture": "#1"
        }
      }
    },
    {
      "name": "spine11_rotation",
      "from": [
        -1,
        -1,
        7
      ],
      "to": [
        8,
        1,
        9
      ],
      "rotation": {
        "angle": 45,
        "axis": "z",
        "origin": [
          1,
          0,
          8
        ]
      },
      "faces": {
        "north": {
          "uv": [
            6.75,
            7.25,
            7.875,
            7.5
          ],
          "texture": "#1"
        },
        "east": {
          "uv": [
            3.25,
            7.875,
            3.5,
            8.125
          ],
          "texture": "#1"
        },
        "south": {
          "uv": [
            4.5,
            7.375,
            5.625,
            7.625
          ],
          "texture": "#1"
        },
        "west": {
          "uv": [
            3.5,
            7.875,
            3.75,
            8.125
          ],
          "texture": "#1"
        },
        "up": {
          "uv": [
            8.5,
            6.875,
            7.375,
            6.625
          ],
          "texture": "#1"
        },
        "down": {
          "uv": [
            8.5,
            6.875,
            7.375,
            7.125
          ],
          "texture": "#1"
        }
      }
    },
    {
      "name": "spine12_rotation",
      "from": [
        8,
        -1,
        7
      ],
      "to": [
        17,
        1,
        9
      ],
      "rotation": {
        "angle": -45,
        "axis": "z",
        "origin": [
          15,
          0,
          8
        ]
      },
      "faces": {
        "north": {
          "uv": [
            7.5,
            0,
            8.625,
            0.25
          ],
          "texture": "#1"
        },
        "east": {
          "uv": [
            3.75,
            7.875,
            4,
            8.125
          ],
          "texture": "#1"
        },
        "south": {
          "uv": [
            7.5,
            0.25,
            8.625,
            0.5
          ],
          "texture": "#1"
        },
        "west": {
          "uv": [
            4,
            7.875,
            4.25,
            8.125
          ],
          "texture": "#1"
        },
        "up": {
          "uv": [
            8.625,
            0.75,
            7.5,
            0.5
          ],
          "texture": "#1"
        },
        "down": {
          "uv": [
            8.625,
            0.75,
            7.5,
            1
          ],
          "texture": "#1"
        }
      }
    },
    {
      "name": "eye",
      "from": [
        6,
        4,
        0
      ],
      "to": [
        10,
        8,
        1
      ],
      "rotation": {
        "angle": 0,
        "axis": "y",
        "origin": [
          8,
          -1,
          7
        ]
      },
      "faces": {
        "north": {
          "uv": [
            7.5,
            1,
            8,
            1.5
          ],
          "texture": "#1"
        },
        "east": {
          "uv": [
            5.625,
            6.875,
            5.75,
            7.375
          ],
          "texture": "#1"
        },
        "south": {
          "uv": [
            7.5,
            1.5,
            8,
            2
          ],
          "texture": "#1"
        },
        "west": {
          "uv": [
            7.875,
            4.125,
            8,
            4.625
          ],
          "texture": "#1"
        },
        "up": {
          "uv": [
            3.5,
            5.25,
            3,
            5.125
          ],
          "texture": "#1"
        },
        "down": {
          "uv": [
            7,
            6.125,
            6.5,
            6.25
          ],
          "texture": "#1"
        }
      }
    },
    {
      "from": [
        6,
        5,
        15
      ],
      "to": [
        10,
        9,
        20
      ],
      "rotation": {
        "angle": 0,
        "axis": "x",
        "origin": [
          6,
          5,
          15
        ]
      },
      "faces": {
        "north": {
          "uv": [
            7.5,
            2.75,
            8,
            3.25
          ],
          "texture": "#1"
        },
        "east": {
          "uv": [
            5.75,
            6.25,
            6.375,
            6.75
          ],
          "texture": "#1"
        },
        "south": {
          "uv": [
            7.5,
            3.25,
            8,
            3.75
          ],
          "texture": "#1"
        },
        "west": {
          "uv": [
            6.375,
            6.25,
            7,
            6.75
          ],
          "texture": "#1"
        },
        "up": {
          "uv": [
            3.5,
            5.125,
            3,
            4.5
          ],
          "texture": "#1"
        },
        "down": {
          "uv": [
            5,
            5.25,
            4.5,
            5.875
          ],
          "texture": "#1"
        }
      }
    },
    {
      "from": [
        6.5,
        4.91732,
        19.07612
      ],
      "to": [
        9.5,
        7.91732,
        23.07612
      ],
      "rotation": {
        "angle": 22.5,
        "axis": "x",
        "origin": [
          8,
          6,
          21
        ]
      },
      "faces": {
        "north": {
          "uv": [
            7.5,
            4.625,
            7.875,
            5
          ],
          "texture": "#1"
        },
        "east": {
          "uv": [
            4.5,
            5.875,
            5,
            6.25
          ],
          "texture": "#1"
        },
        "south": {
          "uv": [
            7.125,
            7.5,
            7.5,
            7.875
          ],
          "texture": "#1"
        },
        "west": {
          "uv": [
            7.5,
            3.75,
            8,
            4.125
          ],
          "texture": "#1"
        },
        "up": {
          "uv": [
            7.875,
            4.625,
            7.5,
            4.125
          ],
          "texture": "#1"
        },
        "down": {
          "uv": [
            7.125,
            7.5,
            6.75,
            8
          ],
          "texture": "#1"
        }
      }
    },
    {
      "from": [
        7,
        5.15851,
        21.76956
      ],
      "to": [
        9,
        7.15851,
        25.76956
      ],
      "rotation": {
        "angle": 45,
        "axis": "x",
        "origin": [
          8,
          5,
          22
        ]
      },
      "faces": {
        "north": {
          "uv": [
            4.25,
            7.875,
            4.5,
            8.125
          ],
          "texture": "#1"
        },
        "east": {
          "uv": [
            7.5,
            2,
            8,
            2.25
          ],
          "texture": "#1"
        },
        "south": {
          "uv": [
            7.875,
            4.625,
            8.125,
            4.875
          ],
          "texture": "#1"
        },
        "west": {
          "uv": [
            7.5,
            7.5,
            8,
            7.75
          ],
          "texture": "#1"
        },
        "up": {
          "uv": [
            4.75,
            8.125,
            4.5,
            7.625
          ],
          "texture": "#1"
        },
        "down": {
          "uv": [
            5,
            7.625,
            4.75,
            8.125
          ],
          "texture": "#1"
        }
      }
    },
    {
      "from": [
        8,
        1,
        23
      ],
      "to": [
        8,
        6,
        28
      ],
      "rotation": {
        "angle": 45,
        "axis": "x",
        "origin": [
          7,
          3,
          25
        ]
      },
      "faces": {
        "north": {
          "uv": [
            0,
            0,
            0,
            0.625
          ],
          "texture": "#1"
        },
        "east": {
          "uv": [
            4.5,
            6.25,
            5.125,
            6.875
          ],
          "texture": "#1"
        },
        "south": {
          "uv": [
            0,
            0,
            0,
            0.625
          ],
          "texture": "#1"
        },
        "west": {
          "uv": [
            5.125,
            6.25,
            5.75,
            6.875
          ],
          "texture": "#1"
        },
        "up": {
          "uv": [
            0,
            0.625,
            0,
            0
          ],
          "texture": "#1"
        },
        "down": {
          "uv": [
            0,
            0,
            0,
            0.625
          ],
          "texture": "#1"
        }
      }
    }
  ],
  "gui_light": "front",
  "display": {
    "thirdperson_righthand": {
      "rotation": [
        72,
        0,
        0
      ],
      "translation": [
        0,
        -0.75,
        -2.75
      ],
      "scale": [
        0.5,
        0.5,
        0.5
      ]
    },
    "thirdperson_lefthand": {
      "rotation": [
        72,
        0,
        0
      ],
      "translation": [
        0,
        -0.75,
        -2.75
      ],
      "scale": [
        0.5,
        0.5,
        0.5
      ]
    },
    "firstperson_righthand": {
      "rotation": [
        -10,
        142,
        6
      ],
      "translation": [
        4,
        4.5,
        -3
      ],
      "scale": [
        0.6,
        0.6,
        0.6
      ]
    },
    "firstperson_lefthand": {
      "rotation": [
        -10,
        142,
        6
      ],
      "translation": [
        4,
        4.5,
        -3
      ],
      "scale": [
        0.6,
        0.6,
        0.6
      ]
    },
    "ground": {
      "translation": [
        0,
        8,
        0
      ],
      "scale": [
        0.55,
        0.55,
        0.55
      ]
    },
    "gui": {
      "rotation": [
        0,
        180,
        0
      ],
      "translation": [
        0,
        1,
        0
      ],
      "scale": [
        0.9,
        0.9,
        0.9
      ]
    },
    "head": {
      "translation": [
        0,
        14.5,
        0
      ]
    },
    "fixed": {
      "rotation": [
        -90,
        0,
        0
      ],
      "translation": [
        0,
        0,
        -16
      ],
      "scale": [
        2,
        2,
        2
      ]
    }
  },
  "groups": [
    {
      "name": "body",
      "origin": [
        8,
        6,
        8
      ],
      "color": 0,
      "children": [
        0,
        1,
        2
      ]
    },
    {
      "name": "thorns",
      "origin": [
        15,
        0,
        8
      ],
      "color": 0,
      "children": [
        3,
        4,
        5,
        6,
        7,
        8,
        9,
        10,
        11,
        12,
        13,
        14
      ]
    },
    15,
    {
      "name": "tail",
      "origin": [
        8,
        8,
        8
      ],
      "color": 0,
      "children": [
        16,
        17,
        18,
        19
      ]
    }
  ]
}