{
  "credit": "Made with Blockbench",
  "texture_size": [
    128,
    128
  ],
  "textures": {
    "0": "pelucias/hostile_mobs/overvorld/illagers/ravager/ravager/ravager",
    "particle": "pelucias/hostile_mobs/overvorld/illagers/ravager/ravager/ravager"
  },
  "elements": [
    {
      "name": "head",
      "from": [
        0,
        6,
        -5
      ],
      "to": [
        16,
        27,
        11
      ],
      "rotation": {
        "angle": 0,
        "axis": "y",
        "origin": [
          0,
          7,
          -5
        ]
      },
      "faces": {
        "north": {
          "uv": [
            0,
            0,
            2,
            2.625
          ],
          "texture": "#0"
        },
        "east": {
          "uv": [
            2,
            0,
            4,
            2.625
          ],
          "texture": "#0"
        },
        "south": {
          "uv": [
            0,
            2.625,
            2,
            5.25
          ],
          "texture": "#0"
        },
        "west": {
          "uv": [
            2,
            2.625,
            4,
            5.25
          ],
          "texture": "#0"
        },
        "up": {
          "uv": [
            6,
            2,
            4,
            0
          ],
          "texture": "#0"
        },
        "down": {
          "uv": [
            6,
            2,
            4,
            4
          ],
          "texture": "#0"
        }
      }
    },
    {
      "name": "horn1",
      "from": [
        -2,
        20,
        -14
      ],
      "to": [
        0,
        24,
        0
      ],
      "rotation": {
        "angle": 22.5,
        "axis": "x",
        "origin": [
          -2,
          20,
          0
        ]
      },
      "faces": {
        "north": {
          "uv": [
            3.75,
            5.25,
            4,
            5.75
          ],
          "texture": "#0"
        },
        "east": {
          "uv": [
            7.75,
            8,
            9.5,
            8.5
          ],
          "texture": "#0"
        },
        "south": {
          "uv": [
            3.75,
            5.75,
            4,
            6.25
          ],
          "texture": "#0"
        },
        "west": {
          "uv": [
            8.25,
            0,
            10,
            0.5
          ],
          "texture": "#0"
        },
        "up": {
          "uv": [
            6.75,
            9.875,
            6.5,
            8.125
          ],
          "texture": "#0"
        },
        "down": {
          "uv": [
            0.25,
            8.75,
            0,
            10.5
          ],
          "texture": "#0"
        }
      }
    },
    {
      "name": "horn2",
      "from": [
        16,
        20,
        -14
      ],
      "to": [
        18,
        24,
        0
      ],
      "rotation": {
        "angle": 22.5,
        "axis": "x",
        "origin": [
          18,
          20,
          0
        ]
      },
      "faces": {
        "north": {
          "uv": [
            1.25,
            8.75,
            1.5,
            9.25
          ],
          "texture": "#0"
        },
        "east": {
          "uv": [
            8.25,
            0.5,
            10,
            1
          ],
          "texture": "#0"
        },
        "south": {
          "uv": [
            1.5,
            8.75,
            1.75,
            9.25
          ],
          "texture": "#0"
        },
        "west": {
          "uv": [
            8.25,
            1,
            10,
            1.5
          ],
          "texture": "#0"
        },
        "up": {
          "uv": [
            0.5,
            10.5,
            0.25,
            8.75
          ],
          "texture": "#0"
        },
        "down": {
          "uv": [
            0.75,
            8.75,
            0.5,
            10.5
          ],
          "texture": "#0"
        }
      }
    },
    {
      "name": "nose",
      "from": [
        6,
        5,
        -9
      ],
      "to": [
        10,
        13,
        -5
      ],
      "rotation": {
        "angle": 0,
        "axis": "y",
        "origin": [
          6,
          5,
          -9
        ]
      },
      "faces": {
        "north": {
          "uv": [
            6.25,
            4.5,
            6.75,
            5.5
          ],
          "texture": "#0"
        },
        "east": {
          "uv": [
            5.25,
            8.25,
            5.75,
            9.25
          ],
          "texture": "#0"
        },
        "south": {
          "uv": [
            7.75,
            8.5,
            8.25,
            9.5
          ],
          "texture": "#0"
        },
        "west": {
          "uv": [
            8.25,
            8.5,
            8.75,
            9.5
          ],
          "texture": "#0"
        },
        "up": {
          "uv": [
            6.75,
            6,
            6.25,
            5.5
          ],
          "texture": "#0"
        },
        "down": {
          "uv": [
            1.25,
            8.75,
            0.75,
            9.25
          ],
          "texture": "#0"
        }
      }
    },
    {
      "name": "Rleg1",
      "from": [
        10.5,
        0,
        11
      ],
      "to": [
        16.5,
        18,
        17
      ],
      "rotation": {
        "angle": 22.5,
        "axis": "x",
        "origin": [
          14,
          18,
          11
        ]
      },
      "faces": {
        "north": {
          "uv": [
            1.5,
            5.25,
            2.25,
            7.5
          ],
          "texture": "#0"
        },
        "east": {
          "uv": [
            2.25,
            5.25,
            3,
            7.5
          ],
          "texture": "#0"
        },
        "south": {
          "uv": [
            3,
            5.25,
            3.75,
            7.5
          ],
          "texture": "#0"
        },
        "west": {
          "uv": [
            5.5,
            4,
            6.25,
            6.25
          ],
          "texture": "#0"
        },
        "up": {
          "uv": [
            9.25,
            3.5,
            8.5,
            2.75
          ],
          "texture": "#0"
        },
        "down": {
          "uv": [
            9.25,
            3.5,
            8.5,
            4.25
          ],
          "texture": "#0"
        }
      }
    },
    {
      "name": "Rleg2",
      "from": [
        10.5,
        0,
        9
      ],
      "to": [
        16.5,
        6,
        27
      ],
      "rotation": {
        "angle": -22.5,
        "axis": "y",
        "origin": [
          13,
          6,
          27
        ]
      },
      "faces": {
        "north": {
          "uv": [
            8.5,
            5,
            9.25,
            5.75
          ],
          "texture": "#0"
        },
        "east": {
          "uv": [
            6.25,
            3.75,
            8.5,
            4.5
          ],
          "texture": "#0"
        },
        "south": {
          "uv": [
            8.5,
            5.75,
            9.25,
            6.5
          ],
          "texture": "#0"
        },
        "west": {
          "uv": [
            4.5,
            6.25,
            6.75,
            7
          ],
          "texture": "#0"
        },
        "up": {
          "uv": [
            7.5,
            3.75,
            6.75,
            1.5
          ],
          "texture": "#0"
        },
        "down": {
          "uv": [
            7.5,
            4.5,
            6.75,
            6.75
          ],
          "texture": "#0"
        }
      }
    },
    {
      "name": "Lleg1",
      "from": [
        -0.5,
        0,
        11
      ],
      "to": [
        5.5,
        18,
        17
      ],
      "rotation": {
        "angle": 22.5,
        "axis": "x",
        "origin": [
          2,
          18,
          11
        ]
      },
      "faces": {
        "north": {
          "uv": [
            4,
            4,
            4.75,
            6.25
          ],
          "texture": "#0"
        },
        "east": {
          "uv": [
            4.75,
            4,
            5.5,
            6.25
          ],
          "texture": "#0"
        },
        "south": {
          "uv": [
            0,
            5.25,
            0.75,
            7.5
          ],
          "texture": "#0"
        },
        "west": {
          "uv": [
            0.75,
            5.25,
            1.5,
            7.5
          ],
          "texture": "#0"
        },
        "up": {
          "uv": [
            6.5,
            8.875,
            5.75,
            8.125
          ],
          "texture": "#0"
        },
        "down": {
          "uv": [
            5.25,
            8.25,
            4.5,
            9
          ],
          "texture": "#0"
        }
      }
    },
    {
      "name": "Lleg2",
      "from": [
        -0.5,
        0,
        9
      ],
      "to": [
        5.5,
        6,
        27
      ],
      "rotation": {
        "angle": 22.5,
        "axis": "y",
        "origin": [
          3,
          6,
          27
        ]
      },
      "faces": {
        "north": {
          "uv": [
            3.75,
            8.5,
            4.5,
            9.25
          ],
          "texture": "#0"
        },
        "east": {
          "uv": [
            6,
            0,
            8.25,
            0.75
          ],
          "texture": "#0"
        },
        "south": {
          "uv": [
            8.5,
            4.25,
            9.25,
            5
          ],
          "texture": "#0"
        },
        "west": {
          "uv": [
            6,
            0.75,
            8.25,
            1.5
          ],
          "texture": "#0"
        },
        "up": {
          "uv": [
            6.75,
            3.75,
            6,
            1.5
          ],
          "texture": "#0"
        },
        "down": {
          "uv": [
            4.5,
            6.25,
            3.75,
            8.5
          ],
          "texture": "#0"
        }
      }
    },
    {
      "name": "body1",
      "from": [
        3,
        8,
        12
      ],
      "to": [
        13,
        18,
        22
      ],
      "rotation": {
        "angle": 22.5,
        "axis": "x",
        "origin": [
          8,
          18,
          12
        ]
      },
      "faces": {
        "north": {
          "uv": [
            6.75,
            6.75,
            8,
            8
          ],
          "texture": "#0"
        },
        "east": {
          "uv": [
            4.5,
            7,
            5.75,
            8.25
          ],
          "texture": "#0"
        },
        "south": {
          "uv": [
            0,
            7.5,
            1.25,
            8.75
          ],
          "texture": "#0"
        },
        "west": {
          "uv": [
            1.25,
            7.5,
            2.5,
            8.75
          ],
          "texture": "#0"
        },
        "up": {
          "uv": [
            8.75,
            2.75,
            7.5,
            1.5
          ],
          "texture": "#0"
        },
        "down": {
          "uv": [
            3.75,
            7.5,
            2.5,
            8.75
          ],
          "texture": "#0"
        }
      }
    },
    {
      "name": "body2",
      "from": [
        4,
        8,
        22
      ],
      "to": [
        12,
        17,
        30
      ],
      "rotation": {
        "angle": 22.5,
        "axis": "x",
        "origin": [
          8,
          18,
          12
        ]
      },
      "faces": {
        "north": {
          "uv": [
            5.75,
            7,
            6.75,
            8.125
          ],
          "texture": "#0"
        },
        "east": {
          "uv": [
            7.5,
            4.5,
            8.5,
            5.625
          ],
          "texture": "#0"
        },
        "south": {
          "uv": [
            7.5,
            5.625,
            8.5,
            6.75
          ],
          "texture": "#0"
        },
        "west": {
          "uv": [
            6.75,
            8,
            7.75,
            9.125
          ],
          "texture": "#0"
        },
        "up": {
          "uv": [
            8.5,
            3.75,
            7.5,
            2.75
          ],
          "texture": "#0"
        },
        "down": {
          "uv": [
            9,
            6.75,
            8,
            7.75
          ],
          "texture": "#0"
        }
      }
    },
    {
      "name": "L eye",
      "from": [
        2,
        10,
        -6
      ],
      "to": [
        6,
        14,
        -5
      ],
      "rotation": {
        "angle": 0,
        "axis": "y",
        "origin": [
          2,
          10,
          -6
        ]
      },
      "faces": {
        "north": {
          "uv": [
            15.5,
            0.625,
            16,
            1.125
          ],
          "texture": "#0"
        },
        "east": {
          "uv": [
            14.25,
            0.625,
            14.375,
            1.125
          ],
          "texture": "#0"
        },
        "south": {
          "uv": [
            14.5,
            0.625,
            15,
            1.125
          ],
          "texture": "#0"
        },
        "west": {
          "uv": [
            14.375,
            0.625,
            14.5,
            1.125
          ],
          "texture": "#0"
        },
        "up": {
          "uv": [
            15,
            0.625,
            15.5,
            0.75
          ],
          "texture": "#0"
        },
        "down": {
          "uv": [
            15,
            0.75,
            15.5,
            0.875
          ],
          "texture": "#0"
        }
      }
    },
    {
      "name": "R eye",
      "from": [
        10,
        10,
        -6
      ],
      "to": [
        14,
        14,
        -5
      ],
      "rotation": {
        "angle": 0,
        "axis": "y",
        "origin": [
          10,
          10,
          -6
        ]
      },
      "faces": {
        "north": {
          "uv": [
            15.5,
            0,
            16,
            0.5
          ],
          "texture": "#0"
        },
        "east": {
          "uv": [
            14.25,
            0,
            14.375,
            0.5
          ],
          "texture": "#0"
        },
        "south": {
          "uv": [
            15,
            0,
            15.5,
            0.5
          ],
          "texture": "#0"
        },
        "west": {
          "uv": [
            14.375,
            0,
            14.5,
            0.5
          ],
          "texture": "#0"
        },
        "up": {
          "uv": [
            14.5,
            0.125,
            15,
            0.25
          ],
          "texture": "#0"
        },
        "down": {
          "uv": [
            14.5,
            0,
            15,
            0.125
          ],
          "texture": "#0"
        }
      }
    }
  ],
  "gui_light": "front",
  "display": {
    "thirdperson_righthand": {
      "rotation": [
        52,
        0,
        0
      ],
      "translation": [
        0,
        -1.25,
        -3.75
      ],
      "scale": [
        0.35,
        0.35,
        0.35
      ]
    },
    "thirdperson_lefthand": {
      "rotation": [
        52,
        0,
        0
      ],
      "translation": [
        0,
        -1.25,
        -2
      ],
      "scale": [
        0.32,
        0.32,
        0.32
      ]
    },
    "firstperson_righthand": {
      "rotation": [
        -6,
        130,
        6
      ],
      "translation": [
        3,
        2.5,
        0
      ],
      "scale": [
        0.35,
        0.35,
        0.35
      ]
    },
    "firstperson_lefthand": {
      "rotation": [
        -14,
        130,
        14
      ],
      "translation": [
        1.75,
        2.5,
        0
      ],
      "scale": [
        0.35,
        0.35,
        0.35
      ]
    },
    "ground": {
      "translation": [
        0,
        3,
        0
      ],
      "scale": [
        0.45,
        0.45,
        0.45
      ]
    },
    "gui": {
      "rotation": [
        0,
        180,
        0
      ],
      "translation": [
        0,
        -2.75,
        0
      ],
      "scale": [
        0.5,
        0.5,
        0.5
      ]
    },
    "head": {
      "translation": [
        0,
        12.25,
        -6.5
      ],
      "scale": [
        0.7,
        0.7,
        0.7
      ]
    },
    "fixed": {
      "rotation": [
        -90,
        0,
        0
      ],
      "translation": [
        0,
        -9.5,
        -12
      ],
      "scale": [
        1.5,
        1.5,
        1.5
      ]
    }
  },
  "groups": [
    {
      "name": "head",
      "origin": [
        0,
        7,
        -5
      ],
      "color": 0,
      "children": [
        0,
        1,
        2,
        3
      ]
    },
    {
      "name": "legs",
      "origin": [
        14,
        18,
        11
      ],
      "color": 0,
      "children": [
        4,
        5,
        6,
        7
      ]
    },
    {
      "name": "body",
      "origin": [
        8,
        8,
        8
      ],
      "color": 0,
      "children": [
        8,
        9
      ]
    },
    {
      "name": "eyes",
      "origin": [
        8,
        8,
        8
      ],
      "color": 0,
      "children": [
        10,
        11
      ]
    }
  ]
}