{
	"format_version": "1.21.6",
	"credit": "Made with Blockbench",
	"texture_size": [32, 32],
	"textures": {
		"0": "minecraft:demon_slayer/katana/genya",
		"particle": "minecraft:demon_slayer/katana/genya"
	},
	"elements": [
		{
			"from": [6.75368, 3, 7.89614],
			"to": [8.75368, 25, 8.09614],
			"rotation": {"angle": 0, "axis": "y", "origin": [0.75368, 0, -0.50386]},
			"faces": {
				"north": {"uv": [0, 3.5, 1, 14.5], "texture": "#0"},
				"east": {"uv": [0, 3.5, 0.5, 14.5], "texture": "#0"},
				"south": {"uv": [1, 3.5, 2, 14.5], "texture": "#0"},
				"west": {"uv": [0.5, 3.5, 1, 14.5], "texture": "#0"},
				"up": {"uv": [1, 3.5, 0, 4], "texture": "#0"},
				"down": {"uv": [1, 0, 0, 0], "texture": "#0"}
			}
		},
		{
			"from": [7.75368, 25, 7.89614],
			"to": [8.75368, 24, 8.09614],
			"rotation": {"angle": 0, "axis": "y", "origin": [0.75368, -4, -0.50386]},
			"faces": {
				"north": {"uv": [0, 0, 0.5, 0.5], "texture": "#0"},
				"east": {"uv": [0, 0, 0.1, 0.5], "texture": "#0"},
				"south": {"uv": [0, 0, 0.5, 0.5], "texture": "#0"},
				"west": {"uv": [0, 4, 0.45, 4.5], "texture": "#0"},
				"up": {"uv": [0.5, 3.5, 1, 4], "texture": "#0"},
				"down": {"uv": [0, 0, 0.5, 0.6], "texture": "#0"}
			}
		},
		{
			"from": [6.75, -5, 7.65],
			"to": [8.75, 2, 8.35],
			"rotation": {"angle": 0, "axis": "y", "origin": [0.75, 1.1, -0.5]},
			"faces": {
				"north": {"uv": [2.5, 12, 3.5, 15.5], "texture": "#0"},
				"east": {"uv": [2, 12, 2.5, 15.5], "texture": "#0"},
				"south": {"uv": [3.5, 12, 2.5, 15.5], "texture": "#0"},
				"west": {"uv": [3.5, 12, 4, 15.5], "texture": "#0"},
				"up": {"uv": [6, 0.5, 5.5, 0], "texture": "#0"},
				"down": {"uv": [0.5, 0, 0, 0.5], "texture": "#0"}
			}
		},
		{
			"from": [5.75368, 2, 6.99614],
			"to": [9.75368, 3, 8.99614],
			"rotation": {"angle": 0, "axis": "y", "origin": [0.75368, 3.1, -0.15386]},
			"faces": {
				"north": {"uv": [3.5, 11, 3, 9], "rotation": 90, "texture": "#0"},
				"east": {"uv": [4, 11, 3, 10.5], "texture": "#0"},
				"south": {"uv": [4, 11, 3.5, 9], "rotation": 90, "texture": "#0"},
				"west": {"uv": [3, 9.5, 4, 9], "texture": "#0"},
				"up": {"uv": [3, 9, 4, 11], "rotation": 90, "texture": "#0"},
				"down": {"uv": [4, 9, 3, 11], "rotation": 90, "texture": "#0"}
			}
		},
		{
			"from": [5.75368, 2, 9.99614],
			"to": [9.75368, 3, 10.99614],
			"rotation": {"angle": 0, "axis": "y", "origin": [0.75368, 3.1, 1.84614]},
			"faces": {
				"north": {"uv": [4.5, 9, 5, 11], "rotation": 90, "texture": "#0"},
				"east": {"uv": [4.5, 9, 5, 9.5], "rotation": 90, "texture": "#0"},
				"south": {"uv": [4.5, 9, 5, 11], "rotation": 90, "texture": "#0"},
				"west": {"uv": [4.5, 10.5, 5, 11], "rotation": 90, "texture": "#0"},
				"up": {"uv": [4.5, 9, 5, 11], "rotation": 90, "texture": "#0"},
				"down": {"uv": [4.5, 9, 5, 11], "rotation": 90, "texture": "#0"}
			}
		},
		{
			"from": [5.75368, 2, 4.99614],
			"to": [9.75368, 3, 5.99614],
			"rotation": {"angle": 0, "axis": "y", "origin": [0.75368, 3.1, -3.15386]},
			"faces": {
				"north": {"uv": [2, 9, 2.5, 11], "rotation": 90, "texture": "#0"},
				"east": {"uv": [2, 9, 2.5, 9.5], "rotation": 90, "texture": "#0"},
				"south": {"uv": [2, 9, 2.5, 11], "rotation": 90, "texture": "#0"},
				"west": {"uv": [2, 10.5, 2.5, 11], "rotation": 90, "texture": "#0"},
				"up": {"uv": [2, 9, 2.5, 11], "rotation": 90, "texture": "#0"},
				"down": {"uv": [2, 9, 2.5, 11], "rotation": 90, "texture": "#0"}
			}
		},
		{
			"from": [9.75368, 1.985, 8.99614],
			"to": [10.75368, 3.01, 9.99614],
			"rotation": {"angle": 0, "axis": "y", "origin": [4.75368, 3.075, 0.84614]},
			"faces": {
				"north": {"uv": [4, 8.5, 4.5, 9], "rotation": 90, "texture": "#0"},
				"east": {"uv": [4, 8.5, 4.5, 9], "rotation": 90, "texture": "#0"},
				"south": {"uv": [4, 8.5, 4.5, 9], "rotation": 90, "texture": "#0"},
				"west": {"uv": [4, 8.5, 4.5, 9], "rotation": 90, "texture": "#0"},
				"up": {"uv": [4, 8.5, 4.5, 9], "rotation": 90, "texture": "#0"},
				"down": {"uv": [4, 8.5, 4.5, 9], "rotation": 90, "texture": "#0"}
			}
		},
		{
			"from": [9.75368, 1.985, 5.99614],
			"to": [10.75368, 3.01, 6.99614],
			"rotation": {"angle": 0, "axis": "y", "origin": [4.75368, 3.075, -2.15386]},
			"faces": {
				"north": {"uv": [2.5, 8.5, 3, 9], "rotation": 90, "texture": "#0"},
				"east": {"uv": [2.5, 8.5, 3, 9], "rotation": 90, "texture": "#0"},
				"south": {"uv": [2.5, 8.5, 3, 9], "rotation": 90, "texture": "#0"},
				"west": {"uv": [2.5, 8.5, 3, 9], "rotation": 90, "texture": "#0"},
				"up": {"uv": [2.5, 8.5, 3, 9], "rotation": 90, "texture": "#0"},
				"down": {"uv": [2.5, 8.5, 3, 9], "rotation": 90, "texture": "#0"}
			}
		},
		{
			"from": [4.75368, 1.985, 5.99614],
			"to": [5.75368, 3.01, 6.99614],
			"rotation": {"angle": 0, "axis": "y", "origin": [-0.24632, 3.075, -2.15386]},
			"faces": {
				"north": {"uv": [2.5, 11, 3, 11.5], "rotation": 90, "texture": "#0"},
				"east": {"uv": [2.5, 11, 3, 11.5], "rotation": 90, "texture": "#0"},
				"south": {"uv": [2.5, 11, 3, 11.5], "rotation": 90, "texture": "#0"},
				"west": {"uv": [2.5, 11, 3, 11.5], "rotation": 90, "texture": "#0"},
				"up": {"uv": [2.5, 11, 3, 11.5], "rotation": 90, "texture": "#0"},
				"down": {"uv": [2.5, 11, 3, 11.5], "rotation": 90, "texture": "#0"}
			}
		},
		{
			"from": [4.75368, 1.985, 8.99614],
			"to": [5.75368, 3.01, 9.99614],
			"rotation": {"angle": 0, "axis": "y", "origin": [-0.24632, 3.075, 0.84614]},
			"faces": {
				"north": {"uv": [4, 11, 4.5, 11.5], "rotation": 90, "texture": "#0"},
				"east": {"uv": [4, 11, 4.5, 11.5], "rotation": 90, "texture": "#0"},
				"south": {"uv": [4, 11, 4.5, 11.5], "rotation": 90, "texture": "#0"},
				"west": {"uv": [4, 11, 4.5, 11.5], "rotation": 90, "texture": "#0"},
				"up": {"uv": [4, 11, 4.5, 11.5], "rotation": 90, "texture": "#0"},
				"down": {"uv": [4, 11, 4.5, 11.5], "rotation": 90, "texture": "#0"}
			}
		},
		{
			"from": [9.25368, 2, 9.78903],
			"to": [10.66618, 3, 10.78903],
			"rotation": {"angle": 45, "axis": "y", "origin": [9.75368, 2.5, 10.28903]},
			"faces": {
				"north": {"uv": [4, 9, 4.5, 8.5], "texture": "#0"},
				"east": {"uv": [4, 9, 4.5, 8.5], "texture": "#0"},
				"south": {"uv": [4, 9, 4.5, 8.5], "texture": "#0"},
				"west": {"uv": [4, 9, 4.5, 8.5], "texture": "#0"},
				"up": {"uv": [4, 9, 4.5, 8.5], "texture": "#0"},
				"down": {"uv": [4, 9, 4.5, 8.5], "texture": "#0"}
			}
		},
		{
			"from": [9.6004, 2, 7.91304],
			"to": [10.6004, 3, 9.22554],
			"rotation": {"angle": 22.5, "axis": "y", "origin": [10.1004, 2.5, 8.72554]},
			"faces": {
				"north": {"uv": [4.5, 10, 5, 9.5], "texture": "#0"},
				"east": {"uv": [4.5, 10, 5, 9.5], "texture": "#0"},
				"south": {"uv": [4.5, 10, 5, 9.5], "texture": "#0"},
				"west": {"uv": [4.5, 10, 5, 9.5], "texture": "#0"},
				"up": {"uv": [4.5, 10, 5, 9.5], "rotation": 270, "texture": "#0"},
				"down": {"uv": [4.5, 10, 5, 9.5], "rotation": 90, "texture": "#0"}
			}
		},
		{
			"from": [4.90696, 2, 7.91304],
			"to": [5.90696, 3, 9.22554],
			"rotation": {"angle": -22.5, "axis": "y", "origin": [5.40696, 2.5, 8.72554]},
			"faces": {
				"north": {"uv": [4.5, 10, 5, 9.5], "texture": "#0"},
				"east": {"uv": [4.5, 10, 5, 9.5], "texture": "#0"},
				"south": {"uv": [4.5, 10, 5, 9.5], "texture": "#0"},
				"west": {"uv": [4.5, 10, 5, 9.5], "texture": "#0"},
				"up": {"uv": [4.5, 10, 5, 9.5], "rotation": 270, "texture": "#0"},
				"down": {"uv": [4.5, 10, 5, 9.5], "rotation": 90, "texture": "#0"}
			}
		},
		{
			"from": [5.02655, 2, 6.74295],
			"to": [6.02655, 3, 8.05545],
			"rotation": {"angle": 22.5, "axis": "y", "origin": [5.52655, 2.5, 7.55545]},
			"faces": {
				"north": {"uv": [4.5, 10, 5, 9.5], "texture": "#0"},
				"east": {"uv": [4.5, 10, 5, 9.5], "texture": "#0"},
				"south": {"uv": [4.5, 10, 5, 9.5], "texture": "#0"},
				"west": {"uv": [4.5, 10, 5, 9.5], "texture": "#0"},
				"up": {"uv": [4.5, 10, 5, 9.5], "rotation": 270, "texture": "#0"},
				"down": {"uv": [4.5, 10, 5, 9.5], "rotation": 90, "texture": "#0"}
			}
		},
		{
			"from": [9.48081, 2, 6.74295],
			"to": [10.48081, 3, 8.05545],
			"rotation": {"angle": -22.5, "axis": "y", "origin": [9.98081, 2.5, 7.55545]},
			"faces": {
				"north": {"uv": [4.5, 10, 5, 9.5], "texture": "#0"},
				"east": {"uv": [4.5, 10, 5, 9.5], "texture": "#0"},
				"south": {"uv": [4.5, 10, 5, 9.5], "texture": "#0"},
				"west": {"uv": [4.5, 10, 5, 9.5], "texture": "#0"},
				"up": {"uv": [4.5, 10, 5, 9.5], "rotation": 270, "texture": "#0"},
				"down": {"uv": [4.5, 10, 5, 9.5], "rotation": 90, "texture": "#0"}
			}
		},
		{
			"from": [4.962, 2, 5.49493],
			"to": [6.3745, 3, 6.49493],
			"rotation": {"angle": 45, "axis": "y", "origin": [5.462, 2.5, 5.99493]},
			"faces": {
				"north": {"uv": [2, 8.5, 2.5, 8], "texture": "#0"},
				"east": {"uv": [2, 8.5, 2.5, 8], "texture": "#0"},
				"south": {"uv": [2, 8.5, 2.5, 8], "texture": "#0"},
				"west": {"uv": [2, 8.5, 2.5, 8], "texture": "#0"},
				"up": {"uv": [2, 8.5, 2.5, 8], "texture": "#0"},
				"down": {"uv": [2, 8.5, 2.5, 8], "texture": "#0"}
			}
		},
		{
			"from": [9.25489, 2, 5.20446],
			"to": [10.66739, 3, 6.20446],
			"rotation": {"angle": -45, "axis": "y", "origin": [9.75489, 2.5, 5.70446]},
			"faces": {
				"north": {"uv": [4, 9, 4.5, 8.5], "texture": "#0"},
				"east": {"uv": [4, 9, 4.5, 8.5], "texture": "#0"},
				"south": {"uv": [4, 9, 4.5, 8.5], "texture": "#0"},
				"west": {"uv": [4, 9, 4.5, 8.5], "texture": "#0"},
				"up": {"uv": [4, 9, 4.5, 8.5], "texture": "#0"},
				"down": {"uv": [4, 9, 4.5, 8.5], "texture": "#0"}
			}
		},
		{
			"from": [4.962, 2, 9.49735],
			"to": [6.3745, 3, 10.49735],
			"rotation": {"angle": -45, "axis": "y", "origin": [5.462, 2.5, 9.99735]},
			"faces": {
				"north": {"uv": [4, 9, 4.5, 8.5], "texture": "#0"},
				"east": {"uv": [4, 9, 4.5, 8.5], "texture": "#0"},
				"south": {"uv": [4, 9, 4.5, 8.5], "texture": "#0"},
				"west": {"uv": [4, 9, 4.5, 8.5], "texture": "#0"},
				"up": {"uv": [4, 9, 4.5, 8.5], "texture": "#0"},
				"down": {"uv": [4, 9, 4.5, 8.5], "texture": "#0"}
			}
		},
		{
			"from": [6.7, -5.5, 7.6],
			"to": [8.8, -5, 8.4],
			"rotation": {"angle": 0, "axis": "y", "origin": [0.75, 1, -0.5]},
			"faces": {
				"north": {"uv": [15, 0, 16, 0.5], "texture": "#0"},
				"east": {"uv": [15, 0, 15.5, 0.5], "texture": "#0"},
				"south": {"uv": [16, 0, 15, 0.5], "texture": "#0"},
				"west": {"uv": [15.5, 0, 16, 0.5], "texture": "#0"},
				"up": {"uv": [16, 0, 15, 0.5], "texture": "#0"},
				"down": {"uv": [16, 0, 15, 0.5], "texture": "#0"}
			}
		},
		{
			"from": [7.2, -4.04289, 7.625],
			"to": [8.3, -2.94289, 8.375],
			"rotation": {"angle": 45, "axis": "z", "origin": [7.75, -3.49289, 8]},
			"faces": {
				"north": {"uv": [15, 2, 16, 1], "texture": "#0"},
				"east": {"uv": [0, 0, 1, 1], "texture": "#0"},
				"south": {"uv": [16, 2, 15, 1], "texture": "#0"},
				"west": {"uv": [0, 0, 1, 1], "texture": "#0"},
				"up": {"uv": [0.5, 0.5, 0, 0], "texture": "#0"},
				"down": {"uv": [0.5, 0, 0, 0.5], "texture": "#0"}
			}
		},
		{
			"from": [7.2, -2.04289, 7.625],
			"to": [8.3, -0.94289, 8.375],
			"rotation": {"angle": 45, "axis": "z", "origin": [7.75, -1.49289, 8]},
			"faces": {
				"north": {"uv": [15, 2, 16, 1], "texture": "#0"},
				"east": {"uv": [0, 0, 1, 1], "texture": "#0"},
				"south": {"uv": [16, 2, 15, 1], "texture": "#0"},
				"west": {"uv": [0, 0, 1, 1], "texture": "#0"},
				"up": {"uv": [0.5, 0.5, 0, 0], "texture": "#0"},
				"down": {"uv": [0.5, 0, 0, 0.5], "texture": "#0"}
			}
		},
		{
			"from": [7.2, -0.04289, 7.625],
			"to": [8.3, 1.05711, 8.375],
			"rotation": {"angle": 45, "axis": "z", "origin": [7.75, 0.50711, 8]},
			"faces": {
				"north": {"uv": [15, 2, 16, 1], "texture": "#0"},
				"east": {"uv": [0, 0, 1, 1], "texture": "#0"},
				"south": {"uv": [16, 2, 15, 1], "texture": "#0"},
				"west": {"uv": [0, 0, 1, 1], "texture": "#0"},
				"up": {"uv": [0.5, 0.5, 0, 0], "texture": "#0"},
				"down": {"uv": [0.5, 0, 0, 0.5], "texture": "#0"}
			}
		}
	],
	"display": {
		"thirdperson_righthand": {
			"rotation": [90, 90, -90],
			"translation": [0, 7.25, 1.75]
		},
		"thirdperson_lefthand": {
			"rotation": [160, 90, 15],
			"translation": [0, -12, 2.5]
		},
		"firstperson_righthand": {
			"rotation": [0, 79.5, 0],
			"translation": [8, 0.25, -8]
		},
		"firstperson_lefthand": {
			"rotation": [-17.57, 74.6, -165.66],
			"translation": [9.5, -9.5, -8]
		},
		"ground": {
			"translation": [-0.5, 12.25, -0.25]
		},
		"gui": {
			"rotation": [-142.92, -40.98, -117.18],
			"translation": [-1, 0, 0],
			"scale": [0.5, 0.5, 0.5]
		},
		"head": {
			"scale": [0, 0, 0]
		},
		"fixed": {
			"translation": [2.25, -7.5, -2.25],
			"scale": [2, 2, 2]
		}
	}
}