{
  "credit": "Made with Blockbench",
  "textures": {
    "0": "pelucias/hostile_mobs/overvorld/phantom/phantom/phantom_plushie",
    "1": "pelucias/hostile_mobs/overvorld/phantom/phantom/phantom_plushie",
    "particle": "pelucias/hostile_mobs/overvorld/phantom/phantom/phantom_plushie"
  },
  "elements": [
    {
      "name": "head",
      "from": [
        4.5,
        4,
        0
      ],
      "to": [
        11.5,
        7,
        5
      ],
      "rotation": {
        "angle": 0,
        "axis": "y",
        "origin": [
          8,
          5,
          0
        ]
      },
      "faces": {
        "north": {
          "uv": [
            8.5,
            3,
            12,
            4.5
          ],
          "texture": "#0"
        },
        "east": {
          "uv": [
            2,
            9,
            4.5,
            10.5
          ],
          "texture": "#0"
        },
        "south": {
          "uv": [
            8.5,
            4.5,
            12,
            6
          ],
          "texture": "#0"
        },
        "west": {
          "uv": [
            4.5,
            9,
            7,
            10.5
          ],
          "texture": "#0"
        },
        "up": {
          "uv": [
            3.5,
            2.5,
            0,
            0
          ],
          "texture": "#0"
        },
        "down": {
          "uv": [
            3.5,
            2.5,
            0,
            5
          ],
          "texture": "#0"
        }
      }
    },
    {
      "name": "body",
      "from": [
        5.5,
        3.995,
        5
      ],
      "to": [
        10.5,
        5.995,
        11
      ],
      "rotation": {
        "angle": 0,
        "axis": "y",
        "origin": [
          8,
          5,
          5
        ]
      },
      "faces": {
        "north": {
          "uv": [
            10,
            10,
            12.5,
            11
          ],
          "texture": "#0"
        },
        "east": {
          "uv": [
            9,
            6,
            12,
            7
          ],
          "texture": "#0"
        },
        "south": {
          "uv": [
            10.5,
            0,
            13,
            1
          ],
          "texture": "#0"
        },
        "west": {
          "uv": [
            7,
            9,
            10,
            10
          ],
          "texture": "#0"
        },
        "up": {
          "uv": [
            6,
            3,
            3.5,
            0
          ],
          "texture": "#0"
        },
        "down": {
          "uv": [
            6,
            3,
            3.5,
            6
          ],
          "texture": "#0"
        }
      }
    },
    {
      "name": "tail1",
      "from": [
        7,
        3.999,
        10
      ],
      "to": [
        9,
        5.992,
        14
      ],
      "rotation": {
        "angle": 22.5,
        "axis": "y",
        "origin": [
          8,
          5,
          10
        ]
      },
      "faces": {
        "north": {
          "uv": [
            2.5,
            5,
            3.5,
            6
          ],
          "texture": "#0"
        },
        "east": {
          "uv": [
            10.5,
            1,
            12.5,
            2
          ],
          "texture": "#0"
        },
        "south": {
          "uv": [
            3,
            11.5,
            4,
            12.5
          ],
          "texture": "#0"
        },
        "west": {
          "uv": [
            2,
            10.5,
            4,
            11.5
          ],
          "texture": "#0"
        },
        "up": {
          "uv": [
            5,
            12.5,
            4,
            10.5
          ],
          "texture": "#0"
        },
        "down": {
          "uv": [
            6,
            10.5,
            5,
            12.5
          ],
          "texture": "#0"
        }
      }
    },
    {
      "name": "tail1.5",
      "from": [
        7.5,
        5.993,
        10
      ],
      "to": [
        8.5,
        5.993,
        14
      ],
      "rotation": {
        "angle": 22.5,
        "axis": "y",
        "origin": [
          8,
          5,
          10
        ]
      },
      "faces": {
        "north": {
          "uv": [
            1.5,
            12.5,
            2,
            13
          ],
          "texture": "#0"
        },
        "east": {
          "uv": [
            12.5,
            1,
            14.5,
            2
          ],
          "texture": "#0"
        },
        "south": {
          "uv": [
            3.5,
            13,
            4,
            13.5
          ],
          "texture": "#0"
        },
        "west": {
          "uv": [
            2,
            12.5,
            4,
            13
          ],
          "texture": "#0"
        },
        "up": {
          "uv": [
            4.5,
            14.5,
            4,
            12.5
          ],
          "texture": "#0"
        },
        "down": {
          "uv": [
            5,
            12.5,
            4.5,
            14.5
          ],
          "texture": "#0"
        }
      }
    },
    {
      "name": "tail2",
      "from": [
        8.4481,
        4,
        12.77164
      ],
      "to": [
        9.4481,
        5,
        16.77164
      ],
      "rotation": {
        "angle": 45,
        "axis": "y",
        "origin": [
          9.14805,
          5,
          12.77164
        ]
      },
      "faces": {
        "north": {
          "uv": [
            2,
            8,
            2.5,
            8.5
          ],
          "texture": "#0"
        },
        "east": {
          "uv": [
            12,
            5.5,
            14,
            6
          ],
          "texture": "#0"
        },
        "south": {
          "uv": [
            2,
            8.5,
            2.5,
            9
          ],
          "texture": "#0"
        },
        "west": {
          "uv": [
            6,
            12,
            8,
            12.5
          ],
          "texture": "#0"
        },
        "up": {
          "uv": [
            12.5,
            8,
            12,
            6
          ],
          "texture": "#0"
        },
        "down": {
          "uv": [
            8.5,
            12,
            8,
            14
          ],
          "texture": "#0"
        }
      }
    },
    {
      "name": "wingR1",
      "from": [
        10.5,
        4,
        5
      ],
      "to": [
        14.5,
        6,
        11
      ],
      "rotation": {
        "angle": 0,
        "axis": "y",
        "origin": [
          11,
          4,
          5
        ]
      },
      "faces": {
        "north": {
          "uv": [
            10.5,
            2,
            12.5,
            3
          ],
          "texture": "#0"
        },
        "east": {
          "uv": [
            9,
            7,
            12,
            8
          ],
          "texture": "#0"
        },
        "south": {
          "uv": [
            0,
            11,
            2,
            12
          ],
          "texture": "#0"
        },
        "west": {
          "uv": [
            9,
            8,
            12,
            9
          ],
          "texture": "#0"
        },
        "up": {
          "uv": [
            7,
            9,
            5,
            6
          ],
          "texture": "#0"
        },
        "down": {
          "uv": [
            9,
            6,
            7,
            9
          ],
          "texture": "#0"
        }
      }
    },
    {
      "name": "wingR2",
      "from": [
        14.501,
        5,
        5
      ],
      "to": [
        19.501,
        6,
        11
      ],
      "rotation": {
        "angle": 0,
        "axis": "z",
        "origin": [
          11,
          4,
          8
        ]
      },
      "faces": {
        "north": {
          "uv": [
            12,
            3.5,
            14.5,
            4
          ],
          "texture": "#0"
        },
        "east": {
          "uv": [
            10,
            11,
            13,
            11.5
          ],
          "texture": "#0"
        },
        "south": {
          "uv": [
            12,
            4,
            14.5,
            4.5
          ],
          "texture": "#0"
        },
        "west": {
          "uv": [
            10,
            11.5,
            13,
            12
          ],
          "texture": "#0"
        },
        "up": {
          "uv": [
            2.5,
            8,
            0,
            5
          ],
          "texture": "#0"
        },
        "down": {
          "uv": [
            8.5,
            0,
            6,
            3
          ],
          "texture": "#0"
        }
      }
    },
    {
      "name": "wingR2 inverted",
      "from": [
        19.501,
        6,
        11
      ],
      "to": [
        14.501,
        5,
        5
      ],
      "rotation": {
        "angle": 0,
        "axis": "z",
        "origin": [
          16,
          4,
          8
        ]
      },
      "faces": {
        "north": {
          "uv": [
            12,
            4.5,
            14.5,
            4
          ],
          "texture": "#0"
        },
        "east": {
          "uv": [
            10,
            12,
            13,
            11.5
          ],
          "texture": "#0"
        },
        "south": {
          "uv": [
            12,
            4,
            14.5,
            3.5
          ],
          "texture": "#0"
        },
        "west": {
          "uv": [
            10,
            11.5,
            13,
            11
          ],
          "texture": "#0"
        },
        "up": {
          "uv": [
            6,
            0,
            8.5,
            3
          ],
          "texture": "#0"
        },
        "down": {
          "uv": [
            0,
            8,
            2.5,
            5
          ],
          "texture": "#0"
        }
      }
    },
    {
      "name": "wingL1",
      "from": [
        1.5,
        4,
        5
      ],
      "to": [
        5.5,
        6,
        11
      ],
      "rotation": {
        "angle": 0,
        "axis": "y",
        "origin": [
          2,
          4,
          5
        ]
      },
      "faces": {
        "north": {
          "uv": [
            6,
            11,
            8,
            12
          ],
          "texture": "#0"
        },
        "east": {
          "uv": [
            7,
            10,
            10,
            11
          ],
          "texture": "#0"
        },
        "south": {
          "uv": [
            8,
            11,
            10,
            12
          ],
          "texture": "#0"
        },
        "west": {
          "uv": [
            10,
            9,
            13,
            10
          ],
          "texture": "#0"
        },
        "up": {
          "uv": [
            2,
            11,
            0,
            8
          ],
          "texture": "#0"
        },
        "down": {
          "uv": [
            10.5,
            0,
            8.5,
            3
          ],
          "texture": "#0"
        }
      }
    },
    {
      "name": "wingL2",
      "from": [
        -3.501,
        5,
        5
      ],
      "to": [
        1.499,
        6,
        11
      ],
      "rotation": {
        "angle": 0,
        "axis": "z",
        "origin": [
          5,
          4,
          8
        ]
      },
      "faces": {
        "north": {
          "uv": [
            12,
            4.5,
            14.5,
            5
          ],
          "texture": "#0"
        },
        "east": {
          "uv": [
            0,
            12,
            3,
            12.5
          ],
          "texture": "#0"
        },
        "south": {
          "uv": [
            12,
            5,
            14.5,
            5.5
          ],
          "texture": "#0"
        },
        "west": {
          "uv": [
            12,
            3,
            15,
            3.5
          ],
          "texture": "#0"
        },
        "up": {
          "uv": [
            5,
            9,
            2.5,
            6
          ],
          "texture": "#0"
        },
        "down": {
          "uv": [
            8.5,
            3,
            6,
            6
          ],
          "texture": "#0"
        }
      }
    },
    {
      "name": "wingL2 inverted",
      "from": [
        1.499,
        6,
        11
      ],
      "to": [
        -3.501,
        5,
        5
      ],
      "rotation": {
        "angle": 0,
        "axis": "z",
        "origin": [
          5,
          4,
          8
        ]
      },
      "faces": {
        "north": {
          "uv": [
            12,
            5.5,
            14.5,
            5
          ],
          "texture": "#0"
        },
        "east": {
          "uv": [
            12,
            3.5,
            15,
            3
          ],
          "texture": "#0"
        },
        "south": {
          "uv": [
            12,
            5,
            14.5,
            4.5
          ],
          "texture": "#0"
        },
        "west": {
          "uv": [
            0,
            12.5,
            3,
            12
          ],
          "texture": "#0"
        },
        "up": {
          "uv": [
            6,
            3,
            8.5,
            6
          ],
          "texture": "#0"
        },
        "down": {
          "uv": [
            2.5,
            9,
            5,
            6
          ],
          "texture": "#0"
        }
      }
    },
    {
      "name": "eye R",
      "from": [
        9.499,
        4.001,
        -0.5
      ],
      "to": [
        11.499,
        6.001,
        0.5
      ],
      "rotation": {
        "angle": 0,
        "axis": "y",
        "origin": [
          9,
          4,
          0
        ]
      },
      "faces": {
        "north": {
          "uv": [
            0,
            0,
            2,
            2
          ],
          "texture": "#1"
        },
        "east": {
          "uv": [
            0,
            4,
            1,
            6
          ],
          "texture": "#1"
        },
        "south": {
          "uv": [
            0,
            2,
            2,
            4
          ],
          "texture": "#1"
        },
        "west": {
          "uv": [
            4,
            0,
            5,
            2
          ],
          "texture": "#1"
        },
        "up": {
          "uv": [
            3,
            5,
            1,
            4
          ],
          "texture": "#1"
        },
        "down": {
          "uv": [
            6,
            2,
            4,
            3
          ],
          "texture": "#1"
        }
      }
    },
    {
      "name": "eye L",
      "from": [
        4.501,
        4.001,
        -0.5
      ],
      "to": [
        6.501,
        6.001,
        0.5
      ],
      "rotation": {
        "angle": 0,
        "axis": "y",
        "origin": [
          4,
          4,
          0
        ]
      },
      "faces": {
        "north": {
          "uv": [
            2,
            0,
            4,
            2
          ],
          "texture": "#1"
        },
        "east": {
          "uv": [
            3,
            4,
            4,
            6
          ],
          "texture": "#1"
        },
        "south": {
          "uv": [
            2,
            2,
            4,
            4
          ],
          "texture": "#1"
        },
        "west": {
          "uv": [
            4,
            3,
            5,
            5
          ],
          "texture": "#1"
        },
        "up": {
          "uv": [
            7,
            1,
            5,
            0
          ],
          "texture": "#1"
        },
        "down": {
          "uv": [
            3,
            5,
            1,
            6
          ],
          "texture": "#1"
        }
      }
    }
  ],
  "gui_light": "front",
  "display": {
    "thirdperson_righthand": {
      "rotation": [
        83,
        0,
        0
      ],
      "translation": [
        0,
        -1.75,
        0.75
      ],
      "scale": [
        0.51,
        0.51,
        0.51
      ]
    },
    "thirdperson_lefthand": {
      "rotation": [
        83,
        0,
        0
      ],
      "translation": [
        0,
        -1.75,
        0.75
      ],
      "scale": [
        0.51,
        0.51,
        0.51
      ]
    },
    "firstperson_righthand": {
      "rotation": [
        15,
        120,
        -15
      ],
      "translation": [
        3,
        4,
        -1
      ],
      "scale": [
        0.5,
        0.5,
        0.5
      ]
    },
    "firstperson_lefthand": {
      "rotation": [
        15,
        120,
        -15
      ],
      "translation": [
        3,
        4,
        -1
      ],
      "scale": [
        0.5,
        0.5,
        0.5
      ]
    },
    "ground": {
      "translation": [
        0,
        2,
        0
      ],
      "scale": [
        0.6,
        0.6,
        0.6
      ]
    },
    "gui": {
      "rotation": [
        90,
        0,
        0
      ],
      "translation": [
        0,
        -0.5,
        0
      ],
      "scale": [
        0.65,
        0.65,
        0.65
      ]
    },
    "head": {
      "translation": [
        0,
        11,
        0
      ]
    },
    "fixed": {
      "rotation": [
        -90,
        0,
        0
      ],
      "translation": [
        0,
        0,
        -8
      ],
      "scale": [
        2,
        2,
        2
      ]
    }
  },
  "groups": [
    {
      "name": "body",
      "origin": [
        8,
        8,
        8
      ],
      "color": 0,
      "nbt": "{}",
      "children": [
        0,
        1,
        2,
        3,
        4,
        5,
        6,
        7,
        8,
        9,
        10
      ]
    },
    {
      "name": "eyes",
      "origin": [
        8,
        8,
        8
      ],
      "color": 0,
      "nbt": "{}",
      "children": [
        11,
        12
      ]
    }
  ]
}