{
  "credit": "Made with Blockbench",
  "textures": {
    "1": "pelucias/neutral_mobs/end/enderman/enderman/enderman1",
    "2": "pelucias/neutral_mobs/end/enderman/enderman/enderman1",
    "particle": "pelucias/neutral_mobs/end/enderman/enderman/enderman1"
  },
  "elements": [
    {
      "name": "head",
      "from": [
        4,
        13,
        4
      ],
      "to": [
        12,
        21,
        12
      ],
      "rotation": {
        "angle": 0,
        "axis": "y",
        "origin": [
          8,
          15,
          8
        ]
      },
      "faces": {
        "north": {
          "uv": [
            8.06,
            0.06,
            9.94,
            3.94
          ],
          "texture": "#2"
        },
        "east": {
          "uv": [
            8.06,
            4.06,
            9.94,
            7.94
          ],
          "texture": "#2"
        },
        "south": {
          "uv": [
            10.06,
            0.06,
            11.94,
            3.94
          ],
          "texture": "#2"
        },
        "west": {
          "uv": [
            10.06,
            4.06,
            11.94,
            7.94
          ],
          "texture": "#2"
        },
        "up": {
          "uv": [
            9.94,
            11.94,
            8.06,
            8.06
          ],
          "texture": "#2"
        },
        "down": {
          "uv": [
            13.94,
            0.06,
            12.06,
            3.94
          ],
          "texture": "#2"
        }
      }
    },
    {
      "name": "body",
      "from": [
        5,
        6,
        6
      ],
      "to": [
        11,
        13,
        10
      ],
      "rotation": {
        "angle": 0,
        "axis": "y",
        "origin": [
          8,
          14,
          8
        ]
      },
      "faces": {
        "north": {
          "uv": [
            10.06,
            8.06,
            11.5,
            11.5
          ],
          "texture": "#2"
        },
        "east": {
          "uv": [
            11.5,
            8.06,
            12.5,
            11.5
          ],
          "texture": "#2"
        },
        "south": {
          "uv": [
            12.06,
            4.06,
            13.5,
            7.5
          ],
          "texture": "#2"
        },
        "west": {
          "uv": [
            12.5,
            7.5,
            13.5,
            10.94
          ],
          "texture": "#2"
        },
        "up": {
          "uv": [
            14.94,
            5.94,
            13.5,
            4.06
          ],
          "texture": "#2"
        },
        "down": {
          "uv": [
            14.94,
            6.06,
            13.5,
            7.94
          ],
          "texture": "#2"
        }
      }
    },
    {
      "name": "R arm",
      "from": [
        10.5,
        13.5,
        7
      ],
      "to": [
        15.5,
        15.5,
        9
      ],
      "rotation": {
        "angle": -45,
        "axis": "z",
        "origin": [
          8,
          14,
          8
        ]
      },
      "faces": {
        "north": {
          "uv": [
            0.06,
            0.06,
            2.5,
            1.94
          ],
          "texture": "#2"
        },
        "east": {
          "uv": [
            2.5,
            2.06,
            3.5,
            3.94
          ],
          "texture": "#2"
        },
        "south": {
          "uv": [
            0.06,
            2.06,
            2.5,
            3.94
          ],
          "texture": "#2"
        },
        "west": {
          "uv": [
            2.5,
            4.06,
            3.5,
            5.94
          ],
          "texture": "#2"
        },
        "up": {
          "uv": [
            2.5,
            5.94,
            0.06,
            4.06
          ],
          "texture": "#2"
        },
        "down": {
          "uv": [
            4.94,
            0.06,
            2.5,
            1.94
          ],
          "texture": "#2"
        }
      }
    },
    {
      "name": "L arm",
      "from": [
        6.5,
        6.5,
        7
      ],
      "to": [
        8.5,
        11.5,
        9
      ],
      "rotation": {
        "angle": -45,
        "axis": "z",
        "origin": [
          8,
          14,
          8
        ]
      },
      "faces": {
        "north": {
          "uv": [
            2.5,
            0.06,
            0.06,
            1.94
          ],
          "rotation": 90,
          "texture": "#2"
        },
        "east": {
          "uv": [
            2.5,
            0.06,
            4.94,
            1.94
          ],
          "rotation": 270,
          "texture": "#2"
        },
        "south": {
          "uv": [
            0.06,
            2.06,
            2.5,
            3.94
          ],
          "rotation": 270,
          "texture": "#2"
        },
        "west": {
          "uv": [
            2.5,
            4.06,
            0.06,
            5.94
          ],
          "rotation": 90,
          "texture": "#2"
        },
        "up": {
          "uv": [
            3.5,
            5.94,
            2.5,
            4.06
          ],
          "texture": "#2"
        },
        "down": {
          "uv": [
            3.5,
            2.06,
            2.5,
            3.94
          ],
          "texture": "#2"
        }
      }
    },
    {
      "name": "R leg",
      "from": [
        9.5,
        6.001,
        3
      ],
      "to": [
        11.5,
        8.001,
        7
      ],
      "rotation": {
        "angle": -22.5,
        "axis": "y",
        "origin": [
          10,
          7,
          5
        ]
      },
      "faces": {
        "north": {
          "uv": [
            2.5,
            4.06,
            3.5,
            5.94
          ],
          "texture": "#2"
        },
        "east": {
          "uv": [
            1.94,
            5.94,
            0.06,
            4.06
          ],
          "texture": "#2"
        },
        "south": {
          "uv": [
            3.06,
            11.06,
            3.94,
            12.94
          ],
          "texture": "#2"
        },
        "west": {
          "uv": [
            2.5,
            0.06,
            4.5,
            1.94
          ],
          "texture": "#2"
        },
        "up": {
          "uv": [
            0.06,
            0.06,
            1.94,
            1.94
          ],
          "rotation": 90,
          "texture": "#2"
        },
        "down": {
          "uv": [
            1.94,
            2.06,
            0.06,
            3.94
          ],
          "rotation": 90,
          "texture": "#2"
        }
      }
    },
    {
      "name": "L leg",
      "from": [
        4.5,
        6.001,
        3
      ],
      "to": [
        6.5,
        8.001,
        7
      ],
      "rotation": {
        "angle": 22.5,
        "axis": "y",
        "origin": [
          6,
          7,
          5
        ]
      },
      "faces": {
        "north": {
          "uv": [
            2.5,
            4.06,
            3.5,
            5.94
          ],
          "texture": "#2"
        },
        "east": {
          "uv": [
            4.5,
            0.06,
            2.5,
            1.94
          ],
          "texture": "#2"
        },
        "south": {
          "uv": [
            6.06,
            6.06,
            6.94,
            7.94
          ],
          "texture": "#2"
        },
        "west": {
          "uv": [
            0.06,
            5.94,
            1.94,
            4.06
          ],
          "texture": "#2"
        },
        "up": {
          "uv": [
            0.06,
            1.94,
            1.94,
            0.06
          ],
          "rotation": 90,
          "texture": "#2"
        },
        "down": {
          "uv": [
            1.94,
            3.94,
            0.06,
            2.06
          ],
          "rotation": 90,
          "texture": "#2"
        }
      }
    },
    {
      "name": "R eye",
      "from": [
        9.5,
        15,
        3.5
      ],
      "to": [
        11.5,
        17,
        5.5
      ],
      "rotation": {
        "angle": 0,
        "axis": "y",
        "origin": [
          10,
          15,
          4
        ]
      },
      "faces": {
        "north": {
          "uv": [
            0.06,
            0.06,
            1.94,
            1.94
          ],
          "texture": "#1"
        },
        "east": {
          "uv": [
            0.06,
            2.06,
            1.94,
            3.94
          ],
          "texture": "#1"
        },
        "south": {
          "uv": [
            2.06,
            0.06,
            3.94,
            1.94
          ],
          "texture": "#1"
        },
        "west": {
          "uv": [
            2.06,
            2.06,
            3.94,
            3.94
          ],
          "texture": "#1"
        },
        "up": {
          "uv": [
            1.94,
            5.94,
            0.06,
            4.06
          ],
          "texture": "#1"
        },
        "down": {
          "uv": [
            5.94,
            0.06,
            4.06,
            1.94
          ],
          "texture": "#1"
        }
      }
    },
    {
      "name": "L eye",
      "from": [
        4.5,
        15,
        3.5
      ],
      "to": [
        6.5,
        17,
        5.5
      ],
      "rotation": {
        "angle": 0,
        "axis": "y",
        "origin": [
          6,
          15,
          4
        ]
      },
      "faces": {
        "north": {
          "uv": [
            2.06,
            4.06,
            3.94,
            5.94
          ],
          "texture": "#1"
        },
        "east": {
          "uv": [
            4.06,
            2.06,
            5.94,
            3.94
          ],
          "texture": "#1"
        },
        "south": {
          "uv": [
            4.06,
            4.06,
            5.94,
            5.94
          ],
          "texture": "#1"
        },
        "west": {
          "uv": [
            0.06,
            6.06,
            1.94,
            7.94
          ],
          "texture": "#1"
        },
        "up": {
          "uv": [
            7.94,
            1.94,
            6.06,
            0.06
          ],
          "texture": "#1"
        },
        "down": {
          "uv": [
            3.94,
            6.06,
            2.06,
            7.94
          ],
          "texture": "#1"
        }
      }
    }
  ],
  "gui_light": "front",
  "display": {
    "thirdperson_righthand": {
      "rotation": [
        45,
        0,
        0
      ],
      "translation": [
        0,
        -1.25,
        -2
      ],
      "scale": [
        0.51,
        0.51,
        0.51
      ]
    },
    "thirdperson_lefthand": {
      "rotation": [
        45,
        0,
        0
      ],
      "translation": [
        0,
        -1.25,
        -2
      ],
      "scale": [
        0.51,
        0.51,
        0.51
      ]
    },
    "firstperson_righthand": {
      "rotation": [
        -6,
        130,
        6
      ],
      "translation": [
        3,
        1.25,
        0
      ],
      "scale": [
        0.5,
        0.5,
        0.5
      ]
    },
    "firstperson_lefthand": {
      "rotation": [
        -6,
        130,
        6
      ],
      "translation": [
        3,
        1.25,
        0
      ],
      "scale": [
        0.5,
        0.5,
        0.5
      ]
    },
    "ground": {
      "scale": [
        0.6,
        0.6,
        0.6
      ]
    },
    "gui": {
      "rotation": [
        0,
        180,
        0
      ],
      "translation": [
        0,
        -5.25,
        0
      ],
      "scale": [
        0.9,
        0.9,
        0.9
      ]
    },
    "head": {
      "translation": [
        0,
        9,
        0
      ]
    },
    "fixed": {
      "rotation": [
        -90,
        0,
        0
      ],
      "translation": [
        0,
        0,
        -4
      ],
      "scale": [
        2,
        2,
        2
      ]
    }
  },
  "groups": [
    {
      "name": "group",
      "origin": [
        3,
        11,
        8
      ],
      "color": 0,
      "children": [
        0,
        1,
        2,
        3,
        4,
        5
      ]
    },
    {
      "name": "eyes",
      "origin": [
        8,
        8,
        8
      ],
      "color": 0,
      "children": [
        6,
        7
      ]
    }
  ]
}