{
  "credit": "Made with Blockbench",
  "texture_size": [
    32,
    32
  ],
  "textures": {
    "0": "pelucias/secret_plushies/illusioner/illusioner/illusioner",
    "1": "pelucias/secret_plushies/illusioner/illusioner/illusioner",
    "particle": "pelucias/secret_plushies/illusioner/illusioner/illusioner"
  },
  "elements": [
    {
      "name": "hat",
      "from": [
        3.55,
        11.55,
        3.55
      ],
      "to": [
        12.45,
        23.45,
        12.45
      ],
      "rotation": {
        "angle": 0,
        "axis": "y",
        "origin": [
          8,
          15,
          8
        ]
      },
      "faces": {
        "north": {
          "uv": [
            0,
            0,
            4,
            5.5
          ],
          "texture": "#1"
        },
        "east": {
          "uv": [
            4,
            0,
            8,
            5.5
          ],
          "texture": "#1"
        },
        "south": {
          "uv": [
            0,
            5.5,
            4,
            11
          ],
          "texture": "#1"
        },
        "west": {
          "uv": [
            4,
            5.5,
            8,
            11
          ],
          "texture": "#1"
        },
        "up": {
          "uv": [
            12,
            4,
            8,
            0
          ],
          "texture": "#1"
        },
        "down": {
          "uv": [
            12,
            4,
            8,
            8
          ],
          "texture": "#1"
        }
      }
    },
    {
      "name": "head",
      "from": [
        4,
        13,
        4
      ],
      "to": [
        12,
        23,
        12
      ],
      "rotation": {
        "angle": 0,
        "axis": "y",
        "origin": [
          8,
          15,
          8
        ]
      },
      "faces": {
        "north": {
          "uv": [
            0,
            0,
            4,
            5
          ],
          "texture": "#0"
        },
        "east": {
          "uv": [
            4,
            0,
            8,
            5
          ],
          "texture": "#0"
        },
        "south": {
          "uv": [
            0,
            5,
            4,
            10
          ],
          "texture": "#0"
        },
        "west": {
          "uv": [
            4,
            5,
            8,
            10
          ],
          "texture": "#0"
        },
        "up": {
          "uv": [
            12,
            4,
            8,
            0
          ],
          "texture": "#0"
        },
        "down": {
          "uv": [
            12,
            4,
            8,
            8
          ],
          "texture": "#0"
        }
      }
    },
    {
      "name": "nose",
      "from": [
        7,
        12,
        2
      ],
      "to": [
        9,
        16,
        4
      ],
      "rotation": {
        "angle": 0,
        "axis": "y",
        "origin": [
          8,
          15,
          3
        ]
      },
      "faces": {
        "north": {
          "uv": [
            8,
            12,
            9,
            14
          ],
          "texture": "#0"
        },
        "east": {
          "uv": [
            9,
            12,
            10,
            14
          ],
          "texture": "#0"
        },
        "south": {
          "uv": [
            10,
            12,
            11,
            14
          ],
          "texture": "#0"
        },
        "west": {
          "uv": [
            11,
            12,
            12,
            14
          ],
          "texture": "#0"
        },
        "up": {
          "uv": [
            12,
            15,
            11,
            14
          ],
          "texture": "#0"
        },
        "down": {
          "uv": [
            15,
            11,
            14,
            12
          ],
          "texture": "#0"
        }
      }
    },
    {
      "name": "body",
      "from": [
        5,
        6,
        6
      ],
      "to": [
        11,
        14,
        10
      ],
      "rotation": {
        "angle": 0,
        "axis": "y",
        "origin": [
          8,
          14,
          8
        ]
      },
      "faces": {
        "north": {
          "uv": [
            8,
            8,
            11,
            12
          ],
          "texture": "#0"
        },
        "east": {
          "uv": [
            3,
            10,
            5,
            14
          ],
          "texture": "#0"
        },
        "south": {
          "uv": [
            0,
            10,
            3,
            14
          ],
          "texture": "#0"
        },
        "west": {
          "uv": [
            5,
            10,
            7,
            14
          ],
          "texture": "#0"
        },
        "up": {
          "uv": [
            14,
            10,
            11,
            8
          ],
          "texture": "#0"
        },
        "down": {
          "uv": [
            14,
            10,
            11,
            12
          ],
          "texture": "#0"
        }
      }
    },
    {
      "name": "R arm",
      "from": [
        10,
        9,
        7
      ],
      "to": [
        14,
        11,
        9
      ],
      "rotation": {
        "angle": -45,
        "axis": "z",
        "origin": [
          13,
          11,
          8
        ]
      },
      "faces": {
        "north": {
          "uv": [
            12,
            0,
            14,
            1
          ],
          "texture": "#0"
        },
        "east": {
          "uv": [
            14,
            2,
            15,
            3
          ],
          "texture": "#0"
        },
        "south": {
          "uv": [
            12,
            1,
            14,
            2
          ],
          "texture": "#0"
        },
        "west": {
          "uv": [
            3,
            14,
            4,
            15
          ],
          "texture": "#0"
        },
        "up": {
          "uv": [
            14,
            3,
            12,
            2
          ],
          "texture": "#0"
        },
        "down": {
          "uv": [
            14,
            3,
            12,
            4
          ],
          "texture": "#0"
        }
      }
    },
    {
      "name": "L arm",
      "from": [
        3,
        10,
        7
      ],
      "to": [
        5,
        14,
        9
      ],
      "rotation": {
        "angle": -45,
        "axis": "z",
        "origin": [
          3,
          11,
          8
        ]
      },
      "faces": {
        "north": {
          "uv": [
            7,
            10,
            8,
            12
          ],
          "texture": "#0"
        },
        "east": {
          "uv": [
            12,
            4,
            13,
            6
          ],
          "texture": "#0"
        },
        "south": {
          "uv": [
            12,
            6,
            13,
            8
          ],
          "texture": "#0"
        },
        "west": {
          "uv": [
            7,
            12,
            8,
            14
          ],
          "texture": "#0"
        },
        "up": {
          "uv": [
            15,
            4,
            14,
            3
          ],
          "texture": "#0"
        },
        "down": {
          "uv": [
            5,
            14,
            4,
            15
          ],
          "texture": "#0"
        }
      }
    },
    {
      "name": "R leg",
      "from": [
        9.5,
        6.001,
        4
      ],
      "to": [
        11.5,
        8.001,
        7
      ],
      "rotation": {
        "angle": -22.5,
        "axis": "y",
        "origin": [
          10,
          7,
          5
        ]
      },
      "faces": {
        "north": {
          "uv": [
            14,
            0,
            15,
            1
          ],
          "texture": "#0"
        },
        "east": {
          "uv": [
            12,
            12,
            13.5,
            13
          ],
          "texture": "#0"
        },
        "south": {
          "uv": [
            1,
            14,
            2,
            15
          ],
          "texture": "#0"
        },
        "west": {
          "uv": [
            13,
            4,
            14.5,
            5
          ],
          "texture": "#0"
        },
        "up": {
          "uv": [
            14,
            6.5,
            13,
            5
          ],
          "texture": "#0"
        },
        "down": {
          "uv": [
            14,
            6.5,
            13,
            8
          ],
          "texture": "#0"
        }
      }
    },
    {
      "name": "L leg",
      "from": [
        4.5,
        6.001,
        4
      ],
      "to": [
        6.5,
        8.001,
        7
      ],
      "rotation": {
        "angle": 22.5,
        "axis": "y",
        "origin": [
          6,
          7,
          5
        ]
      },
      "faces": {
        "north": {
          "uv": [
            14,
            1,
            15,
            2
          ],
          "texture": "#0"
        },
        "east": {
          "uv": [
            12,
            13,
            13.5,
            14
          ],
          "texture": "#0"
        },
        "south": {
          "uv": [
            2,
            14,
            3,
            15
          ],
          "texture": "#0"
        },
        "west": {
          "uv": [
            13.5,
            12,
            15,
            13
          ],
          "texture": "#0"
        },
        "up": {
          "uv": [
            14.5,
            14.5,
            13.5,
            13
          ],
          "texture": "#0"
        },
        "down": {
          "uv": [
            1,
            14,
            0,
            15.5
          ],
          "texture": "#0"
        }
      }
    },
    {
      "name": "R eye",
      "from": [
        9,
        15,
        3.5
      ],
      "to": [
        11,
        17,
        5.5
      ],
      "rotation": {
        "angle": 0,
        "axis": "y",
        "origin": [
          10,
          17,
          4
        ]
      },
      "faces": {
        "north": {
          "uv": [
            5,
            14,
            6,
            15
          ],
          "texture": "#0"
        },
        "east": {
          "uv": [
            14,
            5,
            15,
            6
          ],
          "texture": "#0"
        },
        "south": {
          "uv": [
            6,
            14,
            7,
            15
          ],
          "texture": "#0"
        },
        "west": {
          "uv": [
            14,
            6,
            15,
            7
          ],
          "texture": "#0"
        },
        "up": {
          "uv": [
            8,
            15,
            7,
            14
          ],
          "texture": "#0"
        },
        "down": {
          "uv": [
            15,
            7,
            14,
            8
          ],
          "texture": "#0"
        }
      }
    },
    {
      "name": "L eye",
      "from": [
        5,
        15,
        3.5
      ],
      "to": [
        7,
        17,
        5.5
      ],
      "rotation": {
        "angle": 0,
        "axis": "y",
        "origin": [
          6,
          17,
          4
        ]
      },
      "faces": {
        "north": {
          "uv": [
            8,
            14,
            9,
            15
          ],
          "texture": "#0"
        },
        "east": {
          "uv": [
            14,
            8,
            15,
            9
          ],
          "texture": "#0"
        },
        "south": {
          "uv": [
            9,
            14,
            10,
            15
          ],
          "texture": "#0"
        },
        "west": {
          "uv": [
            14,
            9,
            15,
            10
          ],
          "texture": "#0"
        },
        "up": {
          "uv": [
            11,
            15,
            10,
            14
          ],
          "texture": "#0"
        },
        "down": {
          "uv": [
            15,
            10,
            14,
            11
          ],
          "texture": "#0"
        }
      }
    }
  ],
  "gui_light": "front",
  "display": {
    "thirdperson_righthand": {
      "rotation": [
        45,
        0,
        0
      ],
      "translation": [
        0,
        -1.25,
        -2
      ],
      "scale": [
        0.51,
        0.51,
        0.51
      ]
    },
    "thirdperson_lefthand": {
      "rotation": [
        45,
        0,
        0
      ],
      "translation": [
        0,
        -1.25,
        -2
      ],
      "scale": [
        0.51,
        0.51,
        0.51
      ]
    },
    "firstperson_righthand": {
      "rotation": [
        -6,
        130,
        6
      ],
      "translation": [
        3,
        1.25,
        0
      ],
      "scale": [
        0.5,
        0.5,
        0.5
      ]
    },
    "firstperson_lefthand": {
      "rotation": [
        -6,
        130,
        6
      ],
      "translation": [
        3,
        1.25,
        0
      ],
      "scale": [
        0.5,
        0.5,
        0.5
      ]
    },
    "ground": {
      "scale": [
        0.6,
        0.6,
        0.6
      ]
    },
    "gui": {
      "rotation": [
        0,
        180,
        0
      ],
      "translation": [
        0,
        -5.25,
        0
      ],
      "scale": [
        0.8,
        0.8,
        0.8
      ]
    },
    "head": {
      "translation": [
        0,
        9,
        0
      ]
    },
    "fixed": {
      "rotation": [
        -90,
        0,
        0
      ],
      "translation": [
        0,
        0,
        -4
      ],
      "scale": [
        2,
        2,
        2
      ]
    }
  },
  "groups": [
    {
      "name": "group",
      "origin": [
        3,
        11,
        8
      ],
      "color": 0,
      "children": [
        0,
        1,
        2,
        3,
        4,
        5,
        6,
        7
      ]
    },
    {
      "name": "eyes",
      "origin": [
        8,
        8,
        8
      ],
      "color": 0,
      "children": [
        8,
        9
      ]
    }
  ]
}