{
  "credit": "Made with Blockbench",
  "texture_size": [
    64,
    64
  ],
  "textures": {
    "1": "pelucias/hostile_mobs/overvorld/zoglin/zoglin/zoglin",
    "particle": "minecraft:pelucias/hostile_mobs/overvorld/zoglin/zoglin/zoglin"
  },
  "elements": [
    {
      "name": "head",
      "from": [
        1,
        15,
        -8
      ],
      "to": [
        15,
        21,
        11
      ],
      "rotation": {
        "angle": -45,
        "axis": "x",
        "origin": [
          8,
          15,
          11
        ]
      },
      "faces": {
        "north": {
          "uv": [
            10,
            4,
            13.5,
            5.5
          ],
          "texture": "#1"
        },
        "east": {
          "uv": [
            7,
            2.5,
            11.75,
            4
          ],
          "texture": "#1"
        },
        "south": {
          "uv": [
            10,
            5.5,
            13.5,
            7
          ],
          "texture": "#1"
        },
        "west": {
          "uv": [
            9,
            7.25,
            13.75,
            8.75
          ],
          "texture": "#1"
        },
        "up": {
          "uv": [
            3.5,
            4.75,
            0,
            0
          ],
          "texture": "#1"
        },
        "down": {
          "uv": [
            7,
            0,
            3.5,
            4.75
          ],
          "texture": "#1"
        }
      }
    },
    {
      "name": "tusk L",
      "from": [
        0,
        8,
        -5
      ],
      "to": [
        2,
        19,
        -3
      ],
      "rotation": {
        "angle": -45,
        "axis": "x",
        "origin": [
          1,
          15,
          0
        ]
      },
      "faces": {
        "north": {
          "uv": [
            5.25,
            10.75,
            5.75,
            13.5
          ],
          "texture": "#1"
        },
        "east": {
          "uv": [
            5.75,
            12,
            6.25,
            14.75
          ],
          "texture": "#1"
        },
        "south": {
          "uv": [
            6.25,
            12,
            6.75,
            14.75
          ],
          "texture": "#1"
        },
        "west": {
          "uv": [
            6.75,
            12,
            7.25,
            14.75
          ],
          "texture": "#1"
        },
        "up": {
          "uv": [
            13,
            10.75,
            12.5,
            10.25
          ],
          "texture": "#1"
        },
        "down": {
          "uv": [
            12.75,
            12.5,
            12.25,
            13
          ],
          "texture": "#1"
        }
      }
    },
    {
      "name": "tusk R",
      "from": [
        14,
        8,
        -5
      ],
      "to": [
        16,
        19,
        -3
      ],
      "rotation": {
        "angle": -45,
        "axis": "x",
        "origin": [
          15,
          15,
          0
        ]
      },
      "faces": {
        "north": {
          "uv": [
            7.25,
            12,
            7.75,
            14.75
          ],
          "texture": "#1"
        },
        "east": {
          "uv": [
            7.75,
            12,
            8.25,
            14.75
          ],
          "texture": "#1"
        },
        "south": {
          "uv": [
            8.25,
            12,
            8.75,
            14.75
          ],
          "texture": "#1"
        },
        "west": {
          "uv": [
            9.5,
            12.25,
            10,
            15
          ],
          "texture": "#1"
        },
        "up": {
          "uv": [
            13.25,
            2.75,
            12.75,
            2.25
          ],
          "texture": "#1"
        },
        "down": {
          "uv": [
            13.25,
            2.75,
            12.75,
            3.25
          ],
          "texture": "#1"
        }
      }
    },
    {
      "name": "ear L",
      "from": [
        0,
        9,
        5
      ],
      "to": [
        1,
        15,
        9
      ],
      "rotation": {
        "angle": -45,
        "axis": "z",
        "origin": [
          1,
          15,
          7
        ]
      },
      "faces": {
        "north": {
          "uv": [
            2.75,
            12,
            3,
            13.5
          ],
          "texture": "#1"
        },
        "east": {
          "uv": [
            11.75,
            2.25,
            12.75,
            3.75
          ],
          "texture": "#1"
        },
        "south": {
          "uv": [
            11.5,
            12.25,
            11.75,
            13.75
          ],
          "texture": "#1"
        },
        "west": {
          "uv": [
            11.75,
            11,
            12.75,
            12.5
          ],
          "texture": "#1"
        },
        "up": {
          "uv": [
            6,
            9.75,
            5.75,
            8.75
          ],
          "texture": "#1"
        },
        "down": {
          "uv": [
            9,
            9.75,
            8.75,
            10.75
          ],
          "texture": "#1"
        }
      }
    },
    {
      "name": "ear R",
      "from": [
        15,
        9,
        5
      ],
      "to": [
        16,
        15,
        9
      ],
      "rotation": {
        "angle": 45,
        "axis": "z",
        "origin": [
          15,
          15,
          7
        ]
      },
      "faces": {
        "north": {
          "uv": [
            11.75,
            12.5,
            12,
            14
          ],
          "texture": "#1"
        },
        "east": {
          "uv": [
            0.75,
            12,
            1.75,
            13.5
          ],
          "texture": "#1"
        },
        "south": {
          "uv": [
            12,
            12.5,
            12.25,
            14
          ],
          "texture": "#1"
        },
        "west": {
          "uv": [
            1.75,
            12,
            2.75,
            13.5
          ],
          "texture": "#1"
        },
        "up": {
          "uv": [
            13,
            11.75,
            12.75,
            10.75
          ],
          "texture": "#1"
        },
        "down": {
          "uv": [
            13,
            11.75,
            12.75,
            12.75
          ],
          "texture": "#1"
        }
      }
    },
    {
      "name": "body",
      "from": [
        2,
        10,
        10
      ],
      "to": [
        14,
        20,
        26
      ],
      "rotation": {
        "angle": 45,
        "axis": "x",
        "origin": [
          8,
          17,
          9
        ]
      },
      "faces": {
        "north": {
          "uv": [
            6,
            7.25,
            9,
            9.75
          ],
          "texture": "#1"
        },
        "east": {
          "uv": [
            6,
            4.75,
            10,
            7.25
          ],
          "texture": "#1"
        },
        "south": {
          "uv": [
            0,
            8.75,
            3,
            11.25
          ],
          "texture": "#1"
        },
        "west": {
          "uv": [
            7,
            0,
            11,
            2.5
          ],
          "texture": "#1"
        },
        "up": {
          "uv": [
            3,
            8.75,
            0,
            4.75
          ],
          "texture": "#1"
        },
        "down": {
          "uv": [
            6,
            4.75,
            3,
            8.75
          ],
          "texture": "#1"
        }
      }
    },
    {
      "name": "leg 1 L",
      "from": [
        3,
        0,
        7
      ],
      "to": [
        6,
        9,
        10
      ],
      "rotation": {
        "angle": 0,
        "axis": "y",
        "origin": [
          0,
          0,
          -1
        ]
      },
      "faces": {
        "north": {
          "uv": [
            5.75,
            9.75,
            6.5,
            12
          ],
          "texture": "#1"
        },
        "east": {
          "uv": [
            6.5,
            9.75,
            7.25,
            12
          ],
          "texture": "#1"
        },
        "south": {
          "uv": [
            7.25,
            9.75,
            8,
            12
          ],
          "texture": "#1"
        },
        "west": {
          "uv": [
            8,
            9.75,
            8.75,
            12
          ],
          "texture": "#1"
        },
        "up": {
          "uv": [
            10,
            4.75,
            9.25,
            4
          ],
          "texture": "#1"
        },
        "down": {
          "uv": [
            10.75,
            12.25,
            10,
            13
          ],
          "texture": "#1"
        }
      }
    },
    {
      "name": "leg 1 R",
      "from": [
        10,
        0,
        7
      ],
      "to": [
        13,
        9,
        10
      ],
      "rotation": {
        "angle": 0,
        "axis": "y",
        "origin": [
          0,
          0,
          -1
        ]
      },
      "faces": {
        "north": {
          "uv": [
            3,
            10.75,
            3.75,
            13
          ],
          "texture": "#1"
        },
        "east": {
          "uv": [
            3.75,
            10.75,
            4.5,
            13
          ],
          "texture": "#1"
        },
        "south": {
          "uv": [
            4.5,
            10.75,
            5.25,
            13
          ],
          "texture": "#1"
        },
        "west": {
          "uv": [
            8.75,
            10.75,
            9.5,
            13
          ],
          "texture": "#1"
        },
        "up": {
          "uv": [
            11.5,
            13,
            10.75,
            12.25
          ],
          "texture": "#1"
        },
        "down": {
          "uv": [
            13.25,
            0,
            12.5,
            0.75
          ],
          "texture": "#1"
        }
      }
    },
    {
      "name": "leg 2 R",
      "from": [
        12,
        0,
        8
      ],
      "to": [
        15,
        3,
        17
      ],
      "rotation": {
        "angle": -22.5,
        "axis": "y",
        "origin": [
          12,
          0,
          17
        ]
      },
      "faces": {
        "north": {
          "uv": [
            12.5,
            0.75,
            13.25,
            1.5
          ],
          "texture": "#1"
        },
        "east": {
          "uv": [
            7,
            4,
            9.25,
            4.75
          ],
          "texture": "#1"
        },
        "south": {
          "uv": [
            12.5,
            1.5,
            13.25,
            2.25
          ],
          "texture": "#1"
        },
        "west": {
          "uv": [
            9.5,
            10.75,
            11.75,
            11.5
          ],
          "texture": "#1"
        },
        "up": {
          "uv": [
            11.75,
            2.25,
            11,
            0
          ],
          "texture": "#1"
        },
        "down": {
          "uv": [
            0.75,
            11.25,
            0,
            13.5
          ],
          "texture": "#1"
        }
      }
    },
    {
      "name": "leg 2 R 1",
      "from": [
        12.3,
        0.3,
        8.3
      ],
      "to": [
        14.7,
        2.7,
        16.7
      ],
      "rotation": {
        "angle": -22.5,
        "axis": "y",
        "origin": [
          12,
          0,
          17
        ]
      },
      "faces": {
        "north": {
          "uv": [
            0.75,
            13.75,
            1.5,
            14.5
          ],
          "texture": "#1"
        },
        "east": {
          "uv": [
            0,
            15.25,
            2.25,
            16
          ],
          "texture": "#1"
        },
        "south": {
          "uv": [
            0,
            13.75,
            0.75,
            14.5
          ],
          "texture": "#1"
        },
        "west": {
          "uv": [
            0,
            14.5,
            2.25,
            15.25
          ],
          "texture": "#1"
        },
        "up": {
          "uv": [
            3,
            16,
            2.25,
            13.75
          ],
          "texture": "#1"
        },
        "down": {
          "uv": [
            3.75,
            13.75,
            3,
            16
          ],
          "texture": "#1"
        }
      }
    },
    {
      "name": "leg 2 R inverted",
      "from": [
        15,
        3,
        17
      ],
      "to": [
        12,
        0,
        8
      ],
      "rotation": {
        "angle": -22.5,
        "axis": "y",
        "origin": [
          12,
          0,
          17
        ]
      },
      "faces": {
        "north": {
          "uv": [
            12.5,
            2.25,
            13.25,
            1.5
          ],
          "texture": "#1"
        },
        "east": {
          "uv": [
            9.5,
            11.5,
            11.75,
            10.75
          ],
          "texture": "#1"
        },
        "south": {
          "uv": [
            12.5,
            1.5,
            13.25,
            0.75
          ],
          "texture": "#1"
        },
        "west": {
          "uv": [
            7,
            4.75,
            9.25,
            4
          ],
          "texture": "#1"
        },
        "up": {
          "uv": [
            0,
            11.25,
            0.75,
            13.5
          ],
          "texture": "#1"
        },
        "down": {
          "uv": [
            11,
            2.25,
            11.75,
            0
          ],
          "texture": "#1"
        }
      }
    },
    {
      "name": "leg 2 L",
      "from": [
        1,
        0,
        8
      ],
      "to": [
        4,
        3,
        17
      ],
      "rotation": {
        "angle": 22.5,
        "axis": "y",
        "origin": [
          4,
          0,
          17
        ]
      },
      "faces": {
        "north": {
          "uv": [
            12.5,
            8.75,
            13.25,
            9.5
          ],
          "texture": "#1"
        },
        "east": {
          "uv": [
            0.75,
            11.25,
            3,
            12
          ],
          "texture": "#1"
        },
        "south": {
          "uv": [
            12.5,
            9.5,
            13.25,
            10.25
          ],
          "texture": "#1"
        },
        "west": {
          "uv": [
            9.5,
            11.5,
            11.75,
            12.25
          ],
          "texture": "#1"
        },
        "up": {
          "uv": [
            12.5,
            2.25,
            11.75,
            0
          ],
          "texture": "#1"
        },
        "down": {
          "uv": [
            12.5,
            8.75,
            11.75,
            11
          ],
          "texture": "#1"
        }
      }
    },
    {
      "from": [
        1.001,
        5.8934,
        3.73654
      ],
      "to": [
        4.001,
        6.8934,
        6.73654
      ],
      "rotation": {
        "angle": -45,
        "axis": "x",
        "origin": [
          1,
          4.3934,
          -5.26346
        ]
      },
      "faces": {
        "north": {
          "uv": [
            14.5,
            14.25,
            15.25,
            14.5
          ],
          "texture": "#1"
        },
        "east": {
          "uv": [
            15.25,
            14.25,
            16,
            14.5
          ],
          "texture": "#1"
        },
        "south": {
          "uv": [
            14.5,
            14.5,
            15.25,
            14.75
          ],
          "texture": "#1"
        },
        "west": {
          "uv": [
            15.25,
            14.5,
            16,
            14.75
          ],
          "texture": "#1"
        },
        "up": {
          "uv": [
            15.25,
            15.25,
            16,
            16
          ],
          "texture": "#1"
        },
        "down": {
          "uv": [
            14.5,
            15.25,
            15.25,
            16
          ],
          "texture": "#1"
        }
      }
    },
    {
      "from": [
        11.999,
        5.8934,
        3.73654
      ],
      "to": [
        14.999,
        6.8934,
        6.73654
      ],
      "rotation": {
        "angle": -45,
        "axis": "x",
        "origin": [
          13,
          4.3934,
          -5.26346
        ]
      },
      "faces": {
        "north": {
          "uv": [
            13,
            14.75,
            13.75,
            15
          ],
          "texture": "#1"
        },
        "east": {
          "uv": [
            13,
            15,
            13.75,
            15.25
          ],
          "texture": "#1"
        },
        "south": {
          "uv": [
            13.75,
            15,
            14.5,
            15.25
          ],
          "texture": "#1"
        },
        "west": {
          "uv": [
            13.75,
            14.75,
            14.5,
            15
          ],
          "texture": "#1"
        },
        "up": {
          "uv": [
            13.75,
            15.25,
            14.5,
            16
          ],
          "texture": "#1"
        },
        "down": {
          "uv": [
            13,
            15.25,
            13.75,
            16
          ],
          "texture": "#1"
        }
      }
    }
  ],
  "gui_light": "front",
  "display": {
    "thirdperson_righthand": {
      "rotation": [
        60,
        0,
        0
      ],
      "translation": [
        0,
        -0.5,
        -3.5
      ],
      "scale": [
        0.4,
        0.4,
        0.4
      ]
    },
    "thirdperson_lefthand": {
      "rotation": [
        60,
        0,
        0
      ],
      "translation": [
        0,
        -0.5,
        -3.5
      ],
      "scale": [
        0.4,
        0.4,
        0.4
      ]
    },
    "firstperson_righthand": {
      "rotation": [
        -8,
        130,
        8
      ],
      "translation": [
        2,
        4.5,
        0
      ],
      "scale": [
        0.35,
        0.35,
        0.35
      ]
    },
    "firstperson_lefthand": {
      "rotation": [
        -8,
        130,
        8
      ],
      "translation": [
        2,
        4.5,
        0
      ],
      "scale": [
        0.35,
        0.35,
        0.35
      ]
    },
    "ground": {
      "translation": [
        0,
        3,
        0
      ],
      "scale": [
        0.45,
        0.45,
        0.45
      ]
    },
    "gui": {
      "rotation": [
        0,
        180,
        0
      ],
      "translation": [
        0,
        -1.25,
        0
      ],
      "scale": [
        0.7,
        0.7,
        0.7
      ]
    },
    "head": {
      "translation": [
        0,
        13,
        -4.25
      ],
      "scale": [
        0.8,
        0.8,
        0.8
      ]
    },
    "fixed": {
      "rotation": [
        -90,
        0,
        0
      ],
      "translation": [
        0,
        -8,
        -16
      ],
      "scale": [
        2,
        2,
        2
      ]
    }
  },
  "groups": [
    {
      "name": "body",
      "origin": [
        8,
        8,
        8
      ],
      "color": 0,
      "children": [
        0,
        1,
        2,
        3,
        4,
        5,
        6,
        7,
        8,
        9,
        10,
        11
      ]
    },
    {
      "name": "eyes",
      "origin": [
        8,
        8,
        8
      ],
      "color": 0,
      "children": [
        12,
        13
      ]
    }
  ]
}