{
  "credit": "Made with Blockbench",
  "textures": {
    "0": "pelucias/hostile_mobs/end/shulker/shulker/shulker",
    "1": "pelucias/hostile_mobs/end/shulker/shulker/shulker",
    "particle": "pelucias/hostile_mobs/end/shulker/shulker/shulker"
  },
  "elements": [
    {
      "name": "head",
      "from": [
        5.2,
        3.2,
        5.2
      ],
      "to": [
        10.8,
        8.8,
        10.8
      ],
      "rotation": {
        "angle": 0,
        "axis": "y",
        "origin": [
          8,
          6,
          8
        ]
      },
      "faces": {
        "north": {
          "uv": [
            6,
            2,
            7.5,
            3.5
          ],
          "texture": "#0"
        },
        "east": {
          "uv": [
            6,
            3.5,
            7.5,
            5
          ],
          "texture": "#0"
        },
        "south": {
          "uv": [
            4,
            6,
            5.5,
            7.5
          ],
          "texture": "#0"
        },
        "west": {
          "uv": [
            6,
            5,
            7.5,
            6.5
          ],
          "texture": "#0"
        },
        "up": {
          "uv": [
            7,
            8,
            5.5,
            6.5
          ],
          "texture": "#0"
        },
        "down": {
          "uv": [
            8.5,
            6.5,
            7,
            8
          ],
          "texture": "#0"
        }
      }
    },
    {
      "name": "shell2",
      "from": [
        4,
        1,
        4
      ],
      "to": [
        12,
        5,
        12
      ],
      "rotation": {
        "angle": 0,
        "axis": "y",
        "origin": [
          8,
          3,
          8
        ]
      },
      "faces": {
        "north": {
          "uv": [
            2,
            5,
            4,
            6
          ],
          "texture": "#0"
        },
        "east": {
          "uv": [
            4,
            3,
            6,
            4
          ],
          "texture": "#0"
        },
        "south": {
          "uv": [
            4,
            5,
            6,
            6
          ],
          "texture": "#0"
        },
        "west": {
          "uv": [
            0,
            7,
            2,
            8
          ],
          "texture": "#0"
        },
        "up": {
          "uv": [
            8,
            2,
            6,
            0
          ],
          "texture": "#0"
        },
        "down": {
          "uv": [
            4,
            6,
            2,
            8
          ],
          "texture": "#0"
        }
      }
    },
    {
      "name": "shell2.1",
      "from": [
        12,
        5,
        12
      ],
      "to": [
        4,
        1,
        4
      ],
      "rotation": {
        "angle": 0,
        "axis": "y",
        "origin": [
          8,
          3,
          8
        ]
      },
      "faces": {
        "north": {
          "uv": [
            4,
            6,
            6,
            5
          ],
          "texture": "#0"
        },
        "east": {
          "uv": [
            0,
            8,
            2,
            7
          ],
          "texture": "#0"
        },
        "south": {
          "uv": [
            2,
            6,
            4,
            5
          ],
          "texture": "#0"
        },
        "west": {
          "uv": [
            4,
            4,
            6,
            3
          ],
          "texture": "#0"
        },
        "up": {
          "uv": [
            2,
            6,
            4,
            8
          ],
          "texture": "#0"
        },
        "down": {
          "uv": [
            6,
            2,
            8,
            0
          ],
          "texture": "#0"
        }
      }
    },
    {
      "name": "shell1",
      "from": [
        4,
        6,
        4
      ],
      "to": [
        12,
        12,
        12
      ],
      "rotation": {
        "angle": 0,
        "axis": "y",
        "origin": [
          8,
          9,
          8
        ]
      },
      "faces": {
        "north": {
          "uv": [
            0,
            0,
            2,
            1.5
          ],
          "texture": "#0"
        },
        "east": {
          "uv": [
            0,
            2,
            2,
            3.5
          ],
          "texture": "#0"
        },
        "south": {
          "uv": [
            2,
            0,
            4,
            1.5
          ],
          "texture": "#0"
        },
        "west": {
          "uv": [
            2,
            2,
            4,
            3.5
          ],
          "texture": "#0"
        },
        "up": {
          "uv": [
            2,
            6,
            0,
            4
          ],
          "texture": "#0"
        },
        "down": {
          "uv": [
            6,
            0,
            4,
            2
          ],
          "texture": "#0"
        }
      }
    },
    {
      "name": "shell1.1",
      "from": [
        12,
        12,
        12
      ],
      "to": [
        4,
        6,
        4
      ],
      "rotation": {
        "angle": 0,
        "axis": "y",
        "origin": [
          8,
          9,
          8
        ]
      },
      "faces": {
        "north": {
          "uv": [
            2,
            1.5,
            4,
            0
          ],
          "texture": "#0"
        },
        "east": {
          "uv": [
            2,
            3.5,
            4,
            2
          ],
          "texture": "#0"
        },
        "south": {
          "uv": [
            0,
            1.5,
            2,
            0
          ],
          "texture": "#0"
        },
        "west": {
          "uv": [
            0,
            3.5,
            2,
            2
          ],
          "texture": "#0"
        },
        "up": {
          "uv": [
            4,
            0,
            6,
            2
          ],
          "texture": "#0"
        },
        "down": {
          "uv": [
            0,
            6,
            2,
            4
          ],
          "texture": "#0"
        }
      }
    },
    {
      "name": "stand1",
      "from": [
        7.75,
        1,
        8
      ],
      "to": [
        8.25,
        12,
        8
      ],
      "rotation": {
        "angle": 0,
        "axis": "y",
        "origin": [
          8,
          6.5,
          8
        ]
      },
      "faces": {
        "north": {
          "uv": [
            9,
            0,
            9.25,
            0.5
          ],
          "texture": "#0"
        },
        "east": {
          "uv": [
            9.25,
            0,
            9.25,
            0.5
          ],
          "texture": "#0"
        },
        "south": {
          "uv": [
            9,
            0,
            9.25,
            0.5
          ],
          "texture": "#0"
        },
        "west": {
          "uv": [
            9,
            0,
            9,
            0.5
          ],
          "texture": "#0"
        },
        "up": {
          "uv": [
            9,
            0,
            9.25,
            0
          ],
          "texture": "#0"
        },
        "down": {
          "uv": [
            9,
            0,
            9.25,
            0
          ],
          "texture": "#0"
        }
      }
    },
    {
      "name": "stand2",
      "from": [
        8,
        1,
        7.75
      ],
      "to": [
        8,
        12,
        8.25
      ],
      "rotation": {
        "angle": 0,
        "axis": "y",
        "origin": [
          8,
          6.5,
          8
        ]
      },
      "faces": {
        "north": {
          "uv": [
            9,
            0,
            9,
            0.5
          ],
          "texture": "#0"
        },
        "east": {
          "uv": [
            9,
            0,
            9.25,
            0.5
          ],
          "texture": "#0"
        },
        "south": {
          "uv": [
            9.25,
            0,
            9.25,
            0.5
          ],
          "texture": "#0"
        },
        "west": {
          "uv": [
            9,
            0,
            9.25,
            0.5
          ],
          "texture": "#0"
        },
        "up": {
          "uv": [
            9,
            0,
            9.25,
            0
          ],
          "rotation": 90,
          "texture": "#0"
        },
        "down": {
          "uv": [
            9,
            0,
            9.25,
            0
          ],
          "rotation": 270,
          "texture": "#0"
        }
      }
    },
    {
      "from": [
        8.94,
        4.15,
        4.7
      ],
      "to": [
        10.79,
        6,
        5.5
      ],
      "rotation": {
        "angle": 0,
        "axis": "y",
        "origin": [
          8.875,
          4.1,
          4.6
        ]
      },
      "faces": {
        "north": {
          "uv": [
            0,
            0,
            2,
            2
          ],
          "texture": "#1"
        },
        "east": {
          "uv": [
            0,
            4,
            1,
            6
          ],
          "texture": "#1"
        },
        "south": {
          "uv": [
            0,
            2,
            2,
            4
          ],
          "texture": "#1"
        },
        "west": {
          "uv": [
            4,
            0,
            5,
            2
          ],
          "texture": "#1"
        },
        "up": {
          "uv": [
            3,
            5,
            1,
            4
          ],
          "texture": "#1"
        },
        "down": {
          "uv": [
            6,
            2,
            4,
            3
          ],
          "texture": "#1"
        }
      }
    },
    {
      "from": [
        5.21,
        4.15,
        4.7
      ],
      "to": [
        7.06,
        6,
        5.5
      ],
      "rotation": {
        "angle": 0,
        "axis": "y",
        "origin": [
          7.125,
          4.1,
          4.6
        ]
      },
      "faces": {
        "north": {
          "uv": [
            2,
            0,
            4,
            2
          ],
          "texture": "#1"
        },
        "east": {
          "uv": [
            3,
            4,
            4,
            6
          ],
          "texture": "#1"
        },
        "south": {
          "uv": [
            2,
            2,
            4,
            4
          ],
          "texture": "#1"
        },
        "west": {
          "uv": [
            4,
            3,
            5,
            5
          ],
          "texture": "#1"
        },
        "up": {
          "uv": [
            7,
            1,
            5,
            0
          ],
          "texture": "#1"
        },
        "down": {
          "uv": [
            3,
            5,
            1,
            6
          ],
          "texture": "#1"
        }
      }
    }
  ],
  "gui_light": "front",
  "display": {
    "thirdperson_righthand": {
      "rotation": [
        45,
        0,
        0
      ],
      "translation": [
        0,
        0.5,
        0.5
      ],
      "scale": [
        0.51,
        0.51,
        0.51
      ]
    },
    "thirdperson_lefthand": {
      "rotation": [
        45,
        0,
        0
      ],
      "translation": [
        0,
        0.5,
        0.5
      ],
      "scale": [
        0.51,
        0.51,
        0.51
      ]
    },
    "firstperson_righthand": {
      "rotation": [
        -6,
        130,
        6
      ],
      "translation": [
        2.5,
        4.5,
        0
      ],
      "scale": [
        0.6,
        0.6,
        0.6
      ]
    },
    "firstperson_lefthand": {
      "rotation": [
        -6,
        130,
        6
      ],
      "translation": [
        2.5,
        4.5,
        0
      ],
      "scale": [
        0.6,
        0.6,
        0.6
      ]
    },
    "ground": {
      "translation": [
        0,
        3,
        0
      ],
      "scale": [
        0.6,
        0.6,
        0.6
      ]
    },
    "gui": {
      "rotation": [
        0,
        180,
        0
      ],
      "translation": [
        0,
        1.75,
        0
      ],
      "scale": [
        1.14,
        1.14,
        1.14
      ]
    },
    "head": {
      "translation": [
        0,
        13.5,
        0
      ]
    },
    "fixed": {
      "rotation": [
        -90,
        0,
        0
      ],
      "translation": [
        0,
        0,
        -14.1
      ],
      "scale": [
        2,
        2,
        2
      ]
    }
  }
}