{
  "credit": "Made with Blockbench",
  "texture_size": [
    32,
    32
  ],
  "textures": {
    "0": "pelucias/hostile_mobs/overvorld/illagers/vex/vex/vex",
    "particle": "pelucias/hostile_mobs/overvorld/illagers/vex/vex/vex"
  },
  "elements": [
    {
      "name": "head",
      "from": [
        5.5,
        4,
        5.5
      ],
      "to": [
        10.5,
        9,
        10.5
      ],
      "rotation": {
        "angle": 0,
        "axis": "y",
        "origin": [
          8,
          4,
          8
        ]
      },
      "faces": {
        "north": {
          "uv": [
            0,
            0,
            2.5,
            2.5
          ],
          "texture": "#0"
        },
        "east": {
          "uv": [
            0,
            2.5,
            2.5,
            5
          ],
          "texture": "#0"
        },
        "south": {
          "uv": [
            2.5,
            0,
            5,
            2.5
          ],
          "texture": "#0"
        },
        "west": {
          "uv": [
            2.5,
            2.5,
            5,
            5
          ],
          "texture": "#0"
        },
        "up": {
          "uv": [
            2.5,
            7.5,
            0,
            5
          ],
          "texture": "#0"
        },
        "down": {
          "uv": [
            7.5,
            0,
            5,
            2.5
          ],
          "texture": "#0"
        }
      }
    },
    {
      "name": "body1",
      "from": [
        6.5,
        1,
        7
      ],
      "to": [
        9.5,
        4,
        9
      ],
      "rotation": {
        "angle": 0,
        "axis": "y",
        "origin": [
          8,
          3,
          8
        ]
      },
      "faces": {
        "north": {
          "uv": [
            4,
            5,
            5.5,
            6.5
          ],
          "texture": "#0"
        },
        "east": {
          "uv": [
            4,
            6.5,
            5,
            8
          ],
          "texture": "#0"
        },
        "south": {
          "uv": [
            5.5,
            4.5,
            7,
            6
          ],
          "texture": "#0"
        },
        "west": {
          "uv": [
            2.5,
            7,
            3.5,
            8.5
          ],
          "texture": "#0"
        },
        "up": {
          "uv": [
            8,
            4.5,
            6.5,
            3.5
          ],
          "texture": "#0"
        },
        "down": {
          "uv": [
            8.5,
            4.5,
            7,
            5.5
          ],
          "texture": "#0"
        }
      }
    },
    {
      "name": "body2",
      "from": [
        6.7,
        1.001,
        5.2
      ],
      "to": [
        9.3,
        2.601,
        8.8
      ],
      "rotation": {
        "angle": 0,
        "axis": "x",
        "origin": [
          8,
          2,
          8
        ]
      },
      "faces": {
        "north": {
          "uv": [
            5,
            7,
            6.5,
            8
          ],
          "texture": "#0"
        },
        "east": {
          "uv": [
            5.5,
            6,
            7.5,
            7
          ],
          "texture": "#0"
        },
        "south": {
          "uv": [
            6.5,
            7,
            8,
            8
          ],
          "texture": "#0"
        },
        "west": {
          "uv": [
            6.5,
            2.5,
            8.5,
            3.5
          ],
          "texture": "#0"
        },
        "up": {
          "uv": [
            4,
            7,
            2.5,
            5
          ],
          "texture": "#0"
        },
        "down": {
          "uv": [
            6.5,
            2.5,
            5,
            4.5
          ],
          "texture": "#0"
        }
      }
    },
    {
      "name": "body2.5",
      "from": [
        9.3,
        2.601,
        8.8
      ],
      "to": [
        6.7,
        1.001,
        5.2
      ],
      "rotation": {
        "angle": 0,
        "axis": "x",
        "origin": [
          6,
          3,
          5
        ]
      },
      "faces": {
        "north": {
          "uv": [
            6.5,
            8,
            8,
            7
          ],
          "texture": "#0"
        },
        "east": {
          "uv": [
            6.5,
            3.5,
            8.5,
            2.5
          ],
          "texture": "#0"
        },
        "south": {
          "uv": [
            5,
            8,
            6.5,
            7
          ],
          "texture": "#0"
        },
        "west": {
          "uv": [
            5.5,
            7,
            7.5,
            6
          ],
          "texture": "#0"
        },
        "up": {
          "uv": [
            5,
            2.5,
            6.5,
            4.5
          ],
          "texture": "#0"
        },
        "down": {
          "uv": [
            2.5,
            7,
            4,
            5
          ],
          "texture": "#0"
        }
      }
    },
    {
      "name": "L arm",
      "from": [
        6.5,
        1.65,
        7.5
      ],
      "to": [
        7.5,
        3.65,
        8.5
      ],
      "rotation": {
        "angle": -45,
        "axis": "z",
        "origin": [
          7.5,
          3.65,
          7
        ]
      },
      "faces": {
        "north": {
          "uv": [
            3.5,
            7,
            4,
            8
          ],
          "texture": "#0"
        },
        "east": {
          "uv": [
            0,
            7.5,
            0.5,
            8.5
          ],
          "texture": "#0"
        },
        "south": {
          "uv": [
            7.5,
            0,
            8,
            1
          ],
          "texture": "#0"
        },
        "west": {
          "uv": [
            0.5,
            7.5,
            1,
            8.5
          ],
          "texture": "#0"
        },
        "up": {
          "uv": [
            5.5,
            5,
            5,
            4.5
          ],
          "texture": "#0"
        },
        "down": {
          "uv": [
            5.5,
            6.5,
            5,
            7
          ],
          "texture": "#0"
        }
      }
    },
    {
      "name": "R arm",
      "from": [
        8.5,
        1.65,
        7.5
      ],
      "to": [
        9.5,
        3.65,
        8.5
      ],
      "rotation": {
        "angle": 45,
        "axis": "z",
        "origin": [
          8.5,
          3.65,
          7
        ]
      },
      "faces": {
        "north": {
          "uv": [
            1,
            7.5,
            1.5,
            8.5
          ],
          "texture": "#0"
        },
        "east": {
          "uv": [
            7.5,
            1,
            8,
            2
          ],
          "texture": "#0"
        },
        "south": {
          "uv": [
            1.5,
            7.5,
            2,
            8.5
          ],
          "texture": "#0"
        },
        "west": {
          "uv": [
            2,
            7.5,
            2.5,
            8.5
          ],
          "texture": "#0"
        },
        "up": {
          "uv": [
            7.5,
            6,
            7,
            5.5
          ],
          "texture": "#0"
        },
        "down": {
          "uv": [
            8,
            2,
            7.5,
            2.5
          ],
          "texture": "#0"
        }
      }
    },
    {
      "name": "R wing",
      "from": [
        8.5,
        1,
        9
      ],
      "to": [
        8.5,
        4,
        14
      ],
      "rotation": {
        "angle": 45,
        "axis": "y",
        "origin": [
          8.5,
          1,
          9
        ]
      },
      "faces": {
        "north": {
          "uv": [
            0,
            0,
            0,
            1.5
          ],
          "texture": "#0"
        },
        "east": {
          "uv": [
            13.5,
            1.5,
            16,
            3
          ],
          "texture": "#0"
        },
        "south": {
          "uv": [
            0,
            0,
            0,
            1.5
          ],
          "texture": "#0"
        },
        "west": {
          "uv": [
            16,
            1.5,
            13.5,
            3
          ],
          "texture": "#0"
        },
        "up": {
          "uv": [
            0,
            0,
            0,
            2.5
          ],
          "texture": "#0"
        },
        "down": {
          "uv": [
            0,
            0,
            0,
            2.5
          ],
          "texture": "#0"
        }
      }
    },
    {
      "name": "L wing",
      "from": [
        7.5,
        1,
        9
      ],
      "to": [
        7.5,
        4,
        14
      ],
      "rotation": {
        "angle": -45,
        "axis": "y",
        "origin": [
          7.5,
          1,
          9
        ]
      },
      "faces": {
        "north": {
          "uv": [
            0,
            0,
            0,
            1.5
          ],
          "texture": "#0"
        },
        "east": {
          "uv": [
            13.5,
            1.5,
            16,
            3
          ],
          "texture": "#0"
        },
        "south": {
          "uv": [
            0,
            0,
            0,
            1.5
          ],
          "texture": "#0"
        },
        "west": {
          "uv": [
            16,
            1.5,
            13.5,
            3
          ],
          "texture": "#0"
        },
        "up": {
          "uv": [
            0,
            0,
            0,
            2.5
          ],
          "texture": "#0"
        },
        "down": {
          "uv": [
            0,
            0,
            0,
            2.5
          ],
          "texture": "#0"
        }
      }
    },
    {
      "name": "L eye",
      "from": [
        5.501,
        4.001,
        5
      ],
      "to": [
        7.501,
        6.001,
        6
      ],
      "rotation": {
        "angle": 0,
        "axis": "y",
        "origin": [
          5,
          4,
          4
        ]
      },
      "faces": {
        "north": {
          "uv": [
            15,
            3,
            16,
            4
          ],
          "texture": "#0"
        },
        "east": {
          "uv": [
            15.5,
            4,
            16,
            5
          ],
          "texture": "#0"
        },
        "south": {
          "uv": [
            14,
            3,
            15,
            4
          ],
          "texture": "#0"
        },
        "west": {
          "uv": [
            15,
            4,
            15.5,
            5
          ],
          "texture": "#0"
        },
        "up": {
          "uv": [
            14,
            4,
            15,
            4.5
          ],
          "texture": "#0"
        },
        "down": {
          "uv": [
            14,
            4.5,
            15,
            5
          ],
          "texture": "#0"
        }
      }
    },
    {
      "name": "R eye",
      "from": [
        8.499,
        4.001,
        5
      ],
      "to": [
        10.499,
        6.001,
        6
      ],
      "rotation": {
        "angle": 0,
        "axis": "y",
        "origin": [
          8,
          4,
          4
        ]
      },
      "faces": {
        "north": {
          "uv": [
            15,
            5,
            16,
            6
          ],
          "texture": "#0"
        },
        "east": {
          "uv": [
            13.5,
            5,
            14,
            6
          ],
          "texture": "#0"
        },
        "south": {
          "uv": [
            15,
            6,
            16,
            7
          ],
          "texture": "#0"
        },
        "west": {
          "uv": [
            13,
            5,
            13.5,
            6
          ],
          "texture": "#0"
        },
        "up": {
          "uv": [
            14,
            5,
            15,
            5.5
          ],
          "texture": "#0"
        },
        "down": {
          "uv": [
            14,
            5.5,
            15,
            6
          ],
          "texture": "#0"
        }
      }
    }
  ],
  "gui_light": "front",
  "display": {
    "thirdperson_righthand": {
      "rotation": [
        45,
        0,
        0
      ],
      "translation": [
        0,
        1.25,
        0
      ],
      "scale": [
        0.51,
        0.51,
        0.51
      ]
    },
    "thirdperson_lefthand": {
      "rotation": [
        45,
        0,
        0
      ],
      "translation": [
        0,
        1.25,
        0
      ],
      "scale": [
        0.51,
        0.51,
        0.51
      ]
    },
    "firstperson_righthand": {
      "rotation": [
        -6,
        130,
        6
      ],
      "translation": [
        3,
        4.75,
        0.25
      ],
      "scale": [
        0.5,
        0.5,
        0.5
      ]
    },
    "firstperson_lefthand": {
      "rotation": [
        -6,
        130,
        6
      ],
      "translation": [
        3,
        4.75,
        0.25
      ],
      "scale": [
        0.5,
        0.5,
        0.5
      ]
    },
    "ground": {
      "translation": [
        0,
        5,
        0
      ],
      "scale": [
        0.6,
        0.6,
        0.6
      ]
    },
    "gui": {
      "rotation": [
        0,
        180,
        0
      ],
      "translation": [
        0,
        4.5,
        0
      ],
      "scale": [
        1.5,
        1.5,
        1.5
      ]
    },
    "head": {
      "translation": [
        0,
        14.25,
        0
      ]
    },
    "fixed": {
      "rotation": [
        -90,
        0,
        0
      ],
      "translation": [
        0,
        0.01,
        -14
      ],
      "scale": [
        2,
        2,
        2
      ]
    }
  },
  "groups": [
    {
      "name": "body",
      "origin": [
        7.5,
        1,
        9
      ],
      "color": 0,
      "children": [
        0,
        1,
        2,
        3,
        4,
        5,
        6,
        7
      ]
    },
    {
      "name": "eyes",
      "origin": [
        8,
        8,
        8
      ],
      "color": 0,
      "children": [
        8,
        9
      ]
    }
  ]
}