{
  "parent": "minecraft:item/handheld",
  "textures": {
    "layer0": "minecraft:item/pedra/viajante",
    "particle": "minecraft:item/pedra/viajante"
  },
  "display": {
    "thirdperson_righthand": {
      "rotation": [
        -30,
        -90,
        0
      ],
      "translation": [
        0,
        7,
        4
      ],
      "scale": [
        0.9,
        0.9,
        0.9
      ]
    },
    "thirdperson_lefthand": {
      "rotation": [
        67,
        0,
        0
      ],
      "translation": [
        -5,
        -7,
        7
      ],
      "scale": [
        0.8,
        0.8,
        0.8
      ]
    },
    "firstperson_righthand": {
      "rotation": [
        -30,
        -90,
        -1
      ],
      "translation": [
        0,
        7,
        2
      ],
      "scale": [
        0.6,
        0.6,
        0.6
      ]
    },
    "firstperson_lefthand": {
      "rotation": [
        67,
        0,
        0
      ],
      "translation": [
        -5,
        -8,
        7
      ],
      "scale": [
        0.7,
        0.7,
        0.7
      ]
    },
    "ground": {
      "rotation": [
        90,
        0,
        0
      ],
      "translation": [
        0,
        0,
        0
      ],
      "scale": [
        0.7,
        0.7,
        0.7
      ]
    },
    "fixed": {
      "translation": [
        2.25,
        -7.5,
        -2.25
      ],
      "scale": [
        2.5,
        2.5,
        2.5
      ]
    }
  }
}