{
  "parent": "minecraft:item/handheld",
  "textures": {
    "layer0": "item/pedra/titan",
    "particle": "minecraft:item/pedra/titan"
  },
  "display": {
    "thirdperson_righthand": {
      "rotation": [
        -15,
        90,
        90
      ],
      "translation": [
        0,
        9,
        3
      ],
      "scale": [
        1.5,
        1.5,
        1.5
      ]
    },
    "thirdperson_lefthand": {
      "rotation": [
        67,
        0,
        0
      ],
      "translation": [
        -5,
        -8,
        7
      ],
      "scale": [
        1.5,
        1.5,
        1.5
      ]
    },
    "firstperson_righthand": {
      "rotation": [
        -15,
        90,
        90
      ],
      "translation": [
        0,
        7,
        3
      ],
      "scale": [
        1.5,
        1.5,
        1.5
      ]
    },
    "firstperson_lefthand": {
      "rotation": [
        67,
        0,
        0
      ],
      "translation": [
        -5,
        -8,
        7
      ],
      "scale": [
        1.5,
        1.5,
        1.5
      ]
    },
    "gui": {
      "rotation": [
        0,
        0,
        0
      ],
      "translation": [
        0,
        0,
        0
      ],
      "scale": [
        1,
        1,
        1
      ]
    },
    "ground": {
      "rotation": [
        90,
        0,
        0
      ],
      "translation": [
        0,
        0,
        0
      ],
      "scale": [
        1.5,
        1.5,
        1.5
      ]
    },
    "fixed": {
      "translation": [
        2.25,
        -7.5,
        -2.25
      ],
      "scale": [
        2.5,
        2.5,
        2.5
      ]
    }
  }
}