{
	"format_version": "1.21.6",
	"credit": "Made with Blockbench",
	"texture_size": [32, 32],
	"textures": {
		"5": "minecraft:demon_slayer/katana/tengen",
		"particle": "minecraft:demon_slayer/katana/tengen"
	},
	"elements": [
		{
			"from": [7.64, -1, 7.325],
			"to": [8.34, 5, 8.925],
			"rotation": {"angle": 0, "axis": "y", "origin": [0.51, 0, 0.475]},
			"faces": {
				"north": {"uv": [1.5, 12.5, 2, 16], "texture": "#5"},
				"east": {"uv": [1.5, 12.5, 0.5, 16], "texture": "#5"},
				"south": {"uv": [0, 12.5, 0.5, 16], "texture": "#5"},
				"west": {"uv": [0.5, 12.5, 1.5, 16], "texture": "#5"},
				"up": {"uv": [2.5, 9.5, 2, 9], "texture": "#5"},
				"down": {"uv": [5.5, 6, 5, 6.5], "texture": "#5"}
			}
		},
		{
			"from": [7.615, -0.29289, 7.575],
			"to": [8.365, 0.80711, 8.675],
			"rotation": {"angle": -45, "axis": "x", "origin": [7.99, 0.25711, 8.125]},
			"faces": {
				"north": {"uv": [15, 2, 16, 3], "texture": "#5"},
				"east": {"uv": [15, 2, 16, 1], "texture": "#5"},
				"south": {"uv": [15, 2, 16, 3], "texture": "#5"},
				"west": {"uv": [16, 2, 15, 1], "texture": "#5"},
				"up": {"uv": [15.5, 2.5, 15, 2], "rotation": 90, "texture": "#5"},
				"down": {"uv": [15.5, 2, 15, 2.5], "rotation": 270, "texture": "#5"}
			}
		},
		{
			"from": [7.615, 3.20711, 7.575],
			"to": [8.365, 4.30711, 8.675],
			"rotation": {"angle": -45, "axis": "x", "origin": [7.99, 3.75711, 8.125]},
			"faces": {
				"north": {"uv": [15, 2, 16, 3], "texture": "#5"},
				"east": {"uv": [15, 2, 16, 1], "texture": "#5"},
				"south": {"uv": [15, 2, 16, 3], "texture": "#5"},
				"west": {"uv": [16, 2, 15, 1], "texture": "#5"},
				"up": {"uv": [15.5, 2.5, 15, 2], "rotation": 90, "texture": "#5"},
				"down": {"uv": [15.5, 2, 15, 2.5], "rotation": 270, "texture": "#5"}
			}
		},
		{
			"from": [7.615, 1.45711, 7.575],
			"to": [8.365, 2.55711, 8.675],
			"rotation": {"angle": -45, "axis": "x", "origin": [7.99, 2.00711, 8.125]},
			"faces": {
				"north": {"uv": [15, 2, 16, 3], "texture": "#5"},
				"east": {"uv": [15, 2, 16, 1], "texture": "#5"},
				"south": {"uv": [15, 2, 16, 3], "texture": "#5"},
				"west": {"uv": [16, 2, 15, 1], "texture": "#5"},
				"up": {"uv": [15.5, 2.5, 15, 2], "rotation": 90, "texture": "#5"},
				"down": {"uv": [15.5, 2, 15, 2.5], "rotation": 270, "texture": "#5"}
			}
		},
		{
			"from": [6.51, 5, 6.125],
			"to": [9.51, 6, 10.125],
			"rotation": {"angle": 0, "axis": "y", "origin": [0.51, 0, 0.125]},
			"faces": {
				"north": {"uv": [6.5, 6, 8, 6.5], "texture": "#5"},
				"east": {"uv": [7, 0.5, 9, 1], "texture": "#5"},
				"south": {"uv": [6.5, 6, 8, 6.5], "texture": "#5"},
				"west": {"uv": [7, 0.5, 9, 1], "texture": "#5"},
				"up": {"uv": [9.5, 4.5, 7.5, 3], "rotation": 90, "texture": "#5"},
				"down": {"uv": [7.5, 4.5, 9.5, 3], "rotation": 90, "texture": "#5"}
			}
		},
		{
			"from": [7.51, 5, 5.125],
			"to": [8.51, 6, 6.125],
			"rotation": {"angle": 0, "axis": "y", "origin": [0.51, 0, -3.875]},
			"faces": {
				"north": {"uv": [7, 6, 7.5, 6.5], "texture": "#5"},
				"east": {"uv": [8.5, 0.5, 9, 1], "texture": "#5"},
				"south": {"uv": [7, 6, 7.5, 6.5], "texture": "#5"},
				"west": {"uv": [8.5, 0.5, 9, 1], "texture": "#5"},
				"up": {"uv": [8.5, 4, 8, 3.5], "rotation": 90, "texture": "#5"},
				"down": {"uv": [8.5, 3.5, 8, 4], "texture": "#5"}
			}
		},
		{
			"from": [7.51, 5, 10.125],
			"to": [8.51, 6, 11.125],
			"rotation": {"angle": 0, "axis": "y", "origin": [0.51, 0, 0.625]},
			"faces": {
				"north": {"uv": [6.5, 6, 8, 6.5], "texture": "#5"},
				"east": {"uv": [8.5, 0.5, 9, 1], "texture": "#5"},
				"south": {"uv": [7, 6, 7.5, 6.5], "texture": "#5"},
				"west": {"uv": [8.5, 0.5, 9, 1], "texture": "#5"},
				"up": {"uv": [8, 4, 7.5, 3.5], "rotation": 90, "texture": "#5"},
				"down": {"uv": [8, 3.5, 7.5, 4], "texture": "#5"}
			}
		},
		{
			"from": [7.91, 6, 5.125],
			"to": [8.11, 21, 9.125],
			"rotation": {"angle": 0, "axis": "y", "origin": [0.51, 0, 0.625]},
			"faces": {
				"north": {"uv": [2, 0, 2, 7.5], "texture": "#5"},
				"east": {"uv": [0, 0, 2, 7.5], "texture": "#5"},
				"south": {"uv": [0, 0, 0.5, 7.5], "texture": "#5"},
				"west": {"uv": [2, 0, 4, 7.5], "texture": "#5"},
				"up": {"uv": [2, 0, 0, 0], "rotation": 90, "texture": "#5"},
				"down": {"uv": [0, 7.5, 2, 7.5], "rotation": 90, "texture": "#5"}
			}
		},
		{
			"from": [7.59, -1.45, 7.275],
			"to": [8.39, -0.95, 8.975],
			"rotation": {"angle": 0, "axis": "y", "origin": [0.51, 0, 0.475]},
			"faces": {
				"north": {"uv": [15, 0, 15.5, 0.5], "texture": "#5"},
				"east": {"uv": [16, 0, 15, 0.5], "texture": "#5"},
				"south": {"uv": [15.5, 0, 16, 0.5], "texture": "#5"},
				"west": {"uv": [15, 0, 16, 0.5], "texture": "#5"},
				"up": {"uv": [15, 0, 16, 0.5], "rotation": 90, "texture": "#5"},
				"down": {"uv": [16, 0.5, 15, 0], "rotation": 90, "texture": "#5"}
			}
		},
		{
			"from": [6.51, -4, 3.375],
			"to": [9.51, -4, 7.375],
			"rotation": {"angle": -22.5, "axis": "x", "origin": [0.51, 0, 0.475]},
			"faces": {
				"north": {"uv": [0, 0, 1.5, 0], "texture": "#5"},
				"east": {"uv": [0, 0, 2, 0], "texture": "#5"},
				"south": {"uv": [0, 0, 1.5, 0], "texture": "#5"},
				"west": {"uv": [0, 0, 2, 0], "texture": "#5"},
				"up": {"uv": [5.5, 5, 4, 3], "texture": "#5"},
				"down": {"uv": [5.5, 5, 4, 7], "texture": "#5"}
			}
		},
		{
			"from": [7.91, 7, 5.125],
			"to": [8.11, 6, 7.125],
			"rotation": {"angle": 0, "axis": "y", "origin": [0.51, 0, 0.625]},
			"faces": {
				"north": {"uv": [1.5, 0, 2.6, 0.5], "texture": "#5"},
				"east": {"uv": [1.5, 0, 2.5, 0.5], "texture": "#5"},
				"south": {"uv": [0.5, 7, 0.7, 7.5], "texture": "#5"},
				"west": {"uv": [1.5, 0, 2.5, 0.5], "texture": "#5"},
				"up": {"uv": [1.5, 0, 2.6, 1], "texture": "#5"},
				"down": {"uv": [1, 7, 2, 6.6], "rotation": 90, "texture": "#5"}
			}
		},
		{
			"from": [7.91, 21, 7.125],
			"to": [8.11, 20, 8.125],
			"rotation": {"angle": 0, "axis": "y", "origin": [0.51, 0, 0.625]},
			"faces": {
				"north": {"uv": [1.5, 0, 2.6, 0.5], "texture": "#5"},
				"east": {"uv": [1.5, 0, 2.5, 0.5], "texture": "#5"},
				"south": {"uv": [0, 0, 0.1, 0.5], "texture": "#5"},
				"west": {"uv": [1.5, 0, 2.5, 0.5], "texture": "#5"},
				"up": {"uv": [0, 0.5, 0.6, 1], "texture": "#5"},
				"down": {"uv": [1.5, 0.4, 2.5, 0], "rotation": 90, "texture": "#5"}
			}
		},
		{
			"from": [7.91, 20, 6.125],
			"to": [8.11, 18, 7.125],
			"rotation": {"angle": 0, "axis": "y", "origin": [0.51, 0, 0.625]},
			"faces": {
				"north": {"uv": [1.5, 0, 2.6, 0.5], "texture": "#5"},
				"east": {"uv": [1.5, 0, 2.5, 0.5], "texture": "#5"},
				"south": {"uv": [0.55, 1.5, 0.95, 0.5], "texture": "#5"},
				"west": {"uv": [1.5, 0, 2.5, 0.5], "texture": "#5"},
				"up": {"uv": [0.5, 0.5, 0.6, 1], "texture": "#5"},
				"down": {"uv": [1.5, 0.4, 2.5, 0], "rotation": 90, "texture": "#5"}
			}
		},
		{
			"from": [7.91, 14, 6.125],
			"to": [8.11, 10, 7.125],
			"rotation": {"angle": 0, "axis": "y", "origin": [0.51, 0, 0.625]},
			"faces": {
				"north": {"uv": [1.5, 3.5, 2.1, 5.5], "texture": "#5"},
				"east": {"uv": [1.5, 0, 2.5, 0.5], "texture": "#5"},
				"south": {"uv": [0.55, 5.5, 0.95, 3.5], "texture": "#5"},
				"west": {"uv": [1.5, 0, 2.5, 0.5], "texture": "#5"},
				"up": {"uv": [1.45, 5.5, 1.1, 6], "texture": "#5"},
				"down": {"uv": [1, 3.5, 1.5, 3], "rotation": 90, "texture": "#5"}
			}
		},
		{
			"from": [7.91, 13, 5.125],
			"to": [8.11, 11, 6.125],
			"rotation": {"angle": 0, "axis": "y", "origin": [0.51, 0, 0.625]},
			"faces": {
				"north": {"uv": [1.5, 0, 2.6, 0.5], "texture": "#5"},
				"east": {"uv": [1.5, 0, 2.5, 0.5], "texture": "#5"},
				"south": {"uv": [2.05, 1.5, 2.45, 0.5], "texture": "#5"},
				"west": {"uv": [1.5, 0, 2.5, 0.5], "texture": "#5"},
				"up": {"uv": [2, 5, 1.6, 5.5], "texture": "#5"},
				"down": {"uv": [1.5, 4, 2, 3.5], "rotation": 90, "texture": "#5"}
			}
		},
		{
			"from": [7.91, 18, 5.125],
			"to": [8.11, 16, 6.125],
			"rotation": {"angle": 0, "axis": "y", "origin": [0.51, 0, 0.625]},
			"faces": {
				"north": {"uv": [1.5, 0, 2.6, 0.5], "texture": "#5"},
				"east": {"uv": [1.5, 0, 2.5, 0.5], "texture": "#5"},
				"south": {"uv": [0.55, 1.5, 0.95, 0.5], "texture": "#5"},
				"west": {"uv": [1.5, 0, 2.5, 0.5], "texture": "#5"},
				"up": {"uv": [1.5, 2, 1.1, 2], "texture": "#5"},
				"down": {"uv": [1.5, 0.4, 2.5, 0], "rotation": 90, "texture": "#5"}
			}
		}
	],
	"display": {
		"thirdperson_righthand": {
			"translation": [0, 3.75, 2.5]
		},
		"thirdperson_lefthand": {
			"translation": [0, 3.75, 2.25]
		},
		"firstperson_righthand": {
			"rotation": [0, -9.25, 0],
			"translation": [2.75, 2, 0.25]
		},
		"firstperson_lefthand": {
			"rotation": [0, -9.25, 0],
			"translation": [2.25, 2, 0.25]
		},
		"ground": {
			"translation": [0, 6.25, 0]
		},
		"gui": {
			"rotation": [121.1, 32.66, -133.81],
			"translation": [0.25, -0.5, 0],
			"scale": [0.7, 0.7, 0.7]
		},
		"head": {
			"scale": [0, 0, 0]
		},
		"fixed": {
			"rotation": [-180, -90, -180],
			"translation": [-2.75, 0, -0.1],
			"scale": [2, 2, 2]
		}
	}
}