{
  "credit": "Made with Blockbench",
  "textures": {
    "0": "pelucias/hostile_mobs/overvorld/zombie/zombie/plushie",
    "1": "pelucias/hostile_mobs/overvorld/zombie/zombie/plushie",
    "particle": "pelucias/hostile_mobs/overvorld/zombie/zombie/plushie"
  },
  "elements": [
    {
      "from": [
        4,
        13,
        4
      ],
      "to": [
        12,
        21,
        12
      ],
      "rotation": {
        "angle": 0,
        "axis": "y",
        "origin": [
          4,
          3,
          4
        ]
      },
      "faces": {
        "north": {
          "uv": [
            0,
            0,
            4,
            4
          ],
          "texture": "#0"
        },
        "east": {
          "uv": [
            0,
            4,
            4,
            8
          ],
          "texture": "#0"
        },
        "south": {
          "uv": [
            4,
            0,
            8,
            4
          ],
          "texture": "#0"
        },
        "west": {
          "uv": [
            4,
            4,
            8,
            8
          ],
          "texture": "#0"
        },
        "up": {
          "uv": [
            4,
            12,
            0,
            8
          ],
          "texture": "#0"
        },
        "down": {
          "uv": [
            12,
            0,
            8,
            4
          ],
          "texture": "#0"
        }
      }
    },
    {
      "from": [
        5,
        6,
        6
      ],
      "to": [
        11,
        13,
        10
      ],
      "rotation": {
        "angle": 0,
        "axis": "y",
        "origin": [
          8,
          9,
          8
        ]
      },
      "faces": {
        "north": {
          "uv": [
            4,
            8,
            7,
            11.5
          ],
          "texture": "#0"
        },
        "east": {
          "uv": [
            7,
            8,
            9,
            11.5
          ],
          "texture": "#0"
        },
        "south": {
          "uv": [
            8,
            4,
            11,
            7.5
          ],
          "texture": "#0"
        },
        "west": {
          "uv": [
            9,
            7.5,
            11,
            11
          ],
          "texture": "#0"
        },
        "up": {
          "uv": [
            14,
            6,
            11,
            4
          ],
          "texture": "#0"
        },
        "down": {
          "uv": [
            14,
            6,
            11,
            8
          ],
          "texture": "#0"
        }
      }
    },
    {
      "from": [
        9.5,
        6.001,
        4
      ],
      "to": [
        11.5,
        8.001,
        7
      ],
      "rotation": {
        "angle": -22.5,
        "axis": "y",
        "origin": [
          10,
          7,
          5
        ]
      },
      "faces": {
        "north": {
          "uv": [
            9.5,
            12,
            10.5,
            13
          ],
          "texture": "#0"
        },
        "east": {
          "uv": [
            7,
            11.5,
            8.5,
            12.5
          ],
          "texture": "#0"
        },
        "south": {
          "uv": [
            12,
            11,
            13,
            12
          ],
          "texture": "#0"
        },
        "west": {
          "uv": [
            0,
            12,
            1.5,
            13
          ],
          "texture": "#0"
        },
        "up": {
          "uv": [
            13,
            1.5,
            12,
            0
          ],
          "texture": "#0"
        },
        "down": {
          "uv": [
            2.5,
            12,
            1.5,
            13.5
          ],
          "texture": "#0"
        }
      }
    },
    {
      "from": [
        4.5,
        6.001,
        4
      ],
      "to": [
        6.5,
        8.001,
        7
      ],
      "rotation": {
        "angle": 22.5,
        "axis": "y",
        "origin": [
          6,
          7,
          5
        ]
      },
      "faces": {
        "north": {
          "uv": [
            12,
            12,
            13,
            13
          ],
          "texture": "#0"
        },
        "east": {
          "uv": [
            12,
            1.5,
            13.5,
            2.5
          ],
          "texture": "#0"
        },
        "south": {
          "uv": [
            7,
            12.5,
            8,
            13.5
          ],
          "texture": "#0"
        },
        "west": {
          "uv": [
            2.5,
            12,
            4,
            13
          ],
          "texture": "#0"
        },
        "up": {
          "uv": [
            13,
            4,
            12,
            2.5
          ],
          "texture": "#0"
        },
        "down": {
          "uv": [
            9.5,
            12,
            8.5,
            13.5
          ],
          "texture": "#0"
        }
      }
    },
    {
      "from": [
        10,
        9,
        7
      ],
      "to": [
        14,
        11,
        9
      ],
      "rotation": {
        "angle": -45,
        "axis": "z",
        "origin": [
          13,
          11,
          8
        ]
      },
      "faces": {
        "north": {
          "uv": [
            11,
            8,
            13,
            9
          ],
          "texture": "#0"
        },
        "east": {
          "uv": [
            0,
            13,
            1,
            14
          ],
          "texture": "#0"
        },
        "south": {
          "uv": [
            9,
            11,
            11,
            12
          ],
          "texture": "#0"
        },
        "west": {
          "uv": [
            13,
            0,
            14,
            1
          ],
          "texture": "#0"
        },
        "up": {
          "uv": [
            13,
            10,
            11,
            9
          ],
          "texture": "#0"
        },
        "down": {
          "uv": [
            13,
            10,
            11,
            11
          ],
          "texture": "#0"
        }
      }
    },
    {
      "from": [
        3,
        10,
        7
      ],
      "to": [
        5,
        14,
        9
      ],
      "rotation": {
        "angle": -45,
        "axis": "z",
        "origin": [
          3,
          11,
          8
        ]
      },
      "faces": {
        "north": {
          "uv": [
            11,
            11,
            12,
            13
          ],
          "texture": "#0"
        },
        "east": {
          "uv": [
            4,
            11.5,
            5,
            13.5
          ],
          "texture": "#0"
        },
        "south": {
          "uv": [
            5,
            11.5,
            6,
            13.5
          ],
          "texture": "#0"
        },
        "west": {
          "uv": [
            6,
            11.5,
            7,
            13.5
          ],
          "texture": "#0"
        },
        "up": {
          "uv": [
            3.5,
            14,
            2.5,
            13
          ],
          "texture": "#0"
        },
        "down": {
          "uv": [
            14,
            2.5,
            13,
            3.5
          ],
          "texture": "#0"
        }
      }
    },
    {
      "from": [
        9,
        15,
        3.5
      ],
      "to": [
        11,
        17,
        5.5
      ],
      "faces": {
        "north": {
          "uv": [
            0,
            0,
            2,
            2
          ],
          "texture": "#1"
        },
        "east": {
          "uv": [
            0,
            2,
            2,
            4
          ],
          "texture": "#1"
        },
        "south": {
          "uv": [
            2,
            0,
            4,
            2
          ],
          "texture": "#1"
        },
        "west": {
          "uv": [
            2,
            2,
            4,
            4
          ],
          "texture": "#1"
        },
        "up": {
          "uv": [
            2,
            6,
            0,
            4
          ],
          "texture": "#1"
        },
        "down": {
          "uv": [
            6,
            0,
            4,
            2
          ],
          "texture": "#1"
        }
      }
    },
    {
      "from": [
        5,
        15,
        3.5
      ],
      "to": [
        7,
        17,
        5.5
      ],
      "faces": {
        "north": {
          "uv": [
            2,
            4,
            4,
            6
          ],
          "texture": "#1"
        },
        "east": {
          "uv": [
            4,
            2,
            6,
            4
          ],
          "texture": "#1"
        },
        "south": {
          "uv": [
            4,
            4,
            6,
            6
          ],
          "texture": "#1"
        },
        "west": {
          "uv": [
            0,
            6,
            2,
            8
          ],
          "texture": "#1"
        },
        "up": {
          "uv": [
            8,
            2,
            6,
            0
          ],
          "texture": "#1"
        },
        "down": {
          "uv": [
            4,
            6,
            2,
            8
          ],
          "texture": "#1"
        }
      }
    }
  ],
  "gui_light": "front",
  "display": {
    "thirdperson_righthand": {
      "rotation": [
        45,
        0,
        0
      ],
      "translation": [
        0,
        -1.25,
        -2
      ],
      "scale": [
        0.51,
        0.51,
        0.51
      ]
    },
    "thirdperson_lefthand": {
      "rotation": [
        45,
        0,
        0
      ],
      "translation": [
        0,
        -1.25,
        -2
      ],
      "scale": [
        0.51,
        0.51,
        0.51
      ]
    },
    "firstperson_righthand": {
      "rotation": [
        -6,
        130,
        6
      ],
      "translation": [
        3,
        1.25,
        0
      ],
      "scale": [
        0.5,
        0.5,
        0.5
      ]
    },
    "firstperson_lefthand": {
      "rotation": [
        -6,
        130,
        6
      ],
      "translation": [
        3,
        1.25,
        0
      ],
      "scale": [
        0.5,
        0.5,
        0.5
      ]
    },
    "ground": {
      "scale": [
        0.6,
        0.6,
        0.6
      ]
    },
    "gui": {
      "rotation": [
        0,
        180,
        0
      ],
      "translation": [
        0,
        -5.25,
        0
      ],
      "scale": [
        0.9,
        0.9,
        0.9
      ]
    },
    "head": {
      "translation": [
        0,
        9,
        0
      ]
    },
    "fixed": {
      "rotation": [
        -90,
        0,
        0
      ],
      "translation": [
        0,
        0,
        -4
      ],
      "scale": [
        2,
        2,
        2
      ]
    }
  },
  "groups": [
    {
      "name": "group",
      "origin": [
        3,
        11,
        8
      ],
      "color": 0,
      "children": [
        0,
        1,
        2,
        3,
        4,
        5
      ]
    },
    {
      "name": "group",
      "origin": [
        8,
        8,
        8
      ],
      "color": 0,
      "children": [
        6,
        7
      ]
    }
  ]
}