{
	"format_version": "1.21.6",
	"credit": "Made with Blockbench",
	"texture_size": [32, 32],
	"textures": {
		"9": "minecraft:demon_slayer/katana/shinobu",
		"particle": "minecraft:demon_slayer/katana/shinobu"
	},
	"elements": [
		{
			"from": [6.98645, 2, 7.91957],
			"to": [7.98645, 29, 8.11957],
			"rotation": {"angle": 0, "axis": "y", "origin": [0.98645, 0, -0.48043]},
			"faces": {
				"north": {"uv": [0.5, 1.5, 1, 15], "texture": "#9"},
				"east": {"uv": [0.5, 1.5, 1, 15], "texture": "#9"},
				"south": {"uv": [0.5, 1.5, 1, 15], "texture": "#9"},
				"west": {"uv": [0.5, 1.5, 1, 15], "texture": "#9"},
				"up": {"uv": [1, 1.5, 0.5, 2], "texture": "#9"},
				"down": {"uv": [1, 0, 0, 0], "texture": "#9"}
			}
		},
		{
			"from": [7.98645, 2, 7.91957],
			"to": [8.98645, 7, 8.11957],
			"rotation": {"angle": 0, "axis": "y", "origin": [1.98645, 0, -0.48043]},
			"faces": {
				"north": {"uv": [0, 12.5, 0.5, 15], "texture": "#9"},
				"east": {"uv": [0, 12.5, 0.5, 15], "texture": "#9"},
				"south": {"uv": [0, 12.5, 0.5, 15], "texture": "#9"},
				"west": {"uv": [0, 0, 0.5, 0.5], "texture": "#9"},
				"up": {"uv": [0.5, 12.5, 0, 13], "texture": "#9"},
				"down": {"uv": [1, 0, 0, 0], "texture": "#9"}
			}
		},
		{
			"from": [7.98645, 24, 7.91957],
			"to": [8.98645, 28, 8.11957],
			"rotation": {"angle": 0, "axis": "y", "origin": [1.98645, 21, -0.48043]},
			"faces": {
				"north": {"uv": [0, 2, 0.5, 4], "texture": "#9"},
				"east": {"uv": [0, 2, 0.5, 4], "texture": "#9"},
				"south": {"uv": [0, 2, 0.5, 4], "texture": "#9"},
				"west": {"uv": [0, 0, 0.5, 0.5], "texture": "#9"},
				"up": {"uv": [1, 1.5, 0.5, 2], "texture": "#9"},
				"down": {"uv": [0.5, 3.5, 0, 4], "texture": "#9"}
			}
		},
		{
			"from": [11.64247, 0.9999, 5.53839],
			"to": [14.64247, 2, 6.53839],
			"rotation": {"angle": 22.5, "axis": "y", "origin": [14.24247, -0.0001, 16.53839]},
			"faces": {
				"north": {"uv": [2, 7, 3.5, 7.5], "texture": "#9"},
				"east": {"uv": [2, 8, 2.5, 8.5], "rotation": 90, "texture": "#9"},
				"south": {"uv": [3.5, 8.5, 2, 9], "texture": "#9"},
				"west": {"uv": [3, 6, 4, 6.5], "texture": "#9"},
				"up": {"uv": [3.5, 8, 2, 8.5], "texture": "#9"},
				"down": {"uv": [3.5, 8.5, 2, 8], "texture": "#9"}
			}
		},
		{
			"from": [1.35753, 0.9999, 4.53839],
			"to": [3.95753, 2, 5.53839],
			"rotation": {"angle": -22.5, "axis": "y", "origin": [1.75753, -0.0001, 16.53839]},
			"faces": {
				"north": {"uv": [3.3, 7.5, 2, 8], "texture": "#9"},
				"east": {"uv": [4, 6, 3, 6.5], "texture": "#9"},
				"south": {"uv": [2, 8.5, 3.5, 9], "texture": "#9"},
				"west": {"uv": [2, 8, 2.5, 7.5], "rotation": 90, "texture": "#9"},
				"up": {"uv": [2, 7.5, 3.3, 8], "texture": "#9"},
				"down": {"uv": [2, 7.5, 3.3, 8], "texture": "#9"}
			}
		},
		{
			"from": [1.35753, 0.9999, 5.53839],
			"to": [4.35753, 2, 6.53839],
			"rotation": {"angle": -22.5, "axis": "y", "origin": [1.75753, -0.0001, 16.53839]},
			"faces": {
				"north": {"uv": [3.5, 7, 2, 7.5], "texture": "#9"},
				"east": {"uv": [4, 6, 3, 6.5], "texture": "#9"},
				"south": {"uv": [2, 8.5, 3.5, 9], "texture": "#9"},
				"west": {"uv": [2, 8.5, 2.5, 8], "rotation": 90, "texture": "#9"},
				"up": {"uv": [2, 8, 3.5, 8.5], "texture": "#9"},
				"down": {"uv": [2, 8.5, 3.5, 8], "texture": "#9"}
			}
		},
		{
			"from": [12.04247, 0.9999, 4.53839],
			"to": [14.64247, 2, 5.53839],
			"rotation": {"angle": 22.5, "axis": "y", "origin": [14.24247, -0.0001, 16.53839]},
			"faces": {
				"north": {"uv": [2, 7.5, 3.3, 8], "texture": "#9"},
				"east": {"uv": [2, 7.5, 2.5, 8], "rotation": 90, "texture": "#9"},
				"south": {"uv": [3.5, 8.5, 2, 9], "texture": "#9"},
				"west": {"uv": [3, 6, 4, 6.5], "texture": "#9"},
				"up": {"uv": [3.3, 7.5, 2, 8], "texture": "#9"},
				"down": {"uv": [3.3, 7.5, 2, 8], "texture": "#9"}
			}
		},
		{
			"from": [11.64247, 0.9999, 9.48661],
			"to": [14.64247, 2, 10.48661],
			"rotation": {"angle": -22.5, "axis": "y", "origin": [14.24247, -0.0001, -0.51339]},
			"faces": {
				"north": {"uv": [2, 8.5, 3.5, 9], "texture": "#9"},
				"east": {"uv": [2, 8.5, 2.5, 8], "rotation": 90, "texture": "#9"},
				"south": {"uv": [3.5, 7, 2, 7.5], "texture": "#9"},
				"west": {"uv": [4, 6, 3, 6.5], "texture": "#9"},
				"up": {"uv": [3.5, 8.5, 2, 8], "texture": "#9"},
				"down": {"uv": [3.5, 8, 2, 8.5], "texture": "#9"}
			}
		},
		{
			"from": [1.35753, 0.9999, 9.48661],
			"to": [4.35753, 2, 10.48661],
			"rotation": {"angle": 22.5, "axis": "y", "origin": [1.75753, -0.0001, -0.51339]},
			"faces": {
				"north": {"uv": [3.5, 8.5, 2, 9], "texture": "#9"},
				"east": {"uv": [3, 6, 4, 6.5], "texture": "#9"},
				"south": {"uv": [2, 7, 3.5, 7.5], "texture": "#9"},
				"west": {"uv": [2, 8, 2.5, 8.5], "rotation": 90, "texture": "#9"},
				"up": {"uv": [2, 8.5, 3.5, 8], "texture": "#9"},
				"down": {"uv": [2, 8, 3.5, 8.5], "texture": "#9"}
			}
		},
		{
			"from": [1.35753, 0.9999, 10.48661],
			"to": [3.95753, 2, 11.48661],
			"rotation": {"angle": 22.5, "axis": "y", "origin": [1.75753, -0.0001, -0.51339]},
			"faces": {
				"north": {"uv": [3.5, 8.5, 2, 9], "texture": "#9"},
				"east": {"uv": [3, 6, 4, 6.5], "texture": "#9"},
				"south": {"uv": [2, 7.5, 3.3, 8], "texture": "#9"},
				"west": {"uv": [2, 7.5, 2.5, 8], "rotation": 90, "texture": "#9"},
				"up": {"uv": [2, 8, 3.3, 7.5], "texture": "#9"},
				"down": {"uv": [2, 8, 3.3, 7.5], "texture": "#9"}
			}
		},
		{
			"from": [12.04247, 0.9999, 10.48661],
			"to": [14.64247, 2, 11.48661],
			"rotation": {"angle": -22.5, "axis": "y", "origin": [14.24247, -0.0001, -0.51339]},
			"faces": {
				"north": {"uv": [2, 8.5, 3.5, 9], "texture": "#9"},
				"east": {"uv": [2, 8, 2.5, 7.5], "rotation": 90, "texture": "#9"},
				"south": {"uv": [3.3, 7.5, 2, 8], "texture": "#9"},
				"west": {"uv": [4, 6, 3, 6.5], "texture": "#9"},
				"up": {"uv": [3.3, 8, 2, 7.5], "texture": "#9"},
				"down": {"uv": [3.3, 8, 2, 7.5], "texture": "#9"}
			}
		},
		{
			"from": [6.98645, -6.025, 7.66957],
			"to": [8.98645, 1, 8.36957],
			"rotation": {"angle": 0, "axis": "y", "origin": [0.98645, 0.075, -0.48043]},
			"faces": {
				"north": {"uv": [2.5, 12, 3.5, 15.5], "texture": "#9"},
				"east": {"uv": [2, 12, 2.5, 15.5], "texture": "#9"},
				"south": {"uv": [3.5, 12, 2.5, 15.5], "texture": "#9"},
				"west": {"uv": [3.5, 12, 4, 15.5], "texture": "#9"},
				"up": {"uv": [1, 0.5, 0, 0], "texture": "#9"},
				"down": {"uv": [0.5, 0, 0, 0.5], "texture": "#9"}
			}
		},
		{
			"from": [6.98645, 1, 7.66957],
			"to": [8.98645, 1.995, 8.36957],
			"rotation": {"angle": 0, "axis": "y", "origin": [0.98645, 7.075, -0.48043]},
			"faces": {
				"north": {"uv": [0, 0, 0.5, 0.5], "texture": "#9"},
				"east": {"uv": [15.5, 0, 16, 0.5], "texture": "#9"},
				"south": {"uv": [0, 0, 0.5, 0.5], "texture": "#9"},
				"west": {"uv": [15.5, 0, 16, 0.5], "texture": "#9"},
				"up": {"uv": [3, 12, 3.5, 12.5], "texture": "#9"},
				"down": {"uv": [0, 0, 0.5, 0.5], "texture": "#9"}
			}
		},
		{
			"from": [6.93645, -6.525, 7.61957],
			"to": [9.03645, -6.025, 8.41957],
			"rotation": {"angle": 0, "axis": "y", "origin": [0.98645, -0.025, -0.48043]},
			"faces": {
				"north": {"uv": [15, 0, 16, 0.5], "texture": "#9"},
				"east": {"uv": [15, 0, 15.5, 0.5], "texture": "#9"},
				"south": {"uv": [16, 0, 15, 0.5], "texture": "#9"},
				"west": {"uv": [15.5, 0, 16, 0.5], "texture": "#9"},
				"up": {"uv": [16, 0, 15, 0.5], "texture": "#9"},
				"down": {"uv": [16, 0, 15, 0.5], "texture": "#9"}
			}
		},
		{
			"from": [7.45, -1.04289, 7.625],
			"to": [8.55, 0.05711, 8.375],
			"rotation": {"angle": 45, "axis": "z", "origin": [8, -0.49289, 8]},
			"faces": {
				"north": {"uv": [15, 2, 16, 1], "texture": "#9"},
				"east": {"uv": [0, 0, 1, 1], "texture": "#9"},
				"south": {"uv": [16, 2, 15, 1], "texture": "#9"},
				"west": {"uv": [0, 0, 1, 1], "texture": "#9"},
				"up": {"uv": [0.5, 0.5, 0, 0], "texture": "#9"},
				"down": {"uv": [0.5, 0, 0, 0.5], "texture": "#9"}
			}
		},
		{
			"from": [7.45, -3.04289, 7.625],
			"to": [8.55, -1.94289, 8.375],
			"rotation": {"angle": 45, "axis": "z", "origin": [8, -2.49289, 8]},
			"faces": {
				"north": {"uv": [15, 2, 16, 1], "texture": "#9"},
				"east": {"uv": [0, 0, 1, 1], "texture": "#9"},
				"south": {"uv": [16, 2, 15, 1], "texture": "#9"},
				"west": {"uv": [0, 0, 1, 1], "texture": "#9"},
				"up": {"uv": [0.5, 0.5, 0, 0], "texture": "#9"},
				"down": {"uv": [0.5, 0, 0, 0.5], "texture": "#9"}
			}
		},
		{
			"from": [7.45, -5.04289, 7.625],
			"to": [8.55, -3.94289, 8.375],
			"rotation": {"angle": 45, "axis": "z", "origin": [8, -4.49289, 8]},
			"faces": {
				"north": {"uv": [15, 2, 16, 1], "texture": "#9"},
				"east": {"uv": [0, 0, 1, 1], "texture": "#9"},
				"south": {"uv": [16, 2, 15, 1], "texture": "#9"},
				"west": {"uv": [0, 0, 1, 1], "texture": "#9"},
				"up": {"uv": [0.5, 0.5, 0, 0], "texture": "#9"},
				"down": {"uv": [0.5, 0, 0, 0.5], "texture": "#9"}
			}
		}
	],
	"display": {
		"thirdperson_righthand": {
			"rotation": [90, 90, -90],
			"translation": [0, 7.75, 2]
		},
		"thirdperson_lefthand": {
			"rotation": [160, 90, 15],
			"translation": [0, -12.75, 3.5]
		},
		"firstperson_righthand": {
			"rotation": [0, 79.5, 0],
			"translation": [8, 0, -8]
		},
		"firstperson_lefthand": {
			"rotation": [-17.57, 74.6, -165.66],
			"translation": [10.5, -5.75, -8]
		},
		"ground": {
			"translation": [-0.5, 11.25, -0.25]
		},
		"gui": {
			"rotation": [-142.92, -40.98, -117.18],
			"translation": [-1, 0, 0],
			"scale": [0.5, 0.5, 0.5]
		},
		"head": {
			"scale": [0, 0, 0]
		},
		"fixed": {
			"translation": [2.25, -7.5, -2.25],
			"scale": [2, 2, 2]
		}
	}
}