{
	"textures": {
		"1": "minecraft:3dsword/black_iron_clobberer",
		"particle": "minecraft:3dsword/grand_claymore"
	},
	"elements": [
		{
			"name": "black_iron_clobberer_0",
			"from": [7.9375, 13.75, 7.8125],
			"to": [8.0625, 15.125, 8.1875],
			"rotation": {"angle": 0, "axis": "y", "origin": [0.4375, 0, 7.9375]},
			"faces": {
				"north": {"uv": [6.625, 0.625, 6.5, 2], "texture": "#1"},
				"east": {"uv": [6.5, 0.625, 6.625, 2], "texture": "#1"},
				"south": {"uv": [6.5, 0.625, 6.625, 2], "texture": "#1"},
				"west": {"uv": [6.5, 0.625, 6.625, 2], "texture": "#1"},
				"up": {"uv": [6.5, 0.625, 6.625, 0.75], "texture": "#1"},
				"down": {"uv": [6.5, 1.875, 6.625, 2], "texture": "#1"}
			}
		},
		{
			"name": "black_iron_clobberer_1",
			"from": [7.8125, 13.75, 7.8125],
			"to": [7.9375, 14.75, 8.1875],
			"rotation": {"angle": 0, "axis": "y", "origin": [0.4375, 0, 7.9375]},
			"faces": {
				"north": {"uv": [6.5, 1, 6.375, 2], "texture": "#1"},
				"east": {"uv": [6.375, 1, 6.5, 2], "texture": "#1"},
				"south": {"uv": [6.375, 1, 6.5, 2], "texture": "#1"},
				"west": {"uv": [6.375, 1, 6.5, 2], "texture": "#1"},
				"up": {"uv": [6.375, 1, 6.5, 1.125], "texture": "#1"},
				"down": {"uv": [6.375, 1.875, 6.5, 2], "texture": "#1"}
			}
		},
		{
			"name": "black_iron_clobberer_2",
			"from": [8.0625, 13.75, 7.8125],
			"to": [8.1875, 14.75, 8.1875],
			"rotation": {"angle": 0, "axis": "y", "origin": [0.4375, 0, 7.9375]},
			"faces": {
				"north": {"uv": [6.75, 1, 6.625, 2], "texture": "#1"},
				"east": {"uv": [6.625, 1, 6.75, 2], "texture": "#1"},
				"south": {"uv": [6.625, 1, 6.75, 2], "texture": "#1"},
				"west": {"uv": [6.625, 1, 6.75, 2], "texture": "#1"},
				"up": {"uv": [6.625, 1, 6.75, 1.125], "texture": "#1"},
				"down": {"uv": [6.625, 1.875, 6.75, 2], "texture": "#1"}
			}
		},
		{
			"name": "black_iron_clobberer_3",
			"from": [7.6875, 13.75, 7.875],
			"to": [7.8125, 14.375, 8.125],
			"rotation": {"angle": 0, "axis": "y", "origin": [0.4375, 0, 7.9375]},
			"faces": {
				"north": {"uv": [7.375, 1.375, 7.25, 2], "texture": "#1"},
				"east": {"uv": [7.25, 1.375, 7.375, 2], "texture": "#1"},
				"south": {"uv": [7.25, 1.375, 7.375, 2], "texture": "#1"},
				"west": {"uv": [7.25, 1.375, 7.375, 2], "texture": "#1"},
				"up": {"uv": [7.25, 1.375, 7.375, 1.5], "texture": "#1"},
				"down": {"uv": [7.25, 1.875, 7.375, 2], "texture": "#1"}
			}
		},
		{
			"name": "black_iron_clobberer_4",
			"from": [8.1875, 13.75, 7.875],
			"to": [8.3125, 14.375, 8.125],
			"rotation": {"angle": 0, "axis": "y", "origin": [0.4375, 0, 7.9375]},
			"faces": {
				"north": {"uv": [7.875, 1.375, 7.75, 2], "texture": "#1"},
				"east": {"uv": [7.75, 1.375, 7.875, 2], "texture": "#1"},
				"south": {"uv": [7.75, 1.375, 7.875, 2], "texture": "#1"},
				"west": {"uv": [7.75, 1.375, 7.875, 2], "texture": "#1"},
				"up": {"uv": [7.75, 1.375, 7.875, 1.5], "texture": "#1"},
				"down": {"uv": [7.75, 1.875, 7.875, 2], "texture": "#1"}
			}
		},
		{
			"name": "black_iron_clobberer_5",
			"from": [7.5625, 13.75, 7.875],
			"to": [7.6875, 14, 8.125],
			"rotation": {"angle": 0, "axis": "y", "origin": [0.4375, 0, 7.9375]},
			"faces": {
				"north": {"uv": [7.25, 1.75, 7.125, 2], "texture": "#1"},
				"east": {"uv": [7.125, 1.75, 7.25, 2], "texture": "#1"},
				"south": {"uv": [7.125, 1.75, 7.25, 2], "texture": "#1"},
				"west": {"uv": [7.125, 1.75, 7.25, 2], "texture": "#1"},
				"up": {"uv": [7.125, 1.75, 7.25, 1.875], "texture": "#1"},
				"down": {"uv": [7.125, 1.875, 7.25, 2], "texture": "#1"}
			}
		},
		{
			"name": "black_iron_clobberer_6",
			"from": [8.3125, 13.75, 7.875],
			"to": [8.4375, 14, 8.125],
			"rotation": {"angle": 0, "axis": "y", "origin": [0.4375, 0, 7.9375]},
			"faces": {
				"north": {"uv": [8, 1.75, 7.875, 2], "texture": "#1"},
				"east": {"uv": [7.875, 1.75, 8, 2], "texture": "#1"},
				"south": {"uv": [7.875, 1.75, 8, 2], "texture": "#1"},
				"west": {"uv": [7.875, 1.75, 8, 2], "texture": "#1"},
				"up": {"uv": [7.875, 1.75, 8, 1.875], "texture": "#1"},
				"down": {"uv": [7.875, 1.875, 8, 2], "texture": "#1"}
			}
		},
		{
			"name": "black_iron_clobberer_7",
			"from": [7.5625, 13.5, 7.5625],
			"to": [8.4375, 13.75, 8.4375],
			"rotation": {"angle": 0, "axis": "y", "origin": [0.4375, 0, 7.9375]},
			"faces": {
				"north": {"uv": [9.25, 2, 8.375, 2.25], "texture": "#1"},
				"east": {"uv": [9.125, 2, 9.25, 2.25], "texture": "#1"},
				"south": {"uv": [8.375, 2, 9.25, 2.25], "texture": "#1"},
				"west": {"uv": [8.375, 2, 8.5, 2.25], "texture": "#1"},
				"up": {"uv": [8.375, 2, 9.25, 2.125], "texture": "#1"},
				"down": {"uv": [8.375, 2.125, 9.25, 2.25], "texture": "#1"}
			}
		},
		{
			"name": "black_iron_clobberer_8",
			"from": [7.3125, 13, 7.4375],
			"to": [8.6875, 13.5, 8.5625],
			"rotation": {"angle": 0, "axis": "y", "origin": [0.4375, 0, 7.9375]},
			"faces": {
				"north": {"uv": [2.625, 2.5, 1.25, 3], "texture": "#1"},
				"east": {"uv": [2.5, 2.5, 2.625, 3], "texture": "#1"},
				"south": {"uv": [1.25, 2.5, 2.625, 3], "texture": "#1"},
				"west": {"uv": [1.25, 2.5, 1.375, 3], "texture": "#1"},
				"up": {"uv": [1.25, 2.5, 2.625, 2.625], "texture": "#1"},
				"down": {"uv": [1.25, 2.875, 2.625, 3], "texture": "#1"}
			}
		},
		{
			"name": "black_iron_clobberer_9",
			"from": [7.1875, 13, 7.4375],
			"to": [7.3125, 13.375, 8.5625],
			"rotation": {"angle": 0, "axis": "y", "origin": [0.4375, 0, 7.9375]},
			"faces": {
				"north": {"uv": [1.25, 2.625, 1.125, 3], "texture": "#1"},
				"east": {"uv": [1.125, 2.625, 1.25, 3], "texture": "#1"},
				"south": {"uv": [1.125, 2.625, 1.25, 3], "texture": "#1"},
				"west": {"uv": [1.125, 2.625, 1.25, 3], "texture": "#1"},
				"up": {"uv": [1.125, 2.625, 1.25, 2.75], "texture": "#1"},
				"down": {"uv": [1.125, 2.875, 1.25, 3], "texture": "#1"}
			}
		},
		{
			"name": "black_iron_clobberer_10",
			"from": [8.6875, 13, 7.4375],
			"to": [8.8125, 13.375, 8.5625],
			"rotation": {"angle": 0, "axis": "y", "origin": [0.4375, 0, 7.9375]},
			"faces": {
				"north": {"uv": [2.75, 2.625, 2.625, 3], "texture": "#1"},
				"east": {"uv": [2.625, 2.625, 2.75, 3], "texture": "#1"},
				"south": {"uv": [2.625, 2.625, 2.75, 3], "texture": "#1"},
				"west": {"uv": [2.625, 2.625, 2.75, 3], "texture": "#1"},
				"up": {"uv": [2.625, 2.625, 2.75, 2.75], "texture": "#1"},
				"down": {"uv": [2.625, 2.875, 2.75, 3], "texture": "#1"}
			}
		},
		{
			"name": "black_iron_clobberer_11",
			"from": [7.3125, 12.875, 7.5625],
			"to": [8.6875, 13, 8.4375],
			"rotation": {"angle": 0, "axis": "y", "origin": [0.4375, 0, 7.9375]},
			"faces": {
				"north": {"uv": [12.75, 3, 11.375, 3.125], "texture": "#1"},
				"east": {"uv": [12.625, 3, 12.75, 3.125], "texture": "#1"},
				"south": {"uv": [11.375, 3, 12.75, 3.125], "texture": "#1"},
				"west": {"uv": [11.375, 3, 11.5, 3.125], "texture": "#1"},
				"up": {"uv": [11.375, 3, 12.75, 3.125], "texture": "#1"},
				"down": {"uv": [11.375, 3, 12.75, 3.125], "texture": "#1"}
			}
		},
		{
			"name": "black_iron_clobberer_12",
			"from": [7.1875, 5.5, 7.4375],
			"to": [8.8125, 12.875, 8.5625],
			"rotation": {"angle": 0, "axis": "y", "origin": [0.4375, 0, 7.9375]},
			"faces": {
				"north": {"uv": [8.375, 3.125, 6.75, 10.5], "texture": "#1"},
				"east": {"uv": [8.25, 3.125, 8.375, 10.5], "texture": "#1"},
				"south": {"uv": [6.75, 3.125, 8.375, 10.5], "texture": "#1"},
				"west": {"uv": [6.75, 3.125, 6.875, 10.5], "texture": "#1"},
				"up": {"uv": [6.75, 3.125, 8.375, 3.25], "texture": "#1"},
				"down": {"uv": [6.75, 10.375, 8.375, 10.5], "texture": "#1"}
			}
		},
		{
			"name": "black_iron_clobberer_13",
			"from": [6.8125, 12.375, 7.875],
			"to": [7.1875, 12.625, 8.125],
			"rotation": {"angle": 0, "axis": "y", "origin": [0.4375, 0, 7.9375]},
			"faces": {
				"north": {"uv": [6.25, 3.375, 5.875, 3.625], "texture": "#1"},
				"east": {"uv": [6.125, 3.375, 6.25, 3.625], "texture": "#1"},
				"south": {"uv": [5.875, 3.375, 6.25, 3.625], "texture": "#1"},
				"west": {"uv": [5.875, 3.375, 6, 3.625], "texture": "#1"},
				"up": {"uv": [5.875, 3.375, 6.25, 3.5], "texture": "#1"},
				"down": {"uv": [5.875, 3.5, 6.25, 3.625], "texture": "#1"}
			}
		},
		{
			"name": "black_iron_clobberer_14",
			"from": [8.8125, 12.375, 7.875],
			"to": [9.1875, 12.625, 8.125],
			"rotation": {"angle": 0, "axis": "y", "origin": [0.4375, 0, 7.9375]},
			"faces": {
				"north": {"uv": [9.25, 3.375, 8.875, 3.625], "texture": "#1"},
				"east": {"uv": [9.125, 3.375, 9.25, 3.625], "texture": "#1"},
				"south": {"uv": [8.875, 3.375, 9.25, 3.625], "texture": "#1"},
				"west": {"uv": [8.875, 3.375, 9, 3.625], "texture": "#1"},
				"up": {"uv": [8.875, 3.375, 9.25, 3.5], "texture": "#1"},
				"down": {"uv": [8.875, 3.5, 9.25, 3.625], "texture": "#1"}
			}
		},
		{
			"name": "black_iron_clobberer_71",
			"from": [7.875, 5.875, 6.8125],
			"to": [8.125, 6, 7.0625],
			"rotation": {"angle": 0, "axis": "y", "origin": [0.4375, 0, 7.9375]},
			"faces": {
				"north": {"uv": [9.375, 10, 9.5, 10.125], "texture": "#1"},
				"east": {"uv": [9.25, 10, 9.5, 10.125], "texture": "#1"},
				"south": {"uv": [9.25, 10, 9.375, 10.125], "texture": "#1"},
				"west": {"uv": [9.5, 10, 9.25, 10.125], "texture": "#1"},
				"up": {"uv": [9.25, 10, 9.5, 10.125], "rotation": 270, "texture": "#1"},
				"down": {"uv": [9.25, 10, 9.5, 10.125], "rotation": 90, "texture": "#1"}
			}
		},
		{
			"name": "black_iron_clobberer_70",
			"from": [7.875, 5.75, 7.0625],
			"to": [8.125, 6, 7.4375],
			"rotation": {"angle": 0, "axis": "y", "origin": [0.4375, 0, 7.9375]},
			"faces": {
				"north": {"uv": [9.125, 10, 9.25, 10.25], "texture": "#1"},
				"east": {"uv": [8.875, 10, 9.25, 10.25], "texture": "#1"},
				"south": {"uv": [8.875, 10, 9, 10.25], "texture": "#1"},
				"west": {"uv": [9.25, 10, 8.875, 10.25], "texture": "#1"},
				"up": {"uv": [8.875, 10, 9.25, 10.125], "rotation": 270, "texture": "#1"},
				"down": {"uv": [8.875, 10.125, 9.25, 10.25], "rotation": 90, "texture": "#1"}
			}
		},
		{
			"name": "black_iron_clobberer_68",
			"from": [7.8125, 6.125, 6.3125],
			"to": [8.1875, 6.25, 6.5625],
			"rotation": {"angle": 0, "axis": "y", "origin": [0.4375, 0, 7.9375]},
			"faces": {
				"north": {"uv": [10.625, 9.75, 10.75, 9.875], "texture": "#1"},
				"east": {"uv": [10.5, 9.75, 10.75, 9.875], "texture": "#1"},
				"south": {"uv": [10.5, 9.75, 10.625, 9.875], "texture": "#1"},
				"west": {"uv": [10.75, 9.75, 10.5, 9.875], "texture": "#1"},
				"up": {"uv": [10.5, 9.75, 10.75, 9.875], "rotation": 270, "texture": "#1"},
				"down": {"uv": [10.5, 9.75, 10.75, 9.875], "rotation": 90, "texture": "#1"}
			}
		},
		{
			"name": "black_iron_clobberer_66",
			"from": [7.8125, 6, 6.5625],
			"to": [8.1875, 6.375, 7.4375],
			"rotation": {"angle": 0, "axis": "y", "origin": [0.4375, 0, 7.9375]},
			"faces": {
				"north": {"uv": [10.375, 9.625, 10.5, 10], "texture": "#1"},
				"east": {"uv": [9.625, 9.625, 10.5, 10], "texture": "#1"},
				"south": {"uv": [9.625, 9.625, 9.75, 10], "texture": "#1"},
				"west": {"uv": [10.5, 9.625, 9.625, 10], "texture": "#1"},
				"up": {"uv": [9.625, 9.625, 10.5, 9.75], "rotation": 270, "texture": "#1"},
				"down": {"uv": [9.625, 9.875, 10.5, 10], "rotation": 90, "texture": "#1"}
			}
		},
		{
			"name": "black_iron_clobberer_64",
			"from": [7.875, 6.375, 6.8125],
			"to": [8.125, 6.5, 7.0625],
			"rotation": {"angle": 0, "axis": "y", "origin": [0.4375, 0, 7.9375]},
			"faces": {
				"north": {"uv": [9.375, 9.5, 9.5, 9.625], "texture": "#1"},
				"east": {"uv": [9.25, 9.5, 9.5, 9.625], "texture": "#1"},
				"south": {"uv": [9.25, 9.5, 9.375, 9.625], "texture": "#1"},
				"west": {"uv": [9.5, 9.5, 9.25, 9.625], "texture": "#1"},
				"up": {"uv": [9.25, 9.5, 9.5, 9.625], "rotation": 270, "texture": "#1"},
				"down": {"uv": [9.25, 9.5, 9.5, 9.625], "rotation": 90, "texture": "#1"}
			}
		},
		{
			"name": "black_iron_clobberer_62",
			"from": [7.875, 6.375, 7.0625],
			"to": [8.125, 6.625, 7.4375],
			"rotation": {"angle": 0, "axis": "y", "origin": [0.4375, 0, 7.9375]},
			"faces": {
				"north": {"uv": [9.125, 9.375, 9.25, 9.625], "texture": "#1"},
				"east": {"uv": [8.875, 9.375, 9.25, 9.625], "texture": "#1"},
				"south": {"uv": [8.875, 9.375, 9, 9.625], "texture": "#1"},
				"west": {"uv": [9.25, 9.375, 8.875, 9.625], "texture": "#1"},
				"up": {"uv": [8.875, 9.375, 9.25, 9.5], "rotation": 270, "texture": "#1"},
				"down": {"uv": [8.875, 9.5, 9.25, 9.625], "rotation": 90, "texture": "#1"}
			}
		},
		{
			"name": "black_iron_clobberer_59",
			"from": [7.875, 7.375, 6.8125],
			"to": [8.125, 7.5, 7.0625],
			"rotation": {"angle": 0, "axis": "y", "origin": [0.4375, 0, 7.9375]},
			"faces": {
				"north": {"uv": [9.375, 8.5, 9.5, 8.625], "texture": "#1"},
				"east": {"uv": [9.25, 8.5, 9.5, 8.625], "texture": "#1"},
				"south": {"uv": [9.25, 8.5, 9.375, 8.625], "texture": "#1"},
				"west": {"uv": [9.5, 8.5, 9.25, 8.625], "texture": "#1"},
				"up": {"uv": [9.25, 8.5, 9.5, 8.625], "rotation": 270, "texture": "#1"},
				"down": {"uv": [9.25, 8.5, 9.5, 8.625], "rotation": 90, "texture": "#1"}
			}
		},
		{
			"name": "black_iron_clobberer_58",
			"from": [7.875, 7.25, 7.0625],
			"to": [8.125, 7.5, 7.4375],
			"rotation": {"angle": 0, "axis": "y", "origin": [0.4375, 0, 7.9375]},
			"faces": {
				"north": {"uv": [9.125, 8.5, 9.25, 8.75], "texture": "#1"},
				"east": {"uv": [8.875, 8.5, 9.25, 8.75], "texture": "#1"},
				"south": {"uv": [8.875, 8.5, 9, 8.75], "texture": "#1"},
				"west": {"uv": [9.25, 8.5, 8.875, 8.75], "texture": "#1"},
				"up": {"uv": [8.875, 8.5, 9.25, 8.625], "rotation": 270, "texture": "#1"},
				"down": {"uv": [8.875, 8.625, 9.25, 8.75], "rotation": 90, "texture": "#1"}
			}
		},
		{
			"name": "black_iron_clobberer_56",
			"from": [7.8125, 7.625, 6.3125],
			"to": [8.1875, 7.75, 6.5625],
			"rotation": {"angle": 0, "axis": "y", "origin": [0.4375, 0, 7.9375]},
			"faces": {
				"north": {"uv": [10.625, 8.25, 10.75, 8.375], "texture": "#1"},
				"east": {"uv": [10.5, 8.25, 10.75, 8.375], "texture": "#1"},
				"south": {"uv": [10.5, 8.25, 10.625, 8.375], "texture": "#1"},
				"west": {"uv": [10.75, 8.25, 10.5, 8.375], "texture": "#1"},
				"up": {"uv": [10.5, 8.25, 10.75, 8.375], "rotation": 270, "texture": "#1"},
				"down": {"uv": [10.5, 8.25, 10.75, 8.375], "rotation": 90, "texture": "#1"}
			}
		},
		{
			"name": "black_iron_clobberer_54",
			"from": [7.8125, 7.5, 6.5625],
			"to": [8.1875, 7.875, 7.4375],
			"rotation": {"angle": 0, "axis": "y", "origin": [0.4375, 0, 7.9375]},
			"faces": {
				"north": {"uv": [10.375, 8.125, 10.5, 8.5], "texture": "#1"},
				"east": {"uv": [9.625, 8.125, 10.5, 8.5], "texture": "#1"},
				"south": {"uv": [9.625, 8.125, 9.75, 8.5], "texture": "#1"},
				"west": {"uv": [10.5, 8.125, 9.625, 8.5], "texture": "#1"},
				"up": {"uv": [9.625, 8.125, 10.5, 8.25], "rotation": 270, "texture": "#1"},
				"down": {"uv": [9.625, 8.375, 10.5, 8.5], "rotation": 90, "texture": "#1"}
			}
		},
		{
			"name": "black_iron_clobberer_52",
			"from": [7.875, 7.875, 6.8125],
			"to": [8.125, 8, 7.0625],
			"rotation": {"angle": 0, "axis": "y", "origin": [0.4375, 0, 7.9375]},
			"faces": {
				"north": {"uv": [9.375, 8, 9.5, 8.125], "texture": "#1"},
				"east": {"uv": [9.25, 8, 9.5, 8.125], "texture": "#1"},
				"south": {"uv": [9.25, 8, 9.375, 8.125], "texture": "#1"},
				"west": {"uv": [9.5, 8, 9.25, 8.125], "texture": "#1"},
				"up": {"uv": [9.25, 8, 9.5, 8.125], "rotation": 270, "texture": "#1"},
				"down": {"uv": [9.25, 8, 9.5, 8.125], "rotation": 90, "texture": "#1"}
			}
		},
		{
			"name": "black_iron_clobberer_50",
			"from": [7.875, 7.875, 7.0625],
			"to": [8.125, 8.125, 7.4375],
			"rotation": {"angle": 0, "axis": "y", "origin": [0.4375, 0, 7.9375]},
			"faces": {
				"north": {"uv": [9.125, 7.875, 9.25, 8.125], "texture": "#1"},
				"east": {"uv": [8.875, 7.875, 9.25, 8.125], "texture": "#1"},
				"south": {"uv": [8.875, 7.875, 9, 8.125], "texture": "#1"},
				"west": {"uv": [9.25, 7.875, 8.875, 8.125], "texture": "#1"},
				"up": {"uv": [8.875, 7.875, 9.25, 8], "rotation": 270, "texture": "#1"},
				"down": {"uv": [8.875, 8, 9.25, 8.125], "rotation": 90, "texture": "#1"}
			}
		},
		{
			"name": "black_iron_clobberer_47",
			"from": [7.875, 8.875, 6.8125],
			"to": [8.125, 9, 7.0625],
			"rotation": {"angle": 0, "axis": "y", "origin": [0.4375, 0, 7.9375]},
			"faces": {
				"north": {"uv": [9.375, 7, 9.5, 7.125], "texture": "#1"},
				"east": {"uv": [9.25, 7, 9.5, 7.125], "texture": "#1"},
				"south": {"uv": [9.25, 7, 9.375, 7.125], "texture": "#1"},
				"west": {"uv": [9.5, 7, 9.25, 7.125], "texture": "#1"},
				"up": {"uv": [9.25, 7, 9.5, 7.125], "rotation": 270, "texture": "#1"},
				"down": {"uv": [9.25, 7, 9.5, 7.125], "rotation": 90, "texture": "#1"}
			}
		},
		{
			"name": "black_iron_clobberer_46",
			"from": [7.875, 8.75, 7.0625],
			"to": [8.125, 9, 7.4375],
			"rotation": {"angle": 0, "axis": "y", "origin": [0.4375, 0, 7.9375]},
			"faces": {
				"north": {"uv": [9.125, 7, 9.25, 7.25], "texture": "#1"},
				"east": {"uv": [8.875, 7, 9.25, 7.25], "texture": "#1"},
				"south": {"uv": [8.875, 7, 9, 7.25], "texture": "#1"},
				"west": {"uv": [9.25, 7, 8.875, 7.25], "texture": "#1"},
				"up": {"uv": [8.875, 7, 9.25, 7.125], "rotation": 270, "texture": "#1"},
				"down": {"uv": [8.875, 7.125, 9.25, 7.25], "rotation": 90, "texture": "#1"}
			}
		},
		{
			"name": "black_iron_clobberer_44",
			"from": [7.8125, 9.125, 6.3125],
			"to": [8.1875, 9.25, 6.5625],
			"rotation": {"angle": 0, "axis": "y", "origin": [0.4375, 0, 7.9375]},
			"faces": {
				"north": {"uv": [10.625, 6.75, 10.75, 6.875], "texture": "#1"},
				"east": {"uv": [10.5, 6.75, 10.75, 6.875], "texture": "#1"},
				"south": {"uv": [10.5, 6.75, 10.625, 6.875], "texture": "#1"},
				"west": {"uv": [10.75, 6.75, 10.5, 6.875], "texture": "#1"},
				"up": {"uv": [10.5, 6.75, 10.75, 6.875], "rotation": 270, "texture": "#1"},
				"down": {"uv": [10.5, 6.75, 10.75, 6.875], "rotation": 90, "texture": "#1"}
			}
		},
		{
			"name": "black_iron_clobberer_42",
			"from": [7.8125, 9, 6.5625],
			"to": [8.1875, 9.375, 7.4375],
			"rotation": {"angle": 0, "axis": "y", "origin": [0.4375, 0, 7.9375]},
			"faces": {
				"north": {"uv": [10.375, 6.625, 10.5, 7], "texture": "#1"},
				"east": {"uv": [9.625, 6.625, 10.5, 7], "texture": "#1"},
				"south": {"uv": [9.625, 6.625, 9.75, 7], "texture": "#1"},
				"west": {"uv": [10.5, 6.625, 9.625, 7], "texture": "#1"},
				"up": {"uv": [9.625, 6.625, 10.5, 6.75], "rotation": 270, "texture": "#1"},
				"down": {"uv": [9.625, 6.875, 10.5, 7], "rotation": 90, "texture": "#1"}
			}
		},
		{
			"name": "black_iron_clobberer_40",
			"from": [7.875, 9.375, 6.8125],
			"to": [8.125, 9.5, 7.0625],
			"rotation": {"angle": 0, "axis": "y", "origin": [0.4375, 0, 7.9375]},
			"faces": {
				"north": {"uv": [9.375, 6.5, 9.5, 6.625], "texture": "#1"},
				"east": {"uv": [9.25, 6.5, 9.5, 6.625], "texture": "#1"},
				"south": {"uv": [9.25, 6.5, 9.375, 6.625], "texture": "#1"},
				"west": {"uv": [9.5, 6.5, 9.25, 6.625], "texture": "#1"},
				"up": {"uv": [9.25, 6.5, 9.5, 6.625], "rotation": 270, "texture": "#1"},
				"down": {"uv": [9.25, 6.5, 9.5, 6.625], "rotation": 90, "texture": "#1"}
			}
		},
		{
			"name": "black_iron_clobberer_38",
			"from": [7.875, 9.375, 7.0625],
			"to": [8.125, 9.625, 7.4375],
			"rotation": {"angle": 0, "axis": "y", "origin": [0.4375, 0, 7.9375]},
			"faces": {
				"north": {"uv": [9.125, 6.375, 9.25, 6.625], "texture": "#1"},
				"east": {"uv": [8.875, 6.375, 9.25, 6.625], "texture": "#1"},
				"south": {"uv": [8.875, 6.375, 9, 6.625], "texture": "#1"},
				"west": {"uv": [9.25, 6.375, 8.875, 6.625], "texture": "#1"},
				"up": {"uv": [8.875, 6.375, 9.25, 6.5], "rotation": 270, "texture": "#1"},
				"down": {"uv": [8.875, 6.5, 9.25, 6.625], "rotation": 90, "texture": "#1"}
			}
		},
		{
			"name": "black_iron_clobberer_35",
			"from": [7.875, 10.375, 6.8125],
			"to": [8.125, 10.5, 7.0625],
			"rotation": {"angle": 0, "axis": "y", "origin": [0.4375, 0, 7.9375]},
			"faces": {
				"north": {"uv": [9.375, 5.5, 9.5, 5.625], "texture": "#1"},
				"east": {"uv": [9.25, 5.5, 9.5, 5.625], "texture": "#1"},
				"south": {"uv": [9.25, 5.5, 9.375, 5.625], "texture": "#1"},
				"west": {"uv": [9.5, 5.5, 9.25, 5.625], "texture": "#1"},
				"up": {"uv": [9.25, 5.5, 9.5, 5.625], "rotation": 270, "texture": "#1"},
				"down": {"uv": [9.25, 5.5, 9.5, 5.625], "rotation": 90, "texture": "#1"}
			}
		},
		{
			"name": "black_iron_clobberer_34",
			"from": [7.875, 10.25, 7.0625],
			"to": [8.125, 10.5, 7.4375],
			"rotation": {"angle": 0, "axis": "y", "origin": [0.4375, 0, 7.9375]},
			"faces": {
				"north": {"uv": [9.125, 5.5, 9.25, 5.75], "texture": "#1"},
				"east": {"uv": [8.875, 5.5, 9.25, 5.75], "texture": "#1"},
				"south": {"uv": [8.875, 5.5, 9, 5.75], "texture": "#1"},
				"west": {"uv": [9.25, 5.5, 8.875, 5.75], "texture": "#1"},
				"up": {"uv": [8.875, 5.5, 9.25, 5.625], "rotation": 270, "texture": "#1"},
				"down": {"uv": [8.875, 5.625, 9.25, 5.75], "rotation": 90, "texture": "#1"}
			}
		},
		{
			"name": "black_iron_clobberer_32",
			"from": [7.8125, 10.625, 6.3125],
			"to": [8.1875, 10.75, 6.5625],
			"rotation": {"angle": 0, "axis": "y", "origin": [0.4375, 0, 7.9375]},
			"faces": {
				"north": {"uv": [10.625, 5.25, 10.75, 5.375], "texture": "#1"},
				"east": {"uv": [10.5, 5.25, 10.75, 5.375], "texture": "#1"},
				"south": {"uv": [10.5, 5.25, 10.625, 5.375], "texture": "#1"},
				"west": {"uv": [10.75, 5.25, 10.5, 5.375], "texture": "#1"},
				"up": {"uv": [10.5, 5.25, 10.75, 5.375], "rotation": 270, "texture": "#1"},
				"down": {"uv": [10.5, 5.25, 10.75, 5.375], "rotation": 90, "texture": "#1"}
			}
		},
		{
			"name": "black_iron_clobberer_30",
			"from": [7.8125, 10.5, 6.5625],
			"to": [8.1875, 10.875, 7.4375],
			"rotation": {"angle": 0, "axis": "y", "origin": [0.4375, 0, 7.9375]},
			"faces": {
				"north": {"uv": [10.375, 5.125, 10.5, 5.5], "texture": "#1"},
				"east": {"uv": [9.625, 5.125, 10.5, 5.5], "texture": "#1"},
				"south": {"uv": [9.625, 5.125, 9.75, 5.5], "texture": "#1"},
				"west": {"uv": [10.5, 5.125, 9.625, 5.5], "texture": "#1"},
				"up": {"uv": [9.625, 5.125, 10.5, 5.25], "rotation": 270, "texture": "#1"},
				"down": {"uv": [9.625, 5.375, 10.5, 5.5], "rotation": 90, "texture": "#1"}
			}
		},
		{
			"name": "black_iron_clobberer_28",
			"from": [7.875, 10.875, 6.8125],
			"to": [8.125, 11, 7.0625],
			"rotation": {"angle": 0, "axis": "y", "origin": [0.4375, 0, 7.9375]},
			"faces": {
				"north": {"uv": [9.375, 5, 9.5, 5.125], "texture": "#1"},
				"east": {"uv": [9.25, 5, 9.5, 5.125], "texture": "#1"},
				"south": {"uv": [9.25, 5, 9.375, 5.125], "texture": "#1"},
				"west": {"uv": [9.5, 5, 9.25, 5.125], "texture": "#1"},
				"up": {"uv": [9.25, 5, 9.5, 5.125], "rotation": 270, "texture": "#1"},
				"down": {"uv": [9.25, 5, 9.5, 5.125], "rotation": 90, "texture": "#1"}
			}
		},
		{
			"name": "black_iron_clobberer_26",
			"from": [7.875, 10.875, 7.0625],
			"to": [8.125, 11.125, 7.4375],
			"rotation": {"angle": 0, "axis": "y", "origin": [0.4375, 0, 7.9375]},
			"faces": {
				"north": {"uv": [9.125, 4.875, 9.25, 5.125], "texture": "#1"},
				"east": {"uv": [8.875, 4.875, 9.25, 5.125], "texture": "#1"},
				"south": {"uv": [8.875, 4.875, 9, 5.125], "texture": "#1"},
				"west": {"uv": [9.25, 4.875, 8.875, 5.125], "texture": "#1"},
				"up": {"uv": [8.875, 4.875, 9.25, 5], "rotation": 270, "texture": "#1"},
				"down": {"uv": [8.875, 5, 9.25, 5.125], "rotation": 90, "texture": "#1"}
			}
		},
		{
			"name": "black_iron_clobberer_23",
			"from": [7.875, 11.875, 6.8125],
			"to": [8.125, 12, 7.0625],
			"rotation": {"angle": 0, "axis": "y", "origin": [0.4375, 0, 7.9375]},
			"faces": {
				"north": {"uv": [9.375, 4, 9.5, 4.125], "texture": "#1"},
				"east": {"uv": [9.25, 4, 9.5, 4.125], "texture": "#1"},
				"south": {"uv": [9.25, 4, 9.375, 4.125], "texture": "#1"},
				"west": {"uv": [9.5, 4, 9.25, 4.125], "texture": "#1"},
				"up": {"uv": [9.25, 4, 9.5, 4.125], "rotation": 270, "texture": "#1"},
				"down": {"uv": [9.25, 4, 9.5, 4.125], "rotation": 90, "texture": "#1"}
			}
		},
		{
			"name": "black_iron_clobberer_22",
			"from": [7.875, 11.75, 7.0625],
			"to": [8.125, 12, 7.4375],
			"rotation": {"angle": 0, "axis": "y", "origin": [0.4375, 0, 7.9375]},
			"faces": {
				"north": {"uv": [9.125, 4, 9.25, 4.25], "texture": "#1"},
				"east": {"uv": [8.875, 4, 9.25, 4.25], "texture": "#1"},
				"south": {"uv": [8.875, 4, 9, 4.25], "texture": "#1"},
				"west": {"uv": [9.25, 4, 8.875, 4.25], "texture": "#1"},
				"up": {"uv": [8.875, 4, 9.25, 4.125], "rotation": 270, "texture": "#1"},
				"down": {"uv": [8.875, 4.125, 9.25, 4.25], "rotation": 90, "texture": "#1"}
			}
		},
		{
			"name": "black_iron_clobberer_20",
			"from": [7.8125, 12.125, 6.3125],
			"to": [8.1875, 12.25, 6.5625],
			"rotation": {"angle": 0, "axis": "y", "origin": [0.4375, 0, 7.9375]},
			"faces": {
				"north": {"uv": [10.625, 3.75, 10.75, 3.875], "texture": "#1"},
				"east": {"uv": [10.5, 3.75, 10.75, 3.875], "texture": "#1"},
				"south": {"uv": [10.5, 3.75, 10.625, 3.875], "texture": "#1"},
				"west": {"uv": [10.75, 3.75, 10.5, 3.875], "texture": "#1"},
				"up": {"uv": [10.5, 3.75, 10.75, 3.875], "rotation": 270, "texture": "#1"},
				"down": {"uv": [10.5, 3.75, 10.75, 3.875], "rotation": 90, "texture": "#1"}
			}
		},
		{
			"name": "black_iron_clobberer_18",
			"from": [7.8125, 12, 6.5625],
			"to": [8.1875, 12.375, 7.4375],
			"rotation": {"angle": 0, "axis": "y", "origin": [0.4375, 0, 7.9375]},
			"faces": {
				"north": {"uv": [10.375, 3.625, 10.5, 4], "texture": "#1"},
				"east": {"uv": [9.625, 3.625, 10.5, 4], "texture": "#1"},
				"south": {"uv": [9.625, 3.625, 9.75, 4], "texture": "#1"},
				"west": {"uv": [10.5, 3.625, 9.625, 4], "texture": "#1"},
				"up": {"uv": [9.625, 3.625, 10.5, 3.75], "rotation": 270, "texture": "#1"},
				"down": {"uv": [9.625, 3.875, 10.5, 4], "rotation": 90, "texture": "#1"}
			}
		},
		{
			"name": "black_iron_clobberer_16",
			"from": [7.875, 12.375, 6.8125],
			"to": [8.125, 12.5, 7.0625],
			"rotation": {"angle": 0, "axis": "y", "origin": [0.4375, 0, 7.9375]},
			"faces": {
				"north": {"uv": [9.375, 3.5, 9.5, 3.625], "texture": "#1"},
				"east": {"uv": [9.25, 3.5, 9.5, 3.625], "texture": "#1"},
				"south": {"uv": [9.25, 3.5, 9.375, 3.625], "texture": "#1"},
				"west": {"uv": [9.5, 3.5, 9.25, 3.625], "texture": "#1"},
				"up": {"uv": [9.25, 3.5, 9.5, 3.625], "rotation": 270, "texture": "#1"},
				"down": {"uv": [9.25, 3.5, 9.5, 3.625], "rotation": 90, "texture": "#1"}
			}
		},
		{
			"name": "black_iron_clobberer_14",
			"from": [7.875, 12.375, 7.0625],
			"to": [8.125, 12.625, 7.4375],
			"rotation": {"angle": 0, "axis": "y", "origin": [0.4375, 0, 7.9375]},
			"faces": {
				"north": {"uv": [9.125, 3.375, 9.25, 3.625], "texture": "#1"},
				"east": {"uv": [8.875, 3.375, 9.25, 3.625], "texture": "#1"},
				"south": {"uv": [8.875, 3.375, 9, 3.625], "texture": "#1"},
				"west": {"uv": [9.25, 3.375, 8.875, 3.625], "texture": "#1"},
				"up": {"uv": [8.875, 3.375, 9.25, 3.5], "rotation": 270, "texture": "#1"},
				"down": {"uv": [8.875, 3.5, 9.25, 3.625], "rotation": 90, "texture": "#1"}
			}
		},
		{
			"name": "black_iron_clobberer_71",
			"from": [7.875, 5.875, 8.9375],
			"to": [8.125, 6, 9.1875],
			"rotation": {"angle": 0, "axis": "y", "origin": [0.4375, 0, 7.9375]},
			"faces": {
				"north": {"uv": [9.25, 10, 9.375, 10.125], "texture": "#1"},
				"east": {"uv": [9.5, 10, 9.25, 10.125], "texture": "#1"},
				"south": {"uv": [9.375, 10, 9.5, 10.125], "texture": "#1"},
				"west": {"uv": [9.25, 10, 9.5, 10.125], "texture": "#1"},
				"up": {"uv": [9.25, 10, 9.5, 10.125], "rotation": 90, "texture": "#1"},
				"down": {"uv": [9.25, 10, 9.5, 10.125], "rotation": 270, "texture": "#1"}
			}
		},
		{
			"name": "black_iron_clobberer_70",
			"from": [7.875, 5.75, 8.5625],
			"to": [8.125, 6, 8.9375],
			"rotation": {"angle": 0, "axis": "y", "origin": [0.4375, 0, 7.9375]},
			"faces": {
				"north": {"uv": [8.875, 10, 9, 10.25], "texture": "#1"},
				"east": {"uv": [9.25, 10, 8.875, 10.25], "texture": "#1"},
				"south": {"uv": [9.125, 10, 9.25, 10.25], "texture": "#1"},
				"west": {"uv": [8.875, 10, 9.25, 10.25], "texture": "#1"},
				"up": {"uv": [8.875, 10, 9.25, 10.125], "rotation": 90, "texture": "#1"},
				"down": {"uv": [8.875, 10.125, 9.25, 10.25], "rotation": 270, "texture": "#1"}
			}
		},
		{
			"name": "black_iron_clobberer_68",
			"from": [7.8125, 6.125, 9.4375],
			"to": [8.1875, 6.25, 9.6875],
			"rotation": {"angle": 0, "axis": "y", "origin": [0.4375, 0, 7.9375]},
			"faces": {
				"north": {"uv": [10.5, 9.75, 10.625, 9.875], "texture": "#1"},
				"east": {"uv": [10.75, 9.75, 10.5, 9.875], "texture": "#1"},
				"south": {"uv": [10.625, 9.75, 10.75, 9.875], "texture": "#1"},
				"west": {"uv": [10.5, 9.75, 10.75, 9.875], "texture": "#1"},
				"up": {"uv": [10.5, 9.75, 10.75, 9.875], "rotation": 90, "texture": "#1"},
				"down": {"uv": [10.5, 9.75, 10.75, 9.875], "rotation": 270, "texture": "#1"}
			}
		},
		{
			"name": "black_iron_clobberer_66",
			"from": [7.8125, 6, 8.5625],
			"to": [8.1875, 6.375, 9.4375],
			"rotation": {"angle": 0, "axis": "y", "origin": [0.4375, 0, 7.9375]},
			"faces": {
				"north": {"uv": [9.625, 9.625, 9.75, 10], "texture": "#1"},
				"east": {"uv": [10.5, 9.625, 9.625, 10], "texture": "#1"},
				"south": {"uv": [10.375, 9.625, 10.5, 10], "texture": "#1"},
				"west": {"uv": [9.625, 9.625, 10.5, 10], "texture": "#1"},
				"up": {"uv": [9.625, 9.625, 10.5, 9.75], "rotation": 90, "texture": "#1"},
				"down": {"uv": [9.625, 9.875, 10.5, 10], "rotation": 270, "texture": "#1"}
			}
		},
		{
			"name": "black_iron_clobberer_64",
			"from": [7.875, 6.375, 8.9375],
			"to": [8.125, 6.5, 9.1875],
			"rotation": {"angle": 0, "axis": "y", "origin": [0.4375, 0, 7.9375]},
			"faces": {
				"north": {"uv": [9.25, 9.5, 9.375, 9.625], "texture": "#1"},
				"east": {"uv": [9.5, 9.5, 9.25, 9.625], "texture": "#1"},
				"south": {"uv": [9.375, 9.5, 9.5, 9.625], "texture": "#1"},
				"west": {"uv": [9.25, 9.5, 9.5, 9.625], "texture": "#1"},
				"up": {"uv": [9.25, 9.5, 9.5, 9.625], "rotation": 90, "texture": "#1"},
				"down": {"uv": [9.25, 9.5, 9.5, 9.625], "rotation": 270, "texture": "#1"}
			}
		},
		{
			"name": "black_iron_clobberer_62",
			"from": [7.875, 6.375, 8.5625],
			"to": [8.125, 6.625, 8.9375],
			"rotation": {"angle": 0, "axis": "y", "origin": [0.4375, 0, 7.9375]},
			"faces": {
				"north": {"uv": [8.875, 9.375, 9, 9.625], "texture": "#1"},
				"east": {"uv": [9.25, 9.375, 8.875, 9.625], "texture": "#1"},
				"south": {"uv": [9.125, 9.375, 9.25, 9.625], "texture": "#1"},
				"west": {"uv": [8.875, 9.375, 9.25, 9.625], "texture": "#1"},
				"up": {"uv": [8.875, 9.375, 9.25, 9.5], "rotation": 90, "texture": "#1"},
				"down": {"uv": [8.875, 9.5, 9.25, 9.625], "rotation": 270, "texture": "#1"}
			}
		},
		{
			"name": "black_iron_clobberer_59",
			"from": [7.875, 7.375, 8.9375],
			"to": [8.125, 7.5, 9.1875],
			"rotation": {"angle": 0, "axis": "y", "origin": [0.4375, 0, 7.9375]},
			"faces": {
				"north": {"uv": [9.25, 8.5, 9.375, 8.625], "texture": "#1"},
				"east": {"uv": [9.5, 8.5, 9.25, 8.625], "texture": "#1"},
				"south": {"uv": [9.375, 8.5, 9.5, 8.625], "texture": "#1"},
				"west": {"uv": [9.25, 8.5, 9.5, 8.625], "texture": "#1"},
				"up": {"uv": [9.25, 8.5, 9.5, 8.625], "rotation": 90, "texture": "#1"},
				"down": {"uv": [9.25, 8.5, 9.5, 8.625], "rotation": 270, "texture": "#1"}
			}
		},
		{
			"name": "black_iron_clobberer_58",
			"from": [7.875, 7.25, 8.5625],
			"to": [8.125, 7.5, 8.9375],
			"rotation": {"angle": 0, "axis": "y", "origin": [0.4375, 0, 7.9375]},
			"faces": {
				"north": {"uv": [8.875, 8.5, 9, 8.75], "texture": "#1"},
				"east": {"uv": [9.25, 8.5, 8.875, 8.75], "texture": "#1"},
				"south": {"uv": [9.125, 8.5, 9.25, 8.75], "texture": "#1"},
				"west": {"uv": [8.875, 8.5, 9.25, 8.75], "texture": "#1"},
				"up": {"uv": [8.875, 8.5, 9.25, 8.625], "rotation": 90, "texture": "#1"},
				"down": {"uv": [8.875, 8.625, 9.25, 8.75], "rotation": 270, "texture": "#1"}
			}
		},
		{
			"name": "black_iron_clobberer_56",
			"from": [7.8125, 7.625, 9.4375],
			"to": [8.1875, 7.75, 9.6875],
			"rotation": {"angle": 0, "axis": "y", "origin": [0.4375, 0, 7.9375]},
			"faces": {
				"north": {"uv": [10.5, 8.25, 10.625, 8.375], "texture": "#1"},
				"east": {"uv": [10.75, 8.25, 10.5, 8.375], "texture": "#1"},
				"south": {"uv": [10.625, 8.25, 10.75, 8.375], "texture": "#1"},
				"west": {"uv": [10.5, 8.25, 10.75, 8.375], "texture": "#1"},
				"up": {"uv": [10.5, 8.25, 10.75, 8.375], "rotation": 90, "texture": "#1"},
				"down": {"uv": [10.5, 8.25, 10.75, 8.375], "rotation": 270, "texture": "#1"}
			}
		},
		{
			"name": "black_iron_clobberer_54",
			"from": [7.8125, 7.5, 8.5625],
			"to": [8.1875, 7.875, 9.4375],
			"rotation": {"angle": 0, "axis": "y", "origin": [0.4375, 0, 7.9375]},
			"faces": {
				"north": {"uv": [9.625, 8.125, 9.75, 8.5], "texture": "#1"},
				"east": {"uv": [10.5, 8.125, 9.625, 8.5], "texture": "#1"},
				"south": {"uv": [10.375, 8.125, 10.5, 8.5], "texture": "#1"},
				"west": {"uv": [9.625, 8.125, 10.5, 8.5], "texture": "#1"},
				"up": {"uv": [9.625, 8.125, 10.5, 8.25], "rotation": 90, "texture": "#1"},
				"down": {"uv": [9.625, 8.375, 10.5, 8.5], "rotation": 270, "texture": "#1"}
			}
		},
		{
			"name": "black_iron_clobberer_52",
			"from": [7.875, 7.875, 8.9375],
			"to": [8.125, 8, 9.1875],
			"rotation": {"angle": 0, "axis": "y", "origin": [0.4375, 0, 7.9375]},
			"faces": {
				"north": {"uv": [9.25, 8, 9.375, 8.125], "texture": "#1"},
				"east": {"uv": [9.5, 8, 9.25, 8.125], "texture": "#1"},
				"south": {"uv": [9.375, 8, 9.5, 8.125], "texture": "#1"},
				"west": {"uv": [9.25, 8, 9.5, 8.125], "texture": "#1"},
				"up": {"uv": [9.25, 8, 9.5, 8.125], "rotation": 90, "texture": "#1"},
				"down": {"uv": [9.25, 8, 9.5, 8.125], "rotation": 270, "texture": "#1"}
			}
		},
		{
			"name": "black_iron_clobberer_50",
			"from": [7.875, 7.875, 8.5625],
			"to": [8.125, 8.125, 8.9375],
			"rotation": {"angle": 0, "axis": "y", "origin": [0.4375, 0, 7.9375]},
			"faces": {
				"north": {"uv": [8.875, 7.875, 9, 8.125], "texture": "#1"},
				"east": {"uv": [9.25, 7.875, 8.875, 8.125], "texture": "#1"},
				"south": {"uv": [9.125, 7.875, 9.25, 8.125], "texture": "#1"},
				"west": {"uv": [8.875, 7.875, 9.25, 8.125], "texture": "#1"},
				"up": {"uv": [8.875, 7.875, 9.25, 8], "rotation": 90, "texture": "#1"},
				"down": {"uv": [8.875, 8, 9.25, 8.125], "rotation": 270, "texture": "#1"}
			}
		},
		{
			"name": "black_iron_clobberer_47",
			"from": [7.875, 8.875, 8.9375],
			"to": [8.125, 9, 9.1875],
			"rotation": {"angle": 0, "axis": "y", "origin": [0.4375, 0, 7.9375]},
			"faces": {
				"north": {"uv": [9.25, 7, 9.375, 7.125], "texture": "#1"},
				"east": {"uv": [9.5, 7, 9.25, 7.125], "texture": "#1"},
				"south": {"uv": [9.375, 7, 9.5, 7.125], "texture": "#1"},
				"west": {"uv": [9.25, 7, 9.5, 7.125], "texture": "#1"},
				"up": {"uv": [9.25, 7, 9.5, 7.125], "rotation": 90, "texture": "#1"},
				"down": {"uv": [9.25, 7, 9.5, 7.125], "rotation": 270, "texture": "#1"}
			}
		},
		{
			"name": "black_iron_clobberer_46",
			"from": [7.875, 8.75, 8.5625],
			"to": [8.125, 9, 8.9375],
			"rotation": {"angle": 0, "axis": "y", "origin": [0.4375, 0, 7.9375]},
			"faces": {
				"north": {"uv": [8.875, 7, 9, 7.25], "texture": "#1"},
				"east": {"uv": [9.25, 7, 8.875, 7.25], "texture": "#1"},
				"south": {"uv": [9.125, 7, 9.25, 7.25], "texture": "#1"},
				"west": {"uv": [8.875, 7, 9.25, 7.25], "texture": "#1"},
				"up": {"uv": [8.875, 7, 9.25, 7.125], "rotation": 90, "texture": "#1"},
				"down": {"uv": [8.875, 7.125, 9.25, 7.25], "rotation": 270, "texture": "#1"}
			}
		},
		{
			"name": "black_iron_clobberer_44",
			"from": [7.8125, 9.125, 9.4375],
			"to": [8.1875, 9.25, 9.6875],
			"rotation": {"angle": 0, "axis": "y", "origin": [0.4375, 0, 7.9375]},
			"faces": {
				"north": {"uv": [10.5, 6.75, 10.625, 6.875], "texture": "#1"},
				"east": {"uv": [10.75, 6.75, 10.5, 6.875], "texture": "#1"},
				"south": {"uv": [10.625, 6.75, 10.75, 6.875], "texture": "#1"},
				"west": {"uv": [10.5, 6.75, 10.75, 6.875], "texture": "#1"},
				"up": {"uv": [10.5, 6.75, 10.75, 6.875], "rotation": 90, "texture": "#1"},
				"down": {"uv": [10.5, 6.75, 10.75, 6.875], "rotation": 270, "texture": "#1"}
			}
		},
		{
			"name": "black_iron_clobberer_42",
			"from": [7.8125, 9, 8.5625],
			"to": [8.1875, 9.375, 9.4375],
			"rotation": {"angle": 0, "axis": "y", "origin": [0.4375, 0, 7.9375]},
			"faces": {
				"north": {"uv": [9.625, 6.625, 9.75, 7], "texture": "#1"},
				"east": {"uv": [10.5, 6.625, 9.625, 7], "texture": "#1"},
				"south": {"uv": [10.375, 6.625, 10.5, 7], "texture": "#1"},
				"west": {"uv": [9.625, 6.625, 10.5, 7], "texture": "#1"},
				"up": {"uv": [9.625, 6.625, 10.5, 6.75], "rotation": 90, "texture": "#1"},
				"down": {"uv": [9.625, 6.875, 10.5, 7], "rotation": 270, "texture": "#1"}
			}
		},
		{
			"name": "black_iron_clobberer_40",
			"from": [7.875, 9.375, 8.9375],
			"to": [8.125, 9.5, 9.1875],
			"rotation": {"angle": 0, "axis": "y", "origin": [0.4375, 0, 7.9375]},
			"faces": {
				"north": {"uv": [9.25, 6.5, 9.375, 6.625], "texture": "#1"},
				"east": {"uv": [9.5, 6.5, 9.25, 6.625], "texture": "#1"},
				"south": {"uv": [9.375, 6.5, 9.5, 6.625], "texture": "#1"},
				"west": {"uv": [9.25, 6.5, 9.5, 6.625], "texture": "#1"},
				"up": {"uv": [9.25, 6.5, 9.5, 6.625], "rotation": 90, "texture": "#1"},
				"down": {"uv": [9.25, 6.5, 9.5, 6.625], "rotation": 270, "texture": "#1"}
			}
		},
		{
			"name": "black_iron_clobberer_38",
			"from": [7.875, 9.375, 8.5625],
			"to": [8.125, 9.625, 8.9375],
			"rotation": {"angle": 0, "axis": "y", "origin": [0.4375, 0, 7.9375]},
			"faces": {
				"north": {"uv": [8.875, 6.375, 9, 6.625], "texture": "#1"},
				"east": {"uv": [9.25, 6.375, 8.875, 6.625], "texture": "#1"},
				"south": {"uv": [9.125, 6.375, 9.25, 6.625], "texture": "#1"},
				"west": {"uv": [8.875, 6.375, 9.25, 6.625], "texture": "#1"},
				"up": {"uv": [8.875, 6.375, 9.25, 6.5], "rotation": 90, "texture": "#1"},
				"down": {"uv": [8.875, 6.5, 9.25, 6.625], "rotation": 270, "texture": "#1"}
			}
		},
		{
			"name": "black_iron_clobberer_35",
			"from": [7.875, 10.375, 8.9375],
			"to": [8.125, 10.5, 9.1875],
			"rotation": {"angle": 0, "axis": "y", "origin": [0.4375, 0, 7.9375]},
			"faces": {
				"north": {"uv": [9.25, 5.5, 9.375, 5.625], "texture": "#1"},
				"east": {"uv": [9.5, 5.5, 9.25, 5.625], "texture": "#1"},
				"south": {"uv": [9.375, 5.5, 9.5, 5.625], "texture": "#1"},
				"west": {"uv": [9.25, 5.5, 9.5, 5.625], "texture": "#1"},
				"up": {"uv": [9.25, 5.5, 9.5, 5.625], "rotation": 90, "texture": "#1"},
				"down": {"uv": [9.25, 5.5, 9.5, 5.625], "rotation": 270, "texture": "#1"}
			}
		},
		{
			"name": "black_iron_clobberer_34",
			"from": [7.875, 10.25, 8.5625],
			"to": [8.125, 10.5, 8.9375],
			"rotation": {"angle": 0, "axis": "y", "origin": [0.4375, 0, 7.9375]},
			"faces": {
				"north": {"uv": [8.875, 5.5, 9, 5.75], "texture": "#1"},
				"east": {"uv": [9.25, 5.5, 8.875, 5.75], "texture": "#1"},
				"south": {"uv": [9.125, 5.5, 9.25, 5.75], "texture": "#1"},
				"west": {"uv": [8.875, 5.5, 9.25, 5.75], "texture": "#1"},
				"up": {"uv": [8.875, 5.5, 9.25, 5.625], "rotation": 90, "texture": "#1"},
				"down": {"uv": [8.875, 5.625, 9.25, 5.75], "rotation": 270, "texture": "#1"}
			}
		},
		{
			"name": "black_iron_clobberer_32",
			"from": [7.8125, 10.625, 9.4375],
			"to": [8.1875, 10.75, 9.6875],
			"rotation": {"angle": 0, "axis": "y", "origin": [0.4375, 0, 7.9375]},
			"faces": {
				"north": {"uv": [10.5, 5.25, 10.625, 5.375], "texture": "#1"},
				"east": {"uv": [10.75, 5.25, 10.5, 5.375], "texture": "#1"},
				"south": {"uv": [10.625, 5.25, 10.75, 5.375], "texture": "#1"},
				"west": {"uv": [10.5, 5.25, 10.75, 5.375], "texture": "#1"},
				"up": {"uv": [10.5, 5.25, 10.75, 5.375], "rotation": 90, "texture": "#1"},
				"down": {"uv": [10.5, 5.25, 10.75, 5.375], "rotation": 270, "texture": "#1"}
			}
		},
		{
			"name": "black_iron_clobberer_30",
			"from": [7.8125, 10.5, 8.5625],
			"to": [8.1875, 10.875, 9.4375],
			"rotation": {"angle": 0, "axis": "y", "origin": [0.4375, 0, 7.9375]},
			"faces": {
				"north": {"uv": [9.625, 5.125, 9.75, 5.5], "texture": "#1"},
				"east": {"uv": [10.5, 5.125, 9.625, 5.5], "texture": "#1"},
				"south": {"uv": [10.375, 5.125, 10.5, 5.5], "texture": "#1"},
				"west": {"uv": [9.625, 5.125, 10.5, 5.5], "texture": "#1"},
				"up": {"uv": [9.625, 5.125, 10.5, 5.25], "rotation": 90, "texture": "#1"},
				"down": {"uv": [9.625, 5.375, 10.5, 5.5], "rotation": 270, "texture": "#1"}
			}
		},
		{
			"name": "black_iron_clobberer_28",
			"from": [7.875, 10.875, 8.9375],
			"to": [8.125, 11, 9.1875],
			"rotation": {"angle": 0, "axis": "y", "origin": [0.4375, 0, 7.9375]},
			"faces": {
				"north": {"uv": [9.25, 5, 9.375, 5.125], "texture": "#1"},
				"east": {"uv": [9.5, 5, 9.25, 5.125], "texture": "#1"},
				"south": {"uv": [9.375, 5, 9.5, 5.125], "texture": "#1"},
				"west": {"uv": [9.25, 5, 9.5, 5.125], "texture": "#1"},
				"up": {"uv": [9.25, 5, 9.5, 5.125], "rotation": 90, "texture": "#1"},
				"down": {"uv": [9.25, 5, 9.5, 5.125], "rotation": 270, "texture": "#1"}
			}
		},
		{
			"name": "black_iron_clobberer_26",
			"from": [7.875, 10.875, 8.5625],
			"to": [8.125, 11.125, 8.9375],
			"rotation": {"angle": 0, "axis": "y", "origin": [0.4375, 0, 7.9375]},
			"faces": {
				"north": {"uv": [8.875, 4.875, 9, 5.125], "texture": "#1"},
				"east": {"uv": [9.25, 4.875, 8.875, 5.125], "texture": "#1"},
				"south": {"uv": [9.125, 4.875, 9.25, 5.125], "texture": "#1"},
				"west": {"uv": [8.875, 4.875, 9.25, 5.125], "texture": "#1"},
				"up": {"uv": [8.875, 4.875, 9.25, 5], "rotation": 90, "texture": "#1"},
				"down": {"uv": [8.875, 5, 9.25, 5.125], "rotation": 270, "texture": "#1"}
			}
		},
		{
			"name": "black_iron_clobberer_23",
			"from": [7.875, 11.875, 8.9375],
			"to": [8.125, 12, 9.1875],
			"rotation": {"angle": 0, "axis": "y", "origin": [0.4375, 0, 7.9375]},
			"faces": {
				"north": {"uv": [9.25, 4, 9.375, 4.125], "texture": "#1"},
				"east": {"uv": [9.5, 4, 9.25, 4.125], "texture": "#1"},
				"south": {"uv": [9.375, 4, 9.5, 4.125], "texture": "#1"},
				"west": {"uv": [9.25, 4, 9.5, 4.125], "texture": "#1"},
				"up": {"uv": [9.25, 4, 9.5, 4.125], "rotation": 90, "texture": "#1"},
				"down": {"uv": [9.25, 4, 9.5, 4.125], "rotation": 270, "texture": "#1"}
			}
		},
		{
			"name": "black_iron_clobberer_22",
			"from": [7.875, 11.75, 8.5625],
			"to": [8.125, 12, 8.9375],
			"rotation": {"angle": 0, "axis": "y", "origin": [0.4375, 0, 7.9375]},
			"faces": {
				"north": {"uv": [8.875, 4, 9, 4.25], "texture": "#1"},
				"east": {"uv": [9.25, 4, 8.875, 4.25], "texture": "#1"},
				"south": {"uv": [9.125, 4, 9.25, 4.25], "texture": "#1"},
				"west": {"uv": [8.875, 4, 9.25, 4.25], "texture": "#1"},
				"up": {"uv": [8.875, 4, 9.25, 4.125], "rotation": 90, "texture": "#1"},
				"down": {"uv": [8.875, 4.125, 9.25, 4.25], "rotation": 270, "texture": "#1"}
			}
		},
		{
			"name": "black_iron_clobberer_20",
			"from": [7.8125, 12.125, 9.4375],
			"to": [8.1875, 12.25, 9.6875],
			"rotation": {"angle": 0, "axis": "y", "origin": [0.4375, 0, 7.9375]},
			"faces": {
				"north": {"uv": [10.5, 3.75, 10.625, 3.875], "texture": "#1"},
				"east": {"uv": [10.75, 3.75, 10.5, 3.875], "texture": "#1"},
				"south": {"uv": [10.625, 3.75, 10.75, 3.875], "texture": "#1"},
				"west": {"uv": [10.5, 3.75, 10.75, 3.875], "texture": "#1"},
				"up": {"uv": [10.5, 3.75, 10.75, 3.875], "rotation": 90, "texture": "#1"},
				"down": {"uv": [10.5, 3.75, 10.75, 3.875], "rotation": 270, "texture": "#1"}
			}
		},
		{
			"name": "black_iron_clobberer_18",
			"from": [7.8125, 12, 8.5625],
			"to": [8.1875, 12.375, 9.4375],
			"rotation": {"angle": 0, "axis": "y", "origin": [0.4375, 0, 7.9375]},
			"faces": {
				"north": {"uv": [9.625, 3.625, 9.75, 4], "texture": "#1"},
				"east": {"uv": [10.5, 3.625, 9.625, 4], "texture": "#1"},
				"south": {"uv": [10.375, 3.625, 10.5, 4], "texture": "#1"},
				"west": {"uv": [9.625, 3.625, 10.5, 4], "texture": "#1"},
				"up": {"uv": [9.625, 3.625, 10.5, 3.75], "rotation": 90, "texture": "#1"},
				"down": {"uv": [9.625, 3.875, 10.5, 4], "rotation": 270, "texture": "#1"}
			}
		},
		{
			"name": "black_iron_clobberer_16",
			"from": [7.875, 12.375, 8.9375],
			"to": [8.125, 12.5, 9.1875],
			"rotation": {"angle": 0, "axis": "y", "origin": [0.4375, 0, 7.9375]},
			"faces": {
				"north": {"uv": [9.25, 3.5, 9.375, 3.625], "texture": "#1"},
				"east": {"uv": [9.5, 3.5, 9.25, 3.625], "texture": "#1"},
				"south": {"uv": [9.375, 3.5, 9.5, 3.625], "texture": "#1"},
				"west": {"uv": [9.25, 3.5, 9.5, 3.625], "texture": "#1"},
				"up": {"uv": [9.25, 3.5, 9.5, 3.625], "rotation": 90, "texture": "#1"},
				"down": {"uv": [9.25, 3.5, 9.5, 3.625], "rotation": 270, "texture": "#1"}
			}
		},
		{
			"name": "black_iron_clobberer_14",
			"from": [7.875, 12.375, 8.5625],
			"to": [8.125, 12.625, 8.9375],
			"rotation": {"angle": 0, "axis": "y", "origin": [0.4375, 0, 7.9375]},
			"faces": {
				"north": {"uv": [8.875, 3.375, 9, 3.625], "texture": "#1"},
				"east": {"uv": [9.25, 3.375, 8.875, 3.625], "texture": "#1"},
				"south": {"uv": [9.125, 3.375, 9.25, 3.625], "texture": "#1"},
				"west": {"uv": [8.875, 3.375, 9.25, 3.625], "texture": "#1"},
				"up": {"uv": [8.875, 3.375, 9.25, 3.5], "rotation": 90, "texture": "#1"},
				"down": {"uv": [8.875, 3.5, 9.25, 3.625], "rotation": 270, "texture": "#1"}
			}
		},
		{
			"name": "black_iron_clobberer_15",
			"from": [6.5625, 12.375, 7.875],
			"to": [6.8125, 12.5, 8.125],
			"rotation": {"angle": 0, "axis": "y", "origin": [0.4375, 0, 7.9375]},
			"faces": {
				"north": {"uv": [5.875, 3.5, 5.625, 3.625], "texture": "#1"},
				"east": {"uv": [5.75, 3.5, 5.875, 3.625], "texture": "#1"},
				"south": {"uv": [5.625, 3.5, 5.875, 3.625], "texture": "#1"},
				"west": {"uv": [5.625, 3.5, 5.75, 3.625], "texture": "#1"},
				"up": {"uv": [5.625, 3.5, 5.875, 3.625], "texture": "#1"},
				"down": {"uv": [5.625, 3.5, 5.875, 3.625], "texture": "#1"}
			}
		},
		{
			"name": "black_iron_clobberer_16",
			"from": [9.1875, 12.375, 7.875],
			"to": [9.4375, 12.5, 8.125],
			"rotation": {"angle": 0, "axis": "y", "origin": [0.4375, 0, 7.9375]},
			"faces": {
				"north": {"uv": [9.5, 3.5, 9.25, 3.625], "texture": "#1"},
				"east": {"uv": [9.375, 3.5, 9.5, 3.625], "texture": "#1"},
				"south": {"uv": [9.25, 3.5, 9.5, 3.625], "texture": "#1"},
				"west": {"uv": [9.25, 3.5, 9.375, 3.625], "texture": "#1"},
				"up": {"uv": [9.25, 3.5, 9.5, 3.625], "texture": "#1"},
				"down": {"uv": [9.25, 3.5, 9.5, 3.625], "texture": "#1"}
			}
		},
		{
			"name": "black_iron_clobberer_17",
			"from": [6.3125, 12, 7.8125],
			"to": [7.1875, 12.375, 8.1875],
			"rotation": {"angle": 0, "axis": "y", "origin": [0.4375, 0, 7.9375]},
			"faces": {
				"north": {"uv": [5.5, 3.625, 4.625, 4], "texture": "#1"},
				"east": {"uv": [5.375, 3.625, 5.5, 4], "texture": "#1"},
				"south": {"uv": [4.625, 3.625, 5.5, 4], "texture": "#1"},
				"west": {"uv": [4.625, 3.625, 4.75, 4], "texture": "#1"},
				"up": {"uv": [4.625, 3.625, 5.5, 3.75], "texture": "#1"},
				"down": {"uv": [4.625, 3.875, 5.5, 4], "texture": "#1"}
			}
		},
		{
			"name": "black_iron_clobberer_18",
			"from": [8.8125, 12, 7.8125],
			"to": [9.6875, 12.375, 8.1875],
			"rotation": {"angle": 0, "axis": "y", "origin": [0.4375, 0, 7.9375]},
			"faces": {
				"north": {"uv": [10.5, 3.625, 9.625, 4], "texture": "#1"},
				"east": {"uv": [10.375, 3.625, 10.5, 4], "texture": "#1"},
				"south": {"uv": [9.625, 3.625, 10.5, 4], "texture": "#1"},
				"west": {"uv": [9.625, 3.625, 9.75, 4], "texture": "#1"},
				"up": {"uv": [9.625, 3.625, 10.5, 3.75], "texture": "#1"},
				"down": {"uv": [9.625, 3.875, 10.5, 4], "texture": "#1"}
			}
		},
		{
			"name": "black_iron_clobberer_19",
			"from": [6.0625, 12.125, 7.8125],
			"to": [6.3125, 12.25, 8.1875],
			"rotation": {"angle": 0, "axis": "y", "origin": [0.4375, 0, 7.9375]},
			"faces": {
				"north": {"uv": [4.625, 3.75, 4.375, 3.875], "texture": "#1"},
				"east": {"uv": [4.5, 3.75, 4.625, 3.875], "texture": "#1"},
				"south": {"uv": [4.375, 3.75, 4.625, 3.875], "texture": "#1"},
				"west": {"uv": [4.375, 3.75, 4.5, 3.875], "texture": "#1"},
				"up": {"uv": [4.375, 3.75, 4.625, 3.875], "texture": "#1"},
				"down": {"uv": [4.375, 3.75, 4.625, 3.875], "texture": "#1"}
			}
		},
		{
			"name": "black_iron_clobberer_20",
			"from": [9.6875, 12.125, 7.8125],
			"to": [9.9375, 12.25, 8.1875],
			"rotation": {"angle": 0, "axis": "y", "origin": [0.4375, 0, 7.9375]},
			"faces": {
				"north": {"uv": [10.75, 3.75, 10.5, 3.875], "texture": "#1"},
				"east": {"uv": [10.625, 3.75, 10.75, 3.875], "texture": "#1"},
				"south": {"uv": [10.5, 3.75, 10.75, 3.875], "texture": "#1"},
				"west": {"uv": [10.5, 3.75, 10.625, 3.875], "texture": "#1"},
				"up": {"uv": [10.5, 3.75, 10.75, 3.875], "texture": "#1"},
				"down": {"uv": [10.5, 3.75, 10.75, 3.875], "texture": "#1"}
			}
		},
		{
			"name": "black_iron_clobberer_21",
			"from": [6.5625, 11.875, 7.875],
			"to": [7.1875, 12, 8.125],
			"rotation": {"angle": 0, "axis": "y", "origin": [0.4375, 0, 7.9375]},
			"faces": {
				"north": {"uv": [6.25, 4, 5.625, 4.125], "texture": "#1"},
				"east": {"uv": [6.125, 4, 6.25, 4.125], "texture": "#1"},
				"south": {"uv": [5.625, 4, 6.25, 4.125], "texture": "#1"},
				"west": {"uv": [5.625, 4, 5.75, 4.125], "texture": "#1"},
				"up": {"uv": [5.625, 4, 6.25, 4.125], "texture": "#1"},
				"down": {"uv": [5.625, 4, 6.25, 4.125], "texture": "#1"}
			}
		},
		{
			"name": "black_iron_clobberer_22",
			"from": [8.8125, 11.75, 7.875],
			"to": [9.1875, 12, 8.125],
			"rotation": {"angle": 0, "axis": "y", "origin": [0.4375, 0, 7.9375]},
			"faces": {
				"north": {"uv": [9.25, 4, 8.875, 4.25], "texture": "#1"},
				"east": {"uv": [9.125, 4, 9.25, 4.25], "texture": "#1"},
				"south": {"uv": [8.875, 4, 9.25, 4.25], "texture": "#1"},
				"west": {"uv": [8.875, 4, 9, 4.25], "texture": "#1"},
				"up": {"uv": [8.875, 4, 9.25, 4.125], "texture": "#1"},
				"down": {"uv": [8.875, 4.125, 9.25, 4.25], "texture": "#1"}
			}
		},
		{
			"name": "black_iron_clobberer_23",
			"from": [9.1875, 11.875, 7.875],
			"to": [9.4375, 12, 8.125],
			"rotation": {"angle": 0, "axis": "y", "origin": [0.4375, 0, 7.9375]},
			"faces": {
				"north": {"uv": [9.5, 4, 9.25, 4.125], "texture": "#1"},
				"east": {"uv": [9.375, 4, 9.5, 4.125], "texture": "#1"},
				"south": {"uv": [9.25, 4, 9.5, 4.125], "texture": "#1"},
				"west": {"uv": [9.25, 4, 9.375, 4.125], "texture": "#1"},
				"up": {"uv": [9.25, 4, 9.5, 4.125], "texture": "#1"},
				"down": {"uv": [9.25, 4, 9.5, 4.125], "texture": "#1"}
			}
		},
		{
			"name": "black_iron_clobberer_24",
			"from": [6.8125, 11.75, 7.875],
			"to": [7.1875, 11.875, 8.125],
			"rotation": {"angle": 0, "axis": "y", "origin": [0.4375, 0, 7.9375]},
			"faces": {
				"north": {"uv": [6.25, 4.125, 5.875, 4.25], "texture": "#1"},
				"east": {"uv": [6.125, 4.125, 6.25, 4.25], "texture": "#1"},
				"south": {"uv": [5.875, 4.125, 6.25, 4.25], "texture": "#1"},
				"west": {"uv": [5.875, 4.125, 6, 4.25], "texture": "#1"},
				"up": {"uv": [5.875, 4.125, 6.25, 4.25], "texture": "#1"},
				"down": {"uv": [5.875, 4.125, 6.25, 4.25], "texture": "#1"}
			}
		},
		{
			"name": "black_iron_clobberer_25",
			"from": [6.8125, 10.875, 7.875],
			"to": [7.1875, 11.125, 8.125],
			"rotation": {"angle": 0, "axis": "y", "origin": [0.4375, 0, 7.9375]},
			"faces": {
				"north": {"uv": [6.25, 4.875, 5.875, 5.125], "texture": "#1"},
				"east": {"uv": [6.125, 4.875, 6.25, 5.125], "texture": "#1"},
				"south": {"uv": [5.875, 4.875, 6.25, 5.125], "texture": "#1"},
				"west": {"uv": [5.875, 4.875, 6, 5.125], "texture": "#1"},
				"up": {"uv": [5.875, 4.875, 6.25, 5], "texture": "#1"},
				"down": {"uv": [5.875, 5, 6.25, 5.125], "texture": "#1"}
			}
		},
		{
			"name": "black_iron_clobberer_26",
			"from": [8.8125, 10.875, 7.875],
			"to": [9.1875, 11.125, 8.125],
			"rotation": {"angle": 0, "axis": "y", "origin": [0.4375, 0, 7.9375]},
			"faces": {
				"north": {"uv": [9.25, 4.875, 8.875, 5.125], "texture": "#1"},
				"east": {"uv": [9.125, 4.875, 9.25, 5.125], "texture": "#1"},
				"south": {"uv": [8.875, 4.875, 9.25, 5.125], "texture": "#1"},
				"west": {"uv": [8.875, 4.875, 9, 5.125], "texture": "#1"},
				"up": {"uv": [8.875, 4.875, 9.25, 5], "texture": "#1"},
				"down": {"uv": [8.875, 5, 9.25, 5.125], "texture": "#1"}
			}
		},
		{
			"name": "black_iron_clobberer_27",
			"from": [6.5625, 10.875, 7.875],
			"to": [6.8125, 11, 8.125],
			"rotation": {"angle": 0, "axis": "y", "origin": [0.4375, 0, 7.9375]},
			"faces": {
				"north": {"uv": [5.875, 5, 5.625, 5.125], "texture": "#1"},
				"east": {"uv": [5.75, 5, 5.875, 5.125], "texture": "#1"},
				"south": {"uv": [5.625, 5, 5.875, 5.125], "texture": "#1"},
				"west": {"uv": [5.625, 5, 5.75, 5.125], "texture": "#1"},
				"up": {"uv": [5.625, 5, 5.875, 5.125], "texture": "#1"},
				"down": {"uv": [5.625, 5, 5.875, 5.125], "texture": "#1"}
			}
		},
		{
			"name": "black_iron_clobberer_28",
			"from": [9.1875, 10.875, 7.875],
			"to": [9.4375, 11, 8.125],
			"rotation": {"angle": 0, "axis": "y", "origin": [0.4375, 0, 7.9375]},
			"faces": {
				"north": {"uv": [9.5, 5, 9.25, 5.125], "texture": "#1"},
				"east": {"uv": [9.375, 5, 9.5, 5.125], "texture": "#1"},
				"south": {"uv": [9.25, 5, 9.5, 5.125], "texture": "#1"},
				"west": {"uv": [9.25, 5, 9.375, 5.125], "texture": "#1"},
				"up": {"uv": [9.25, 5, 9.5, 5.125], "texture": "#1"},
				"down": {"uv": [9.25, 5, 9.5, 5.125], "texture": "#1"}
			}
		},
		{
			"name": "black_iron_clobberer_29",
			"from": [6.3125, 10.5, 7.8125],
			"to": [7.1875, 10.875, 8.1875],
			"rotation": {"angle": 0, "axis": "y", "origin": [0.4375, 0, 7.9375]},
			"faces": {
				"north": {"uv": [5.5, 5.125, 4.625, 5.5], "texture": "#1"},
				"east": {"uv": [5.375, 5.125, 5.5, 5.5], "texture": "#1"},
				"south": {"uv": [4.625, 5.125, 5.5, 5.5], "texture": "#1"},
				"west": {"uv": [4.625, 5.125, 4.75, 5.5], "texture": "#1"},
				"up": {"uv": [4.625, 5.125, 5.5, 5.25], "texture": "#1"},
				"down": {"uv": [4.625, 5.375, 5.5, 5.5], "texture": "#1"}
			}
		},
		{
			"name": "black_iron_clobberer_30",
			"from": [8.8125, 10.5, 7.8125],
			"to": [9.6875, 10.875, 8.1875],
			"rotation": {"angle": 0, "axis": "y", "origin": [0.4375, 0, 7.9375]},
			"faces": {
				"north": {"uv": [10.5, 5.125, 9.625, 5.5], "texture": "#1"},
				"east": {"uv": [10.375, 5.125, 10.5, 5.5], "texture": "#1"},
				"south": {"uv": [9.625, 5.125, 10.5, 5.5], "texture": "#1"},
				"west": {"uv": [9.625, 5.125, 9.75, 5.5], "texture": "#1"},
				"up": {"uv": [9.625, 5.125, 10.5, 5.25], "texture": "#1"},
				"down": {"uv": [9.625, 5.375, 10.5, 5.5], "texture": "#1"}
			}
		},
		{
			"name": "black_iron_clobberer_31",
			"from": [6.0625, 10.625, 7.8125],
			"to": [6.3125, 10.75, 8.1875],
			"rotation": {"angle": 0, "axis": "y", "origin": [0.4375, 0, 7.9375]},
			"faces": {
				"north": {"uv": [4.625, 5.25, 4.375, 5.375], "texture": "#1"},
				"east": {"uv": [4.5, 5.25, 4.625, 5.375], "texture": "#1"},
				"south": {"uv": [4.375, 5.25, 4.625, 5.375], "texture": "#1"},
				"west": {"uv": [4.375, 5.25, 4.5, 5.375], "texture": "#1"},
				"up": {"uv": [4.375, 5.25, 4.625, 5.375], "texture": "#1"},
				"down": {"uv": [4.375, 5.25, 4.625, 5.375], "texture": "#1"}
			}
		},
		{
			"name": "black_iron_clobberer_32",
			"from": [9.6875, 10.625, 7.8125],
			"to": [9.9375, 10.75, 8.1875],
			"rotation": {"angle": 0, "axis": "y", "origin": [0.4375, 0, 7.9375]},
			"faces": {
				"north": {"uv": [10.75, 5.25, 10.5, 5.375], "texture": "#1"},
				"east": {"uv": [10.625, 5.25, 10.75, 5.375], "texture": "#1"},
				"south": {"uv": [10.5, 5.25, 10.75, 5.375], "texture": "#1"},
				"west": {"uv": [10.5, 5.25, 10.625, 5.375], "texture": "#1"},
				"up": {"uv": [10.5, 5.25, 10.75, 5.375], "texture": "#1"},
				"down": {"uv": [10.5, 5.25, 10.75, 5.375], "texture": "#1"}
			}
		},
		{
			"name": "black_iron_clobberer_33",
			"from": [6.5625, 10.375, 7.875],
			"to": [7.1875, 10.5, 8.125],
			"rotation": {"angle": 0, "axis": "y", "origin": [0.4375, 0, 7.9375]},
			"faces": {
				"north": {"uv": [6.25, 5.5, 5.625, 5.625], "texture": "#1"},
				"east": {"uv": [6.125, 5.5, 6.25, 5.625], "texture": "#1"},
				"south": {"uv": [5.625, 5.5, 6.25, 5.625], "texture": "#1"},
				"west": {"uv": [5.625, 5.5, 5.75, 5.625], "texture": "#1"},
				"up": {"uv": [5.625, 5.5, 6.25, 5.625], "texture": "#1"},
				"down": {"uv": [5.625, 5.5, 6.25, 5.625], "texture": "#1"}
			}
		},
		{
			"name": "black_iron_clobberer_34",
			"from": [8.8125, 10.25, 7.875],
			"to": [9.1875, 10.5, 8.125],
			"rotation": {"angle": 0, "axis": "y", "origin": [0.4375, 0, 7.9375]},
			"faces": {
				"north": {"uv": [9.25, 5.5, 8.875, 5.75], "texture": "#1"},
				"east": {"uv": [9.125, 5.5, 9.25, 5.75], "texture": "#1"},
				"south": {"uv": [8.875, 5.5, 9.25, 5.75], "texture": "#1"},
				"west": {"uv": [8.875, 5.5, 9, 5.75], "texture": "#1"},
				"up": {"uv": [8.875, 5.5, 9.25, 5.625], "texture": "#1"},
				"down": {"uv": [8.875, 5.625, 9.25, 5.75], "texture": "#1"}
			}
		},
		{
			"name": "black_iron_clobberer_35",
			"from": [9.1875, 10.375, 7.875],
			"to": [9.4375, 10.5, 8.125],
			"rotation": {"angle": 0, "axis": "y", "origin": [0.4375, 0, 7.9375]},
			"faces": {
				"north": {"uv": [9.5, 5.5, 9.25, 5.625], "texture": "#1"},
				"east": {"uv": [9.375, 5.5, 9.5, 5.625], "texture": "#1"},
				"south": {"uv": [9.25, 5.5, 9.5, 5.625], "texture": "#1"},
				"west": {"uv": [9.25, 5.5, 9.375, 5.625], "texture": "#1"},
				"up": {"uv": [9.25, 5.5, 9.5, 5.625], "texture": "#1"},
				"down": {"uv": [9.25, 5.5, 9.5, 5.625], "texture": "#1"}
			}
		},
		{
			"name": "black_iron_clobberer_36",
			"from": [6.8125, 10.25, 7.875],
			"to": [7.1875, 10.375, 8.125],
			"rotation": {"angle": 0, "axis": "y", "origin": [0.4375, 0, 7.9375]},
			"faces": {
				"north": {"uv": [6.25, 5.625, 5.875, 5.75], "texture": "#1"},
				"east": {"uv": [6.125, 5.625, 6.25, 5.75], "texture": "#1"},
				"south": {"uv": [5.875, 5.625, 6.25, 5.75], "texture": "#1"},
				"west": {"uv": [5.875, 5.625, 6, 5.75], "texture": "#1"},
				"up": {"uv": [5.875, 5.625, 6.25, 5.75], "texture": "#1"},
				"down": {"uv": [5.875, 5.625, 6.25, 5.75], "texture": "#1"}
			}
		},
		{
			"name": "black_iron_clobberer_37",
			"from": [6.8125, 9.375, 7.875],
			"to": [7.1875, 9.625, 8.125],
			"rotation": {"angle": 0, "axis": "y", "origin": [0.4375, 0, 7.9375]},
			"faces": {
				"north": {"uv": [6.25, 6.375, 5.875, 6.625], "texture": "#1"},
				"east": {"uv": [6.125, 6.375, 6.25, 6.625], "texture": "#1"},
				"south": {"uv": [5.875, 6.375, 6.25, 6.625], "texture": "#1"},
				"west": {"uv": [5.875, 6.375, 6, 6.625], "texture": "#1"},
				"up": {"uv": [5.875, 6.375, 6.25, 6.5], "texture": "#1"},
				"down": {"uv": [5.875, 6.5, 6.25, 6.625], "texture": "#1"}
			}
		},
		{
			"name": "black_iron_clobberer_38",
			"from": [8.8125, 9.375, 7.875],
			"to": [9.1875, 9.625, 8.125],
			"rotation": {"angle": 0, "axis": "y", "origin": [0.4375, 0, 7.9375]},
			"faces": {
				"north": {"uv": [9.25, 6.375, 8.875, 6.625], "texture": "#1"},
				"east": {"uv": [9.125, 6.375, 9.25, 6.625], "texture": "#1"},
				"south": {"uv": [8.875, 6.375, 9.25, 6.625], "texture": "#1"},
				"west": {"uv": [8.875, 6.375, 9, 6.625], "texture": "#1"},
				"up": {"uv": [8.875, 6.375, 9.25, 6.5], "texture": "#1"},
				"down": {"uv": [8.875, 6.5, 9.25, 6.625], "texture": "#1"}
			}
		},
		{
			"name": "black_iron_clobberer_39",
			"from": [6.5625, 9.375, 7.875],
			"to": [6.8125, 9.5, 8.125],
			"rotation": {"angle": 0, "axis": "y", "origin": [0.4375, 0, 7.9375]},
			"faces": {
				"north": {"uv": [5.875, 6.5, 5.625, 6.625], "texture": "#1"},
				"east": {"uv": [5.75, 6.5, 5.875, 6.625], "texture": "#1"},
				"south": {"uv": [5.625, 6.5, 5.875, 6.625], "texture": "#1"},
				"west": {"uv": [5.625, 6.5, 5.75, 6.625], "texture": "#1"},
				"up": {"uv": [5.625, 6.5, 5.875, 6.625], "texture": "#1"},
				"down": {"uv": [5.625, 6.5, 5.875, 6.625], "texture": "#1"}
			}
		},
		{
			"name": "black_iron_clobberer_40",
			"from": [9.1875, 9.375, 7.875],
			"to": [9.4375, 9.5, 8.125],
			"rotation": {"angle": 0, "axis": "y", "origin": [0.4375, 0, 7.9375]},
			"faces": {
				"north": {"uv": [9.5, 6.5, 9.25, 6.625], "texture": "#1"},
				"east": {"uv": [9.375, 6.5, 9.5, 6.625], "texture": "#1"},
				"south": {"uv": [9.25, 6.5, 9.5, 6.625], "texture": "#1"},
				"west": {"uv": [9.25, 6.5, 9.375, 6.625], "texture": "#1"},
				"up": {"uv": [9.25, 6.5, 9.5, 6.625], "texture": "#1"},
				"down": {"uv": [9.25, 6.5, 9.5, 6.625], "texture": "#1"}
			}
		},
		{
			"name": "black_iron_clobberer_41",
			"from": [6.3125, 9, 7.8125],
			"to": [7.1875, 9.375, 8.1875],
			"rotation": {"angle": 0, "axis": "y", "origin": [0.4375, 0, 7.9375]},
			"faces": {
				"north": {"uv": [5.5, 6.625, 4.625, 7], "texture": "#1"},
				"east": {"uv": [5.375, 6.625, 5.5, 7], "texture": "#1"},
				"south": {"uv": [4.625, 6.625, 5.5, 7], "texture": "#1"},
				"west": {"uv": [4.625, 6.625, 4.75, 7], "texture": "#1"},
				"up": {"uv": [4.625, 6.625, 5.5, 6.75], "texture": "#1"},
				"down": {"uv": [4.625, 6.875, 5.5, 7], "texture": "#1"}
			}
		},
		{
			"name": "black_iron_clobberer_42",
			"from": [8.8125, 9, 7.8125],
			"to": [9.6875, 9.375, 8.1875],
			"rotation": {"angle": 0, "axis": "y", "origin": [0.4375, 0, 7.9375]},
			"faces": {
				"north": {"uv": [10.5, 6.625, 9.625, 7], "texture": "#1"},
				"east": {"uv": [10.375, 6.625, 10.5, 7], "texture": "#1"},
				"south": {"uv": [9.625, 6.625, 10.5, 7], "texture": "#1"},
				"west": {"uv": [9.625, 6.625, 9.75, 7], "texture": "#1"},
				"up": {"uv": [9.625, 6.625, 10.5, 6.75], "texture": "#1"},
				"down": {"uv": [9.625, 6.875, 10.5, 7], "texture": "#1"}
			}
		},
		{
			"name": "black_iron_clobberer_43",
			"from": [6.0625, 9.125, 7.8125],
			"to": [6.3125, 9.25, 8.1875],
			"rotation": {"angle": 0, "axis": "y", "origin": [0.4375, 0, 7.9375]},
			"faces": {
				"north": {"uv": [4.625, 6.75, 4.375, 6.875], "texture": "#1"},
				"east": {"uv": [4.5, 6.75, 4.625, 6.875], "texture": "#1"},
				"south": {"uv": [4.375, 6.75, 4.625, 6.875], "texture": "#1"},
				"west": {"uv": [4.375, 6.75, 4.5, 6.875], "texture": "#1"},
				"up": {"uv": [4.375, 6.75, 4.625, 6.875], "texture": "#1"},
				"down": {"uv": [4.375, 6.75, 4.625, 6.875], "texture": "#1"}
			}
		},
		{
			"name": "black_iron_clobberer_44",
			"from": [9.6875, 9.125, 7.8125],
			"to": [9.9375, 9.25, 8.1875],
			"rotation": {"angle": 0, "axis": "y", "origin": [0.4375, 0, 7.9375]},
			"faces": {
				"north": {"uv": [10.75, 6.75, 10.5, 6.875], "texture": "#1"},
				"east": {"uv": [10.625, 6.75, 10.75, 6.875], "texture": "#1"},
				"south": {"uv": [10.5, 6.75, 10.75, 6.875], "texture": "#1"},
				"west": {"uv": [10.5, 6.75, 10.625, 6.875], "texture": "#1"},
				"up": {"uv": [10.5, 6.75, 10.75, 6.875], "texture": "#1"},
				"down": {"uv": [10.5, 6.75, 10.75, 6.875], "texture": "#1"}
			}
		},
		{
			"name": "black_iron_clobberer_45",
			"from": [6.5625, 8.875, 7.875],
			"to": [7.1875, 9, 8.125],
			"rotation": {"angle": 0, "axis": "y", "origin": [0.4375, 0, 7.9375]},
			"faces": {
				"north": {"uv": [6.25, 7, 5.625, 7.125], "texture": "#1"},
				"east": {"uv": [6.125, 7, 6.25, 7.125], "texture": "#1"},
				"south": {"uv": [5.625, 7, 6.25, 7.125], "texture": "#1"},
				"west": {"uv": [5.625, 7, 5.75, 7.125], "texture": "#1"},
				"up": {"uv": [5.625, 7, 6.25, 7.125], "texture": "#1"},
				"down": {"uv": [5.625, 7, 6.25, 7.125], "texture": "#1"}
			}
		},
		{
			"name": "black_iron_clobberer_46",
			"from": [8.8125, 8.75, 7.875],
			"to": [9.1875, 9, 8.125],
			"rotation": {"angle": 0, "axis": "y", "origin": [0.4375, 0, 7.9375]},
			"faces": {
				"north": {"uv": [9.25, 7, 8.875, 7.25], "texture": "#1"},
				"east": {"uv": [9.125, 7, 9.25, 7.25], "texture": "#1"},
				"south": {"uv": [8.875, 7, 9.25, 7.25], "texture": "#1"},
				"west": {"uv": [8.875, 7, 9, 7.25], "texture": "#1"},
				"up": {"uv": [8.875, 7, 9.25, 7.125], "texture": "#1"},
				"down": {"uv": [8.875, 7.125, 9.25, 7.25], "texture": "#1"}
			}
		},
		{
			"name": "black_iron_clobberer_47",
			"from": [9.1875, 8.875, 7.875],
			"to": [9.4375, 9, 8.125],
			"rotation": {"angle": 0, "axis": "y", "origin": [0.4375, 0, 7.9375]},
			"faces": {
				"north": {"uv": [9.5, 7, 9.25, 7.125], "texture": "#1"},
				"east": {"uv": [9.375, 7, 9.5, 7.125], "texture": "#1"},
				"south": {"uv": [9.25, 7, 9.5, 7.125], "texture": "#1"},
				"west": {"uv": [9.25, 7, 9.375, 7.125], "texture": "#1"},
				"up": {"uv": [9.25, 7, 9.5, 7.125], "texture": "#1"},
				"down": {"uv": [9.25, 7, 9.5, 7.125], "texture": "#1"}
			}
		},
		{
			"name": "black_iron_clobberer_48",
			"from": [6.8125, 8.75, 7.875],
			"to": [7.1875, 8.875, 8.125],
			"rotation": {"angle": 0, "axis": "y", "origin": [0.4375, 0, 7.9375]},
			"faces": {
				"north": {"uv": [6.25, 7.125, 5.875, 7.25], "texture": "#1"},
				"east": {"uv": [6.125, 7.125, 6.25, 7.25], "texture": "#1"},
				"south": {"uv": [5.875, 7.125, 6.25, 7.25], "texture": "#1"},
				"west": {"uv": [5.875, 7.125, 6, 7.25], "texture": "#1"},
				"up": {"uv": [5.875, 7.125, 6.25, 7.25], "texture": "#1"},
				"down": {"uv": [5.875, 7.125, 6.25, 7.25], "texture": "#1"}
			}
		},
		{
			"name": "black_iron_clobberer_49",
			"from": [6.8125, 7.875, 7.875],
			"to": [7.1875, 8.125, 8.125],
			"rotation": {"angle": 0, "axis": "y", "origin": [0.4375, 0, 7.9375]},
			"faces": {
				"north": {"uv": [6.25, 7.875, 5.875, 8.125], "texture": "#1"},
				"east": {"uv": [6.125, 7.875, 6.25, 8.125], "texture": "#1"},
				"south": {"uv": [5.875, 7.875, 6.25, 8.125], "texture": "#1"},
				"west": {"uv": [5.875, 7.875, 6, 8.125], "texture": "#1"},
				"up": {"uv": [5.875, 7.875, 6.25, 8], "texture": "#1"},
				"down": {"uv": [5.875, 8, 6.25, 8.125], "texture": "#1"}
			}
		},
		{
			"name": "black_iron_clobberer_50",
			"from": [8.8125, 7.875, 7.875],
			"to": [9.1875, 8.125, 8.125],
			"rotation": {"angle": 0, "axis": "y", "origin": [0.4375, 0, 7.9375]},
			"faces": {
				"north": {"uv": [9.25, 7.875, 8.875, 8.125], "texture": "#1"},
				"east": {"uv": [9.125, 7.875, 9.25, 8.125], "texture": "#1"},
				"south": {"uv": [8.875, 7.875, 9.25, 8.125], "texture": "#1"},
				"west": {"uv": [8.875, 7.875, 9, 8.125], "texture": "#1"},
				"up": {"uv": [8.875, 7.875, 9.25, 8], "texture": "#1"},
				"down": {"uv": [8.875, 8, 9.25, 8.125], "texture": "#1"}
			}
		},
		{
			"name": "black_iron_clobberer_51",
			"from": [6.5625, 7.875, 7.875],
			"to": [6.8125, 8, 8.125],
			"rotation": {"angle": 0, "axis": "y", "origin": [0.4375, 0, 7.9375]},
			"faces": {
				"north": {"uv": [5.875, 8, 5.625, 8.125], "texture": "#1"},
				"east": {"uv": [5.75, 8, 5.875, 8.125], "texture": "#1"},
				"south": {"uv": [5.625, 8, 5.875, 8.125], "texture": "#1"},
				"west": {"uv": [5.625, 8, 5.75, 8.125], "texture": "#1"},
				"up": {"uv": [5.625, 8, 5.875, 8.125], "texture": "#1"},
				"down": {"uv": [5.625, 8, 5.875, 8.125], "texture": "#1"}
			}
		},
		{
			"name": "black_iron_clobberer_52",
			"from": [9.1875, 7.875, 7.875],
			"to": [9.4375, 8, 8.125],
			"rotation": {"angle": 0, "axis": "y", "origin": [0.4375, 0, 7.9375]},
			"faces": {
				"north": {"uv": [9.5, 8, 9.25, 8.125], "texture": "#1"},
				"east": {"uv": [9.375, 8, 9.5, 8.125], "texture": "#1"},
				"south": {"uv": [9.25, 8, 9.5, 8.125], "texture": "#1"},
				"west": {"uv": [9.25, 8, 9.375, 8.125], "texture": "#1"},
				"up": {"uv": [9.25, 8, 9.5, 8.125], "texture": "#1"},
				"down": {"uv": [9.25, 8, 9.5, 8.125], "texture": "#1"}
			}
		},
		{
			"name": "black_iron_clobberer_53",
			"from": [6.3125, 7.5, 7.8125],
			"to": [7.1875, 7.875, 8.1875],
			"rotation": {"angle": 0, "axis": "y", "origin": [0.4375, 0, 7.9375]},
			"faces": {
				"north": {"uv": [5.5, 8.125, 4.625, 8.5], "texture": "#1"},
				"east": {"uv": [5.375, 8.125, 5.5, 8.5], "texture": "#1"},
				"south": {"uv": [4.625, 8.125, 5.5, 8.5], "texture": "#1"},
				"west": {"uv": [4.625, 8.125, 4.75, 8.5], "texture": "#1"},
				"up": {"uv": [4.625, 8.125, 5.5, 8.25], "texture": "#1"},
				"down": {"uv": [4.625, 8.375, 5.5, 8.5], "texture": "#1"}
			}
		},
		{
			"name": "black_iron_clobberer_54",
			"from": [8.8125, 7.5, 7.8125],
			"to": [9.6875, 7.875, 8.1875],
			"rotation": {"angle": 0, "axis": "y", "origin": [0.4375, 0, 7.9375]},
			"faces": {
				"north": {"uv": [10.5, 8.125, 9.625, 8.5], "texture": "#1"},
				"east": {"uv": [10.375, 8.125, 10.5, 8.5], "texture": "#1"},
				"south": {"uv": [9.625, 8.125, 10.5, 8.5], "texture": "#1"},
				"west": {"uv": [9.625, 8.125, 9.75, 8.5], "texture": "#1"},
				"up": {"uv": [9.625, 8.125, 10.5, 8.25], "texture": "#1"},
				"down": {"uv": [9.625, 8.375, 10.5, 8.5], "texture": "#1"}
			}
		},
		{
			"name": "black_iron_clobberer_55",
			"from": [6.0625, 7.625, 7.8125],
			"to": [6.3125, 7.75, 8.1875],
			"rotation": {"angle": 0, "axis": "y", "origin": [0.4375, 0, 7.9375]},
			"faces": {
				"north": {"uv": [4.625, 8.25, 4.375, 8.375], "texture": "#1"},
				"east": {"uv": [4.5, 8.25, 4.625, 8.375], "texture": "#1"},
				"south": {"uv": [4.375, 8.25, 4.625, 8.375], "texture": "#1"},
				"west": {"uv": [4.375, 8.25, 4.5, 8.375], "texture": "#1"},
				"up": {"uv": [4.375, 8.25, 4.625, 8.375], "texture": "#1"},
				"down": {"uv": [4.375, 8.25, 4.625, 8.375], "texture": "#1"}
			}
		},
		{
			"name": "black_iron_clobberer_56",
			"from": [9.6875, 7.625, 7.8125],
			"to": [9.9375, 7.75, 8.1875],
			"rotation": {"angle": 0, "axis": "y", "origin": [0.4375, 0, 7.9375]},
			"faces": {
				"north": {"uv": [10.75, 8.25, 10.5, 8.375], "texture": "#1"},
				"east": {"uv": [10.625, 8.25, 10.75, 8.375], "texture": "#1"},
				"south": {"uv": [10.5, 8.25, 10.75, 8.375], "texture": "#1"},
				"west": {"uv": [10.5, 8.25, 10.625, 8.375], "texture": "#1"},
				"up": {"uv": [10.5, 8.25, 10.75, 8.375], "texture": "#1"},
				"down": {"uv": [10.5, 8.25, 10.75, 8.375], "texture": "#1"}
			}
		},
		{
			"name": "black_iron_clobberer_57",
			"from": [6.5625, 7.375, 7.875],
			"to": [7.1875, 7.5, 8.125],
			"rotation": {"angle": 0, "axis": "y", "origin": [0.4375, 0, 7.9375]},
			"faces": {
				"north": {"uv": [6.25, 8.5, 5.625, 8.625], "texture": "#1"},
				"east": {"uv": [6.125, 8.5, 6.25, 8.625], "texture": "#1"},
				"south": {"uv": [5.625, 8.5, 6.25, 8.625], "texture": "#1"},
				"west": {"uv": [5.625, 8.5, 5.75, 8.625], "texture": "#1"},
				"up": {"uv": [5.625, 8.5, 6.25, 8.625], "texture": "#1"},
				"down": {"uv": [5.625, 8.5, 6.25, 8.625], "texture": "#1"}
			}
		},
		{
			"name": "black_iron_clobberer_58",
			"from": [8.8125, 7.25, 7.875],
			"to": [9.1875, 7.5, 8.125],
			"rotation": {"angle": 0, "axis": "y", "origin": [0.4375, 0, 7.9375]},
			"faces": {
				"north": {"uv": [9.25, 8.5, 8.875, 8.75], "texture": "#1"},
				"east": {"uv": [9.125, 8.5, 9.25, 8.75], "texture": "#1"},
				"south": {"uv": [8.875, 8.5, 9.25, 8.75], "texture": "#1"},
				"west": {"uv": [8.875, 8.5, 9, 8.75], "texture": "#1"},
				"up": {"uv": [8.875, 8.5, 9.25, 8.625], "texture": "#1"},
				"down": {"uv": [8.875, 8.625, 9.25, 8.75], "texture": "#1"}
			}
		},
		{
			"name": "black_iron_clobberer_59",
			"from": [9.1875, 7.375, 7.875],
			"to": [9.4375, 7.5, 8.125],
			"rotation": {"angle": 0, "axis": "y", "origin": [0.4375, 0, 7.9375]},
			"faces": {
				"north": {"uv": [9.5, 8.5, 9.25, 8.625], "texture": "#1"},
				"east": {"uv": [9.375, 8.5, 9.5, 8.625], "texture": "#1"},
				"south": {"uv": [9.25, 8.5, 9.5, 8.625], "texture": "#1"},
				"west": {"uv": [9.25, 8.5, 9.375, 8.625], "texture": "#1"},
				"up": {"uv": [9.25, 8.5, 9.5, 8.625], "texture": "#1"},
				"down": {"uv": [9.25, 8.5, 9.5, 8.625], "texture": "#1"}
			}
		},
		{
			"name": "black_iron_clobberer_60",
			"from": [6.8125, 7.25, 7.875],
			"to": [7.1875, 7.375, 8.125],
			"rotation": {"angle": 0, "axis": "y", "origin": [0.4375, 0, 7.9375]},
			"faces": {
				"north": {"uv": [6.25, 8.625, 5.875, 8.75], "texture": "#1"},
				"east": {"uv": [6.125, 8.625, 6.25, 8.75], "texture": "#1"},
				"south": {"uv": [5.875, 8.625, 6.25, 8.75], "texture": "#1"},
				"west": {"uv": [5.875, 8.625, 6, 8.75], "texture": "#1"},
				"up": {"uv": [5.875, 8.625, 6.25, 8.75], "texture": "#1"},
				"down": {"uv": [5.875, 8.625, 6.25, 8.75], "texture": "#1"}
			}
		},
		{
			"name": "black_iron_clobberer_61",
			"from": [6.8125, 6.375, 7.875],
			"to": [7.1875, 6.625, 8.125],
			"rotation": {"angle": 0, "axis": "y", "origin": [0.4375, 0, 7.9375]},
			"faces": {
				"north": {"uv": [6.25, 9.375, 5.875, 9.625], "texture": "#1"},
				"east": {"uv": [6.125, 9.375, 6.25, 9.625], "texture": "#1"},
				"south": {"uv": [5.875, 9.375, 6.25, 9.625], "texture": "#1"},
				"west": {"uv": [5.875, 9.375, 6, 9.625], "texture": "#1"},
				"up": {"uv": [5.875, 9.375, 6.25, 9.5], "texture": "#1"},
				"down": {"uv": [5.875, 9.5, 6.25, 9.625], "texture": "#1"}
			}
		},
		{
			"name": "black_iron_clobberer_62",
			"from": [8.8125, 6.375, 7.875],
			"to": [9.1875, 6.625, 8.125],
			"rotation": {"angle": 0, "axis": "y", "origin": [0.4375, 0, 7.9375]},
			"faces": {
				"north": {"uv": [9.25, 9.375, 8.875, 9.625], "texture": "#1"},
				"east": {"uv": [9.125, 9.375, 9.25, 9.625], "texture": "#1"},
				"south": {"uv": [8.875, 9.375, 9.25, 9.625], "texture": "#1"},
				"west": {"uv": [8.875, 9.375, 9, 9.625], "texture": "#1"},
				"up": {"uv": [8.875, 9.375, 9.25, 9.5], "texture": "#1"},
				"down": {"uv": [8.875, 9.5, 9.25, 9.625], "texture": "#1"}
			}
		},
		{
			"name": "black_iron_clobberer_63",
			"from": [6.5625, 6.375, 7.875],
			"to": [6.8125, 6.5, 8.125],
			"rotation": {"angle": 0, "axis": "y", "origin": [0.4375, 0, 7.9375]},
			"faces": {
				"north": {"uv": [5.875, 9.5, 5.625, 9.625], "texture": "#1"},
				"east": {"uv": [5.75, 9.5, 5.875, 9.625], "texture": "#1"},
				"south": {"uv": [5.625, 9.5, 5.875, 9.625], "texture": "#1"},
				"west": {"uv": [5.625, 9.5, 5.75, 9.625], "texture": "#1"},
				"up": {"uv": [5.625, 9.5, 5.875, 9.625], "texture": "#1"},
				"down": {"uv": [5.625, 9.5, 5.875, 9.625], "texture": "#1"}
			}
		},
		{
			"name": "black_iron_clobberer_64",
			"from": [9.1875, 6.375, 7.875],
			"to": [9.4375, 6.5, 8.125],
			"rotation": {"angle": 0, "axis": "y", "origin": [0.4375, 0, 7.9375]},
			"faces": {
				"north": {"uv": [9.5, 9.5, 9.25, 9.625], "texture": "#1"},
				"east": {"uv": [9.375, 9.5, 9.5, 9.625], "texture": "#1"},
				"south": {"uv": [9.25, 9.5, 9.5, 9.625], "texture": "#1"},
				"west": {"uv": [9.25, 9.5, 9.375, 9.625], "texture": "#1"},
				"up": {"uv": [9.25, 9.5, 9.5, 9.625], "texture": "#1"},
				"down": {"uv": [9.25, 9.5, 9.5, 9.625], "texture": "#1"}
			}
		},
		{
			"name": "black_iron_clobberer_65",
			"from": [6.3125, 6, 7.8125],
			"to": [7.1875, 6.375, 8.1875],
			"rotation": {"angle": 0, "axis": "y", "origin": [0.4375, 0, 7.9375]},
			"faces": {
				"north": {"uv": [5.5, 9.625, 4.625, 10], "texture": "#1"},
				"east": {"uv": [5.375, 9.625, 5.5, 10], "texture": "#1"},
				"south": {"uv": [4.625, 9.625, 5.5, 10], "texture": "#1"},
				"west": {"uv": [4.625, 9.625, 4.75, 10], "texture": "#1"},
				"up": {"uv": [4.625, 9.625, 5.5, 9.75], "texture": "#1"},
				"down": {"uv": [4.625, 9.875, 5.5, 10], "texture": "#1"}
			}
		},
		{
			"name": "black_iron_clobberer_66",
			"from": [8.8125, 6, 7.8125],
			"to": [9.6875, 6.375, 8.1875],
			"rotation": {"angle": 0, "axis": "y", "origin": [0.4375, 0, 7.9375]},
			"faces": {
				"north": {"uv": [10.5, 9.625, 9.625, 10], "texture": "#1"},
				"east": {"uv": [10.375, 9.625, 10.5, 10], "texture": "#1"},
				"south": {"uv": [9.625, 9.625, 10.5, 10], "texture": "#1"},
				"west": {"uv": [9.625, 9.625, 9.75, 10], "texture": "#1"},
				"up": {"uv": [9.625, 9.625, 10.5, 9.75], "texture": "#1"},
				"down": {"uv": [9.625, 9.875, 10.5, 10], "texture": "#1"}
			}
		},
		{
			"name": "black_iron_clobberer_67",
			"from": [6.0625, 6.125, 7.8125],
			"to": [6.3125, 6.25, 8.1875],
			"rotation": {"angle": 0, "axis": "y", "origin": [0.4375, 0, 7.9375]},
			"faces": {
				"north": {"uv": [4.625, 9.75, 4.375, 9.875], "texture": "#1"},
				"east": {"uv": [4.5, 9.75, 4.625, 9.875], "texture": "#1"},
				"south": {"uv": [4.375, 9.75, 4.625, 9.875], "texture": "#1"},
				"west": {"uv": [4.375, 9.75, 4.5, 9.875], "texture": "#1"},
				"up": {"uv": [4.375, 9.75, 4.625, 9.875], "texture": "#1"},
				"down": {"uv": [4.375, 9.75, 4.625, 9.875], "texture": "#1"}
			}
		},
		{
			"name": "black_iron_clobberer_68",
			"from": [9.6875, 6.125, 7.8125],
			"to": [9.9375, 6.25, 8.1875],
			"rotation": {"angle": 0, "axis": "y", "origin": [0.4375, 0, 7.9375]},
			"faces": {
				"north": {"uv": [10.75, 9.75, 10.5, 9.875], "texture": "#1"},
				"east": {"uv": [10.625, 9.75, 10.75, 9.875], "texture": "#1"},
				"south": {"uv": [10.5, 9.75, 10.75, 9.875], "texture": "#1"},
				"west": {"uv": [10.5, 9.75, 10.625, 9.875], "texture": "#1"},
				"up": {"uv": [10.5, 9.75, 10.75, 9.875], "texture": "#1"},
				"down": {"uv": [10.5, 9.75, 10.75, 9.875], "texture": "#1"}
			}
		},
		{
			"name": "black_iron_clobberer_69",
			"from": [6.5625, 5.875, 7.875],
			"to": [7.1875, 6, 8.125],
			"rotation": {"angle": 0, "axis": "y", "origin": [0.4375, 0, 7.9375]},
			"faces": {
				"north": {"uv": [6.25, 10, 5.625, 10.125], "texture": "#1"},
				"east": {"uv": [6.125, 10, 6.25, 10.125], "texture": "#1"},
				"south": {"uv": [5.625, 10, 6.25, 10.125], "texture": "#1"},
				"west": {"uv": [5.625, 10, 5.75, 10.125], "texture": "#1"},
				"up": {"uv": [5.625, 10, 6.25, 10.125], "texture": "#1"},
				"down": {"uv": [5.625, 10, 6.25, 10.125], "texture": "#1"}
			}
		},
		{
			"name": "black_iron_clobberer_70",
			"from": [8.8125, 5.75, 7.875],
			"to": [9.1875, 6, 8.125],
			"rotation": {"angle": 0, "axis": "y", "origin": [0.4375, 0, 7.9375]},
			"faces": {
				"north": {"uv": [9.25, 10, 8.875, 10.25], "texture": "#1"},
				"east": {"uv": [9.125, 10, 9.25, 10.25], "texture": "#1"},
				"south": {"uv": [8.875, 10, 9.25, 10.25], "texture": "#1"},
				"west": {"uv": [8.875, 10, 9, 10.25], "texture": "#1"},
				"up": {"uv": [8.875, 10, 9.25, 10.125], "texture": "#1"},
				"down": {"uv": [8.875, 10.125, 9.25, 10.25], "texture": "#1"}
			}
		},
		{
			"name": "black_iron_clobberer_71",
			"from": [9.1875, 5.875, 7.875],
			"to": [9.4375, 6, 8.125],
			"rotation": {"angle": 0, "axis": "y", "origin": [0.4375, 0, 7.9375]},
			"faces": {
				"north": {"uv": [9.5, 10, 9.25, 10.125], "texture": "#1"},
				"east": {"uv": [9.375, 10, 9.5, 10.125], "texture": "#1"},
				"south": {"uv": [9.25, 10, 9.5, 10.125], "texture": "#1"},
				"west": {"uv": [9.25, 10, 9.375, 10.125], "texture": "#1"},
				"up": {"uv": [9.25, 10, 9.5, 10.125], "texture": "#1"},
				"down": {"uv": [9.25, 10, 9.5, 10.125], "texture": "#1"}
			}
		},
		{
			"name": "black_iron_clobberer_72",
			"from": [6.8125, 5.75, 7.875],
			"to": [7.1875, 5.875, 8.125],
			"rotation": {"angle": 0, "axis": "y", "origin": [0.4375, 0, 7.9375]},
			"faces": {
				"north": {"uv": [6.25, 10.125, 5.875, 10.25], "texture": "#1"},
				"east": {"uv": [6.125, 10.125, 6.25, 10.25], "texture": "#1"},
				"south": {"uv": [5.875, 10.125, 6.25, 10.25], "texture": "#1"},
				"west": {"uv": [5.875, 10.125, 6, 10.25], "texture": "#1"},
				"up": {"uv": [5.875, 10.125, 6.25, 10.25], "texture": "#1"},
				"down": {"uv": [5.875, 10.125, 6.25, 10.25], "texture": "#1"}
			}
		},
		{
			"name": "black_iron_clobberer_73",
			"from": [7.3125, 5.375, 7.5625],
			"to": [8.6875, 5.5, 8.4375],
			"rotation": {"angle": 0, "axis": "y", "origin": [0.4375, 0, 7.9375]},
			"faces": {
				"north": {"uv": [12.75, 10.5, 11.375, 10.625], "texture": "#1"},
				"east": {"uv": [12.625, 10.5, 12.75, 10.625], "texture": "#1"},
				"south": {"uv": [11.375, 10.5, 12.75, 10.625], "texture": "#1"},
				"west": {"uv": [11.375, 10.5, 11.5, 10.625], "texture": "#1"},
				"up": {"uv": [11.375, 10.5, 12.75, 10.625], "texture": "#1"},
				"down": {"uv": [11.375, 10.5, 12.75, 10.625], "texture": "#1"}
			}
		},
		{
			"name": "black_iron_clobberer_74",
			"from": [7.1875, 5, 7.4375],
			"to": [8.8125, 5.375, 8.5625],
			"rotation": {"angle": 0, "axis": "y", "origin": [0.4375, 0, 7.9375]},
			"faces": {
				"north": {"uv": [2.75, 10.625, 1.125, 11], "texture": "#1"},
				"east": {"uv": [2.625, 10.625, 2.75, 11], "texture": "#1"},
				"south": {"uv": [1.125, 10.625, 2.75, 11], "texture": "#1"},
				"west": {"uv": [1.125, 10.625, 1.25, 11], "texture": "#1"},
				"up": {"uv": [1.125, 10.625, 2.75, 10.75], "texture": "#1"},
				"down": {"uv": [1.125, 10.875, 2.75, 11], "texture": "#1"}
			}
		},
		{
			"name": "black_iron_clobberer_75",
			"from": [7.3125, 4.875, 7.5625],
			"to": [8.6875, 5, 8.4375],
			"rotation": {"angle": 0, "axis": "y", "origin": [0.4375, 0, 7.9375]},
			"faces": {
				"north": {"uv": [8.25, 11, 6.875, 11.125], "texture": "#1"},
				"east": {"uv": [8.125, 11, 8.25, 11.125], "texture": "#1"},
				"south": {"uv": [6.875, 11, 8.25, 11.125], "texture": "#1"},
				"west": {"uv": [6.875, 11, 7, 11.125], "texture": "#1"},
				"up": {"uv": [6.875, 11, 8.25, 11.125], "texture": "#1"},
				"down": {"uv": [6.875, 11, 8.25, 11.125], "texture": "#1"}
			}
		},
		{
			"name": "black_iron_clobberer_76",
			"from": [7.8125, 4.75, 7.8125],
			"to": [8.1875, 4.875, 8.1875],
			"rotation": {"angle": 0, "axis": "y", "origin": [0.4375, 0, 7.9375]},
			"faces": {
				"north": {"uv": [9.5, 11.125, 9.125, 11.25], "texture": "#1"},
				"east": {"uv": [9.375, 11.125, 9.5, 11.25], "texture": "#1"},
				"south": {"uv": [9.125, 11.125, 9.5, 11.25], "texture": "#1"},
				"west": {"uv": [9.125, 11.125, 9.25, 11.25], "texture": "#1"},
				"up": {"uv": [9.125, 11.125, 9.5, 11.25], "texture": "#1"},
				"down": {"uv": [9.125, 11.125, 9.5, 11.25], "texture": "#1"}
			}
		},
		{
			"name": "black_iron_clobberer_77",
			"from": [7.6875, 4.625, 7.75],
			"to": [8.3125, 4.75, 8.25],
			"rotation": {"angle": 0, "axis": "y", "origin": [0.4375, 0, 7.9375]},
			"faces": {
				"north": {"uv": [10.875, 11.25, 10.25, 11.375], "texture": "#1"},
				"east": {"uv": [10.75, 11.25, 10.875, 11.375], "texture": "#1"},
				"south": {"uv": [10.25, 11.25, 10.875, 11.375], "texture": "#1"},
				"west": {"uv": [10.25, 11.25, 10.375, 11.375], "texture": "#1"},
				"up": {"uv": [10.25, 11.25, 10.875, 11.375], "texture": "#1"},
				"down": {"uv": [10.25, 11.25, 10.875, 11.375], "texture": "#1"}
			}
		},
		{
			"name": "black_iron_clobberer_78",
			"from": [7.8125, 4, 7.8125],
			"to": [8.1875, 4.625, 8.1875],
			"rotation": {"angle": 0, "axis": "y", "origin": [0.4375, 0, 7.9375]},
			"faces": {
				"north": {"uv": [9.5, 11.375, 9.125, 12], "texture": "#1"},
				"east": {"uv": [9.375, 11.375, 9.5, 12], "texture": "#1"},
				"south": {"uv": [9.125, 11.375, 9.5, 12], "texture": "#1"},
				"west": {"uv": [9.125, 11.375, 9.25, 12], "texture": "#1"},
				"up": {"uv": [9.125, 11.375, 9.5, 11.5], "texture": "#1"},
				"down": {"uv": [9.125, 11.875, 9.5, 12], "texture": "#1"}
			}
		},
		{
			"name": "black_iron_clobberer_79",
			"from": [7.6875, 3.875, 7.75],
			"to": [8.3125, 4, 8.25],
			"rotation": {"angle": 0, "axis": "y", "origin": [0.4375, 0, 7.9375]},
			"faces": {
				"north": {"uv": [10.875, 12, 10.25, 12.125], "texture": "#1"},
				"east": {"uv": [10.75, 12, 10.875, 12.125], "texture": "#1"},
				"south": {"uv": [10.25, 12, 10.875, 12.125], "texture": "#1"},
				"west": {"uv": [10.25, 12, 10.375, 12.125], "texture": "#1"},
				"up": {"uv": [10.25, 12, 10.875, 12.125], "texture": "#1"},
				"down": {"uv": [10.25, 12, 10.875, 12.125], "texture": "#1"}
			}
		},
		{
			"name": "black_iron_clobberer_80",
			"from": [7.8125, 3.25, 7.8125],
			"to": [8.1875, 3.875, 8.1875],
			"rotation": {"angle": 0, "axis": "y", "origin": [0.4375, 0, 7.9375]},
			"faces": {
				"north": {"uv": [9.5, 12.125, 9.125, 12.75], "texture": "#1"},
				"east": {"uv": [9.375, 12.125, 9.5, 12.75], "texture": "#1"},
				"south": {"uv": [9.125, 12.125, 9.5, 12.75], "texture": "#1"},
				"west": {"uv": [9.125, 12.125, 9.25, 12.75], "texture": "#1"},
				"up": {"uv": [9.125, 12.125, 9.5, 12.25], "texture": "#1"},
				"down": {"uv": [9.125, 12.625, 9.5, 12.75], "texture": "#1"}
			}
		},
		{
			"name": "black_iron_clobberer_81",
			"from": [7.6875, 3.125, 7.75],
			"to": [8.3125, 3.25, 8.25],
			"rotation": {"angle": 0, "axis": "y", "origin": [0.4375, 0, 7.9375]},
			"faces": {
				"north": {"uv": [10.875, 12.75, 10.25, 12.875], "texture": "#1"},
				"east": {"uv": [10.75, 12.75, 10.875, 12.875], "texture": "#1"},
				"south": {"uv": [10.25, 12.75, 10.875, 12.875], "texture": "#1"},
				"west": {"uv": [10.25, 12.75, 10.375, 12.875], "texture": "#1"},
				"up": {"uv": [10.25, 12.75, 10.875, 12.875], "texture": "#1"},
				"down": {"uv": [10.25, 12.75, 10.875, 12.875], "texture": "#1"}
			}
		},
		{
			"name": "black_iron_clobberer_82",
			"from": [7.8125, 2.5, 7.8125],
			"to": [8.1875, 3.125, 8.1875],
			"rotation": {"angle": 0, "axis": "y", "origin": [0.4375, 0, 7.9375]},
			"faces": {
				"north": {"uv": [9.5, 12.875, 9.125, 13.5], "texture": "#1"},
				"east": {"uv": [9.375, 12.875, 9.5, 13.5], "texture": "#1"},
				"south": {"uv": [9.125, 12.875, 9.5, 13.5], "texture": "#1"},
				"west": {"uv": [9.125, 12.875, 9.25, 13.5], "texture": "#1"},
				"up": {"uv": [9.125, 12.875, 9.5, 13], "texture": "#1"},
				"down": {"uv": [9.125, 13.375, 9.5, 13.5], "texture": "#1"}
			}
		},
		{
			"name": "black_iron_clobberer_83",
			"from": [7.6875, 2.375, 7.75],
			"to": [8.3125, 2.5, 8.25],
			"rotation": {"angle": 0, "axis": "y", "origin": [0.4375, 0, 7.9375]},
			"faces": {
				"north": {"uv": [10.875, 13.5, 10.25, 13.625], "texture": "#1"},
				"east": {"uv": [10.75, 13.5, 10.875, 13.625], "texture": "#1"},
				"south": {"uv": [10.25, 13.5, 10.875, 13.625], "texture": "#1"},
				"west": {"uv": [10.25, 13.5, 10.375, 13.625], "texture": "#1"},
				"up": {"uv": [10.25, 13.5, 10.875, 13.625], "texture": "#1"},
				"down": {"uv": [10.25, 13.5, 10.875, 13.625], "texture": "#1"}
			}
		},
		{
			"name": "black_iron_clobberer_84",
			"from": [7.8125, 1.75, 7.8125],
			"to": [8.1875, 2.375, 8.1875],
			"rotation": {"angle": 0, "axis": "y", "origin": [0.4375, 0, 7.9375]},
			"faces": {
				"north": {"uv": [9.5, 13.625, 9.125, 14.25], "texture": "#1"},
				"east": {"uv": [9.375, 13.625, 9.5, 14.25], "texture": "#1"},
				"south": {"uv": [9.125, 13.625, 9.5, 14.25], "texture": "#1"},
				"west": {"uv": [9.125, 13.625, 9.25, 14.25], "texture": "#1"},
				"up": {"uv": [9.125, 13.625, 9.5, 13.75], "texture": "#1"},
				"down": {"uv": [9.125, 14.125, 9.5, 14.25], "texture": "#1"}
			}
		},
		{
			"name": "black_iron_clobberer_85",
			"from": [7.6875, 1.625, 7.75],
			"to": [8.3125, 1.75, 8.25],
			"rotation": {"angle": 0, "axis": "y", "origin": [0.4375, 0, 7.9375]},
			"faces": {
				"north": {"uv": [10.875, 14.25, 10.25, 14.375], "texture": "#1"},
				"east": {"uv": [10.75, 14.25, 10.875, 14.375], "texture": "#1"},
				"south": {"uv": [10.25, 14.25, 10.875, 14.375], "texture": "#1"},
				"west": {"uv": [10.25, 14.25, 10.375, 14.375], "texture": "#1"},
				"up": {"uv": [10.25, 14.25, 10.875, 14.375], "texture": "#1"},
				"down": {"uv": [10.25, 14.25, 10.875, 14.375], "texture": "#1"}
			}
		},
		{
			"name": "black_iron_clobberer_86",
			"from": [7.8125, 1, 7.8125],
			"to": [8.1875, 1.625, 8.1875],
			"rotation": {"angle": 0, "axis": "y", "origin": [0.4375, 0, 7.9375]},
			"faces": {
				"north": {"uv": [9.5, 14.375, 9.125, 15], "texture": "#1"},
				"east": {"uv": [9.375, 14.375, 9.5, 15], "texture": "#1"},
				"south": {"uv": [9.125, 14.375, 9.5, 15], "texture": "#1"},
				"west": {"uv": [9.125, 14.375, 9.25, 15], "texture": "#1"},
				"up": {"uv": [9.125, 14.375, 9.5, 14.5], "texture": "#1"},
				"down": {"uv": [9.125, 14.875, 9.5, 15], "texture": "#1"}
			}
		},
		{
			"name": "black_iron_clobberer_87",
			"from": [7.4375, 0.5, 7.6875],
			"to": [8.5625, 1, 8.3125],
			"rotation": {"angle": 0, "axis": "y", "origin": [0.4375, 0, 7.9375]},
			"faces": {
				"north": {"uv": [8.125, 15, 7, 15.5], "texture": "#1"},
				"east": {"uv": [8, 15, 8.125, 15.5], "texture": "#1"},
				"south": {"uv": [7, 15, 8.125, 15.5], "texture": "#1"},
				"west": {"uv": [7, 15, 7.125, 15.5], "texture": "#1"},
				"up": {"uv": [7, 15, 8.125, 15.125], "texture": "#1"},
				"down": {"uv": [7, 15.375, 8.125, 15.5], "texture": "#1"}
			}
		},
		{
			"name": "black_iron_clobberer_88",
			"from": [7.3125, 0.5, 7.6875],
			"to": [7.4375, 0.875, 8.3125],
			"rotation": {"angle": 0, "axis": "y", "origin": [0.4375, 0, 7.9375]},
			"faces": {
				"north": {"uv": [7, 15.125, 6.875, 15.5], "texture": "#1"},
				"east": {"uv": [6.875, 15.125, 7, 15.5], "texture": "#1"},
				"south": {"uv": [6.875, 15.125, 7, 15.5], "texture": "#1"},
				"west": {"uv": [6.875, 15.125, 7, 15.5], "texture": "#1"},
				"up": {"uv": [6.875, 15.125, 7, 15.25], "texture": "#1"},
				"down": {"uv": [6.875, 15.375, 7, 15.5], "texture": "#1"}
			}
		},
		{
			"name": "black_iron_clobberer_89",
			"from": [8.5625, 0.5, 7.6875],
			"to": [8.6875, 0.875, 8.3125],
			"rotation": {"angle": 0, "axis": "y", "origin": [0.4375, 0, 7.9375]},
			"faces": {
				"north": {"uv": [8.25, 15.125, 8.125, 15.5], "texture": "#1"},
				"east": {"uv": [8.125, 15.125, 8.25, 15.5], "texture": "#1"},
				"south": {"uv": [8.125, 15.125, 8.25, 15.5], "texture": "#1"},
				"west": {"uv": [8.125, 15.125, 8.25, 15.5], "texture": "#1"},
				"up": {"uv": [8.125, 15.125, 8.25, 15.25], "texture": "#1"},
				"down": {"uv": [8.125, 15.375, 8.25, 15.5], "texture": "#1"}
			}
		},
		{
			"name": "black_iron_clobberer_90",
			"from": [7.4375, 0.375, 7.8125],
			"to": [8.5625, 0.5, 8.1875],
			"rotation": {"angle": 0, "axis": "y", "origin": [0.4375, 0, 7.9375]},
			"faces": {
				"north": {"uv": [10.625, 15.5, 9.5, 15.625], "texture": "#1"},
				"east": {"uv": [10.5, 15.5, 10.625, 15.625], "texture": "#1"},
				"south": {"uv": [9.5, 15.5, 10.625, 15.625], "texture": "#1"},
				"west": {"uv": [9.5, 15.5, 9.625, 15.625], "texture": "#1"},
				"up": {"uv": [9.5, 15.5, 10.625, 15.625], "texture": "#1"},
				"down": {"uv": [9.5, 15.5, 10.625, 15.625], "texture": "#1"}
			}
		}
	],
	"gui_light": "front",
	"display": {
		"thirdperson_righthand": {
			"rotation": [0, -90, 0],
			"translation": [0, 10, 1.5],
			"scale": [2.4, 2.4, 2.4]
		},
		"thirdperson_lefthand": {
			"rotation": [0, -90, 0],
			"translation": [0, 10, 1.5],
			"scale": [2.4, 2.4, 2.4]
		},
		"firstperson_righthand": {
			"rotation": [-5, -90, 0],
			"translation": [-1.5, 9.75, 4.25],
			"scale": [1.4, 1.4, 1.4]
		},
		"firstperson_lefthand": {
			"rotation": [-5, -90, 0],
			"translation": [-1.5, 9.75, 4.25],
			"scale": [1.4, 1.4, 1.4]
		},
		"ground": {
			"rotation": [0, 0, 45],
			"translation": [0, 1.5, 0.25]
		},
		"gui": {
			"rotation": [0, 0, -45],
			"translation": [0.5, 0.5, 0],
			"scale": [1.4, 1.4, 1]
		},
		"head": {
			"rotation": [0, 0, 45],
			"translation": [1.25, 17.75, 0],
			"scale": [2, 2, 2]
		},
		"fixed": {
			"rotation": [0, 0, 90],
			"translation": [2.25, -0.25, -2.25],
			"scale": [4, 4, 4]
		}
	},
	"groups": [
		{
			"name": "black_iron_clobberer",
			"origin": [8.4375, 8, 15.9375],
			"color": 0,
			"children": [
				0,
				1,
				2,
				3,
				4,
				5,
				6,
				7,
				8,
				9,
				10,
				11,
				12,
				13,
				14,
				15,
				16,
				17,
				18,
				19,
				20,
				21,
				22,
				23,
				24,
				25,
				26,
				27,
				28,
				29,
				30,
				31,
				32,
				33,
				34,
				35,
				36,
				37,
				38,
				39,
				40,
				41,
				42,
				43,
				44,
				45,
				46,
				47,
				48,
				49,
				50,
				51,
				52,
				53,
				54,
				55,
				56,
				57,
				58,
				59,
				60,
				61,
				62,
				63,
				64,
				65,
				66,
				67,
				68,
				69,
				70,
				71,
				72,
				73,
				74,
				75,
				76,
				77,
				78,
				79,
				80,
				81,
				82,
				83,
				84,
				85,
				86,
				87,
				88,
				89,
				90,
				91,
				92,
				93,
				94,
				95,
				96,
				97,
				98,
				99,
				100,
				101,
				102,
				103,
				104,
				105,
				106,
				107,
				108,
				109,
				110,
				111,
				112,
				113,
				114,
				115,
				116,
				117,
				118,
				119,
				120,
				121,
				122,
				123,
				124,
				125,
				126,
				127,
				128,
				129,
				130,
				131,
				132,
				133,
				134,
				135,
				136,
				137,
				138,
				139,
				140,
				141,
				142,
				143,
				144,
				145,
				146,
				147,
				148,
				149,
				150
			]
		}
	]
}
