{
	"credit": "Made with Blockbench",
	"textures": {
		"0": "minecraft:3dsword/demonslayers_greatsword",
		"particle": "minecraft:3dsword/demonslayers_greatsword"
	},
	"elements": [
		{
			"name": "demonslayers_greatsword_0",
			"from": [7.75, 16.125, 7.65625],
			"to": [8, 17, 7.71875],
			"faces": {
				"north": {"uv": [2.75, 1, 3, 0.125], "rotation": 180, "texture": "#0"},
				"east": {"uv": [2.875, 0.125, 3, 1], "texture": "#0"},
				"south": {"uv": [2.75, 0.125, 3, 1], "texture": "#0"},
				"west": {"uv": [2.75, 0.125, 2.875, 1], "texture": "#0"},
				"up": {"uv": [3, 0.125, 2.75, 0.25], "rotation": 180, "texture": "#0"},
				"down": {"uv": [2.75, 0.875, 3, 1], "texture": "#0"}
			}
		},
		{
			"name": "demonslayers_greatsword_1",
			"from": [7.625, 15.75, 7.65625],
			"to": [7.75, 16.625, 7.71875],
			"faces": {
				"north": {"uv": [2.125, 1.5, 2.25, 0.625], "rotation": 180, "texture": "#0"},
				"east": {"uv": [2.125, 0.625, 2.25, 1.5], "texture": "#0"},
				"south": {"uv": [2.125, 0.625, 2.25, 1.5], "texture": "#0"},
				"west": {"uv": [2.125, 0.625, 2.25, 1.5], "texture": "#0"},
				"up": {"uv": [2.25, 0.625, 2.125, 0.75], "rotation": 180, "texture": "#0"},
				"down": {"uv": [2.125, 1.375, 2.25, 1.5], "texture": "#0"}
			}
		},
		{
			"name": "demonslayers_greatsword_2",
			"from": [8, 15.75, 7.65625],
			"to": [8.125, 16.625, 7.71875],
			"faces": {
				"north": {"uv": [3.5, 1.5, 3.625, 0.625], "rotation": 180, "texture": "#0"},
				"east": {"uv": [3.5, 0.625, 3.625, 1.5], "texture": "#0"},
				"south": {"uv": [3.5, 0.625, 3.625, 1.5], "texture": "#0"},
				"west": {"uv": [3.5, 0.625, 3.625, 1.5], "texture": "#0"},
				"up": {"uv": [3.625, 0.625, 3.5, 0.75], "rotation": 180, "texture": "#0"},
				"down": {"uv": [3.5, 1.375, 3.625, 1.5], "texture": "#0"}
			}
		},
		{
			"name": "demonslayers_greatsword_3",
			"from": [7.75, 7.125, 7.5],
			"to": [8, 8, 7.875],
			"faces": {
				"north": {"uv": [7.75, 1.75, 8, 0.875], "rotation": 180, "texture": "#0"},
				"east": {"uv": [7.875, 0.875, 8, 1.75], "texture": "#0"},
				"south": {"uv": [7.75, 0.875, 8, 1.75], "texture": "#0"},
				"west": {"uv": [7.75, 0.875, 7.875, 1.75], "texture": "#0"},
				"up": {"uv": [8, 0.875, 7.75, 1], "rotation": 180, "texture": "#0"},
				"down": {"uv": [7.75, 1.625, 8, 1.75], "texture": "#0"}
			}
		},
		{
			"name": "demonslayers_greatsword_4",
			"from": [7.5, 15.375, 7.65625],
			"to": [7.625, 16.25, 7.71875],
			"faces": {
				"north": {"uv": [2, 1.875, 2.125, 1], "rotation": 180, "texture": "#0"},
				"east": {"uv": [2, 1, 2.125, 1.875], "texture": "#0"},
				"south": {"uv": [2, 1, 2.125, 1.875], "texture": "#0"},
				"west": {"uv": [2, 1, 2.125, 1.875], "texture": "#0"},
				"up": {"uv": [2.125, 1, 2, 1.125], "rotation": 180, "texture": "#0"},
				"down": {"uv": [2, 1.75, 2.125, 1.875], "texture": "#0"}
			}
		},
		{
			"name": "demonslayers_greatsword_5",
			"from": [8.125, 15.375, 7.65625],
			"to": [8.25, 16.25, 7.71875],
			"faces": {
				"north": {"uv": [3.625, 1.875, 3.75, 1], "rotation": 180, "texture": "#0"},
				"east": {"uv": [3.625, 1, 3.75, 1.875], "texture": "#0"},
				"south": {"uv": [3.625, 1, 3.75, 1.875], "texture": "#0"},
				"west": {"uv": [3.625, 1, 3.75, 1.875], "texture": "#0"},
				"up": {"uv": [3.75, 1, 3.625, 1.125], "rotation": 180, "texture": "#0"},
				"down": {"uv": [3.625, 1.75, 3.75, 1.875], "texture": "#0"}
			}
		},
		{
			"name": "demonslayers_greatsword_6",
			"from": [7.75, 8, 7.59375],
			"to": [8, 16.125, 7.78125],
			"faces": {
				"north": {"uv": [2.75, 9.25, 3, 1.125], "rotation": 180, "texture": "#0"},
				"east": {"uv": [2.875, 1.125, 3, 9.25], "texture": "#0"},
				"south": {"uv": [2.75, 1.125, 3, 9.25], "texture": "#0"},
				"west": {"uv": [2.75, 1.125, 2.875, 9.25], "texture": "#0"},
				"up": {"uv": [3, 1.125, 2.75, 1.25], "rotation": 180, "texture": "#0"},
				"down": {"uv": [2.75, 9.125, 3, 9.25], "texture": "#0"}
			}
		},
		{
			"name": "demonslayers_greatsword_7",
			"from": [7.625, 7, 7.5],
			"to": [7.75, 7.75, 7.875],
			"faces": {
				"north": {"uv": [7.625, 1.875, 7.75, 1.125], "rotation": 180, "texture": "#0"},
				"east": {"uv": [7.625, 1.125, 7.75, 1.875], "texture": "#0"},
				"south": {"uv": [7.625, 1.125, 7.75, 1.875], "texture": "#0"},
				"west": {"uv": [7.625, 1.125, 7.75, 1.875], "texture": "#0"},
				"up": {"uv": [7.75, 1.125, 7.625, 1.25], "rotation": 180, "texture": "#0"},
				"down": {"uv": [7.625, 1.75, 7.75, 1.875], "texture": "#0"}
			}
		},
		{
			"name": "demonslayers_greatsword_8",
			"from": [8, 7, 7.5],
			"to": [8.125, 7.75, 7.875],
			"faces": {
				"north": {"uv": [8, 1.875, 8.125, 1.125], "rotation": 180, "texture": "#0"},
				"east": {"uv": [8, 1.125, 8.125, 1.875], "texture": "#0"},
				"south": {"uv": [8, 1.125, 8.125, 1.875], "texture": "#0"},
				"west": {"uv": [8, 1.125, 8.125, 1.875], "texture": "#0"},
				"up": {"uv": [8.125, 1.125, 8, 1.25], "rotation": 180, "texture": "#0"},
				"down": {"uv": [8, 1.75, 8.125, 1.875], "texture": "#0"}
			}
		},
		{
			"name": "demonslayers_greatsword_9",
			"from": [7.375, 9, 7.65625],
			"to": [7.5, 15.875, 7.71875],
			"faces": {
				"north": {"uv": [1.875, 8.25, 2, 1.375], "rotation": 180, "texture": "#0"},
				"east": {"uv": [1.875, 1.375, 2, 8.25], "texture": "#0"},
				"south": {"uv": [1.875, 1.375, 2, 8.25], "texture": "#0"},
				"west": {"uv": [1.875, 1.375, 2, 8.25], "texture": "#0"},
				"up": {"uv": [2, 1.375, 1.875, 1.5], "rotation": 180, "texture": "#0"},
				"down": {"uv": [1.875, 8.125, 2, 8.25], "texture": "#0"}
			}
		},
		{
			"name": "demonslayers_greatsword_10",
			"from": [8.25, 9, 7.65625],
			"to": [8.375, 15.875, 7.71875],
			"faces": {
				"north": {"uv": [3.75, 8.25, 3.875, 1.375], "rotation": 180, "texture": "#0"},
				"east": {"uv": [3.75, 1.375, 3.875, 8.25], "texture": "#0"},
				"south": {"uv": [3.75, 1.375, 3.875, 8.25], "texture": "#0"},
				"west": {"uv": [3.75, 1.375, 3.875, 8.25], "texture": "#0"},
				"up": {"uv": [3.875, 1.375, 3.75, 1.5], "rotation": 180, "texture": "#0"},
				"down": {"uv": [3.75, 8.125, 3.875, 8.25], "texture": "#0"}
			}
		},
		{
			"name": "demonslayers_greatsword_11",
			"from": [7.5, 6.875, 7.5],
			"to": [7.625, 7.5, 7.875],
			"faces": {
				"north": {"uv": [7.5, 2, 7.625, 1.375], "rotation": 180, "texture": "#0"},
				"east": {"uv": [7.5, 1.375, 7.625, 2], "texture": "#0"},
				"south": {"uv": [7.5, 1.375, 7.625, 2], "texture": "#0"},
				"west": {"uv": [7.5, 1.375, 7.625, 2], "texture": "#0"},
				"up": {"uv": [7.625, 1.375, 7.5, 1.5], "rotation": 180, "texture": "#0"},
				"down": {"uv": [7.5, 1.875, 7.625, 2], "texture": "#0"}
			}
		},
		{
			"name": "demonslayers_greatsword_12",
			"from": [8.125, 6.875, 7.5],
			"to": [8.25, 7.5, 7.875],
			"faces": {
				"north": {"uv": [8.125, 2, 8.25, 1.375], "rotation": 180, "texture": "#0"},
				"east": {"uv": [8.125, 1.375, 8.25, 2], "texture": "#0"},
				"south": {"uv": [8.125, 1.375, 8.25, 2], "texture": "#0"},
				"west": {"uv": [8.125, 1.375, 8.25, 2], "texture": "#0"},
				"up": {"uv": [8.25, 1.375, 8.125, 1.5], "rotation": 180, "texture": "#0"},
				"down": {"uv": [8.125, 1.875, 8.25, 2], "texture": "#0"}
			}
		},
		{
			"name": "demonslayers_greatsword_13",
			"from": [7.625, 7.75, 7.625],
			"to": [7.75, 15.75, 7.75],
			"faces": {
				"north": {"uv": [2.375, 9.5, 2.5, 1.5], "rotation": 180, "texture": "#0"},
				"east": {"uv": [2.375, 1.5, 2.5, 9.5], "texture": "#0"},
				"south": {"uv": [2.375, 1.5, 2.5, 9.5], "texture": "#0"},
				"west": {"uv": [2.375, 1.5, 2.5, 9.5], "texture": "#0"},
				"up": {"uv": [2.5, 1.5, 2.375, 1.625], "rotation": 180, "texture": "#0"},
				"down": {"uv": [2.375, 9.375, 2.5, 9.5], "texture": "#0"}
			}
		},
		{
			"name": "demonslayers_greatsword_14",
			"from": [8, 7.75, 7.625],
			"to": [8.125, 15.75, 7.75],
			"faces": {
				"north": {"uv": [3.25, 9.5, 3.375, 1.5], "rotation": 180, "texture": "#0"},
				"east": {"uv": [3.25, 1.5, 3.375, 9.5], "texture": "#0"},
				"south": {"uv": [3.25, 1.5, 3.375, 9.5], "texture": "#0"},
				"west": {"uv": [3.25, 1.5, 3.375, 9.5], "texture": "#0"},
				"up": {"uv": [3.375, 1.5, 3.25, 1.625], "rotation": 180, "texture": "#0"},
				"down": {"uv": [3.25, 9.375, 3.375, 9.5], "texture": "#0"}
			}
		},
		{
			"name": "demonslayers_greatsword_15",
			"from": [7.375, 7, 7.5],
			"to": [7.5, 7.25, 7.875],
			"faces": {
				"north": {"uv": [7.375, 1.875, 7.5, 1.625], "rotation": 180, "texture": "#0"},
				"east": {"uv": [7.375, 1.625, 7.5, 1.875], "texture": "#0"},
				"south": {"uv": [7.375, 1.625, 7.5, 1.875], "texture": "#0"},
				"west": {"uv": [7.375, 1.625, 7.5, 1.875], "texture": "#0"},
				"up": {"uv": [7.5, 1.625, 7.375, 1.75], "rotation": 180, "texture": "#0"},
				"down": {"uv": [7.375, 1.75, 7.5, 1.875], "texture": "#0"}
			}
		},
		{
			"name": "demonslayers_greatsword_16",
			"from": [8.25, 7, 7.5],
			"to": [8.375, 7.25, 7.875],
			"faces": {
				"north": {"uv": [8.25, 1.875, 8.375, 1.625], "rotation": 180, "texture": "#0"},
				"east": {"uv": [8.25, 1.625, 8.375, 1.875], "texture": "#0"},
				"south": {"uv": [8.25, 1.625, 8.375, 1.875], "texture": "#0"},
				"west": {"uv": [8.25, 1.625, 8.375, 1.875], "texture": "#0"},
				"up": {"uv": [8.375, 1.625, 8.25, 1.75], "rotation": 180, "texture": "#0"},
				"down": {"uv": [8.25, 1.75, 8.375, 1.875], "texture": "#0"}
			}
		},
		{
			"name": "demonslayers_greatsword_17",
			"from": [7.25, 13.625, 7.65625],
			"to": [7.375, 15.5, 7.71875],
			"faces": {
				"north": {"uv": [1.75, 3.625, 1.875, 1.75], "rotation": 180, "texture": "#0"},
				"east": {"uv": [1.75, 1.75, 1.875, 3.625], "texture": "#0"},
				"south": {"uv": [1.75, 1.75, 1.875, 3.625], "texture": "#0"},
				"west": {"uv": [1.75, 1.75, 1.875, 3.625], "texture": "#0"},
				"up": {"uv": [1.875, 1.75, 1.75, 1.875], "rotation": 180, "texture": "#0"},
				"down": {"uv": [1.75, 3.5, 1.875, 3.625], "texture": "#0"}
			}
		},
		{
			"name": "demonslayers_greatsword_18",
			"from": [8.375, 13.625, 7.65625],
			"to": [8.5, 15.5, 7.71875],
			"faces": {
				"north": {"uv": [3.875, 3.625, 4, 1.75], "rotation": 180, "texture": "#0"},
				"east": {"uv": [3.875, 1.75, 4, 3.625], "texture": "#0"},
				"south": {"uv": [3.875, 1.75, 4, 3.625], "texture": "#0"},
				"west": {"uv": [3.875, 1.75, 4, 3.625], "texture": "#0"},
				"up": {"uv": [4, 1.75, 3.875, 1.875], "rotation": 180, "texture": "#0"},
				"down": {"uv": [3.875, 3.5, 4, 3.625], "texture": "#0"}
			}
		},
		{
			"name": "demonslayers_greatsword_19",
			"from": [7.5, 7.5, 7.625],
			"to": [7.625, 15.375, 7.75],
			"faces": {
				"north": {"uv": [2.25, 9.75, 2.375, 1.875], "rotation": 180, "texture": "#0"},
				"east": {"uv": [2.25, 1.875, 2.375, 9.75], "texture": "#0"},
				"south": {"uv": [2.25, 1.875, 2.375, 9.75], "texture": "#0"},
				"west": {"uv": [2.25, 1.875, 2.375, 9.75], "texture": "#0"},
				"up": {"uv": [2.375, 1.875, 2.25, 2], "rotation": 180, "texture": "#0"},
				"down": {"uv": [2.25, 9.625, 2.375, 9.75], "texture": "#0"}
			}
		},
		{
			"name": "demonslayers_greatsword_20",
			"from": [8.125, 7.5, 7.625],
			"to": [8.25, 15.375, 7.75],
			"faces": {
				"north": {"uv": [3.375, 9.75, 3.5, 1.875], "rotation": 180, "texture": "#0"},
				"east": {"uv": [3.375, 1.875, 3.5, 9.75], "texture": "#0"},
				"south": {"uv": [3.375, 1.875, 3.5, 9.75], "texture": "#0"},
				"west": {"uv": [3.375, 1.875, 3.5, 9.75], "texture": "#0"},
				"up": {"uv": [3.5, 1.875, 3.375, 2], "rotation": 180, "texture": "#0"},
				"down": {"uv": [3.375, 9.625, 3.5, 9.75], "texture": "#0"}
			}
		},
		{
			"name": "demonslayers_greatsword_21",
			"from": [7.75, 6.625, 7.375],
			"to": [8, 7.125, 8],
			"faces": {
				"north": {"uv": [7.75, 2.5, 8, 2], "rotation": 180, "texture": "#0"},
				"east": {"uv": [7.875, 2, 8, 2.5], "texture": "#0"},
				"south": {"uv": [7.75, 2, 8, 2.5], "texture": "#0"},
				"west": {"uv": [7.75, 2, 7.875, 2.5], "texture": "#0"},
				"up": {"uv": [8, 2, 7.75, 2.125], "rotation": 180, "texture": "#0"},
				"down": {"uv": [7.75, 2.375, 8, 2.5], "texture": "#0"}
			}
		},
		{
			"name": "demonslayers_greatsword_22",
			"from": [7.125, 14.625, 7.65625],
			"to": [7.25, 15.125, 7.71875],
			"faces": {
				"north": {"uv": [1.625, 2.625, 1.75, 2.125], "rotation": 180, "texture": "#0"},
				"east": {"uv": [1.625, 2.125, 1.75, 2.625], "texture": "#0"},
				"south": {"uv": [1.625, 2.125, 1.75, 2.625], "texture": "#0"},
				"west": {"uv": [1.625, 2.125, 1.75, 2.625], "texture": "#0"},
				"up": {"uv": [1.75, 2.125, 1.625, 2.25], "rotation": 180, "texture": "#0"},
				"down": {"uv": [1.625, 2.5, 1.75, 2.625], "texture": "#0"}
			}
		},
		{
			"name": "demonslayers_greatsword_23",
			"from": [8.5, 14.625, 7.625],
			"to": [8.625, 15.125, 7.75],
			"faces": {
				"north": {"uv": [4, 2.625, 4.125, 2.125], "rotation": 180, "texture": "#0"},
				"east": {"uv": [4, 2.125, 4.125, 2.625], "texture": "#0"},
				"south": {"uv": [4, 2.125, 4.125, 2.625], "texture": "#0"},
				"west": {"uv": [4, 2.125, 4.125, 2.625], "texture": "#0"},
				"up": {"uv": [4.125, 2.125, 4, 2.25], "rotation": 180, "texture": "#0"},
				"down": {"uv": [4, 2.5, 4.125, 2.625], "texture": "#0"}
			}
		},
		{
			"name": "demonslayers_greatsword_24",
			"from": [7.625, 6.5, 7.375],
			"to": [7.75, 7, 8],
			"faces": {
				"north": {"uv": [7.625, 2.625, 7.75, 2.125], "rotation": 180, "texture": "#0"},
				"east": {"uv": [7.625, 2.125, 7.75, 2.625], "texture": "#0"},
				"south": {"uv": [7.625, 2.125, 7.75, 2.625], "texture": "#0"},
				"west": {"uv": [7.625, 2.125, 7.75, 2.625], "texture": "#0"},
				"up": {"uv": [7.75, 2.125, 7.625, 2.25], "rotation": 180, "texture": "#0"},
				"down": {"uv": [7.625, 2.5, 7.75, 2.625], "texture": "#0"}
			}
		},
		{
			"name": "demonslayers_greatsword_25",
			"from": [8, 6.5, 7.375],
			"to": [8.125, 7, 8],
			"faces": {
				"north": {"uv": [8, 2.625, 8.125, 2.125], "rotation": 180, "texture": "#0"},
				"east": {"uv": [8, 2.125, 8.125, 2.625], "texture": "#0"},
				"south": {"uv": [8, 2.125, 8.125, 2.625], "texture": "#0"},
				"west": {"uv": [8, 2.125, 8.125, 2.625], "texture": "#0"},
				"up": {"uv": [8.125, 2.125, 8, 2.25], "rotation": 180, "texture": "#0"},
				"down": {"uv": [8, 2.5, 8.125, 2.625], "texture": "#0"}
			}
		},
		{
			"name": "demonslayers_greatsword_26",
			"from": [7.5, 6.375, 7.375],
			"to": [7.625, 6.875, 8],
			"faces": {
				"north": {"uv": [7.5, 2.75, 7.625, 2.25], "rotation": 180, "texture": "#0"},
				"east": {"uv": [7.5, 2.25, 7.625, 2.75], "texture": "#0"},
				"south": {"uv": [7.5, 2.25, 7.625, 2.75], "texture": "#0"},
				"west": {"uv": [7.5, 2.25, 7.625, 2.75], "texture": "#0"},
				"up": {"uv": [7.625, 2.25, 7.5, 2.375], "rotation": 180, "texture": "#0"},
				"down": {"uv": [7.5, 2.625, 7.625, 2.75], "texture": "#0"}
			}
		},
		{
			"name": "demonslayers_greatsword_27",
			"from": [8.125, 6.375, 7.375],
			"to": [8.25, 6.875, 8],
			"faces": {
				"north": {"uv": [8.125, 2.75, 8.25, 2.25], "rotation": 180, "texture": "#0"},
				"east": {"uv": [8.125, 2.25, 8.25, 2.75], "texture": "#0"},
				"south": {"uv": [8.125, 2.25, 8.25, 2.75], "texture": "#0"},
				"west": {"uv": [8.125, 2.25, 8.25, 2.75], "texture": "#0"},
				"up": {"uv": [8.25, 2.25, 8.125, 2.375], "rotation": 180, "texture": "#0"},
				"down": {"uv": [8.125, 2.625, 8.25, 2.75], "texture": "#0"}
			}
		},
		{
			"name": "demonslayers_greatsword_28",
			"from": [7.75, 5.375, 7.4375],
			"to": [8, 6.375, 7.9375],
			"faces": {
				"north": {"uv": [7.75, 3.75, 8, 2.75], "rotation": 180, "texture": "#0"},
				"east": {"uv": [7.875, 2.75, 8, 3.75], "texture": "#0"},
				"south": {"uv": [7.75, 2.75, 8, 3.75], "texture": "#0"},
				"west": {"uv": [7.75, 2.75, 7.875, 3.75], "texture": "#0"},
				"up": {"uv": [8, 2.75, 7.75, 2.875], "rotation": 180, "texture": "#0"},
				"down": {"uv": [7.75, 3.625, 8, 3.75], "texture": "#0"}
			}
		},
		{
			"name": "demonslayers_greatsword_29",
			"from": [7.625, 5.375, 7.4375],
			"to": [7.75, 6.25, 7.9375],
			"faces": {
				"north": {"uv": [7.625, 3.75, 7.75, 2.875], "rotation": 180, "texture": "#0"},
				"east": {"uv": [7.625, 2.875, 7.75, 3.75], "texture": "#0"},
				"south": {"uv": [7.625, 2.875, 7.75, 3.75], "texture": "#0"},
				"west": {"uv": [7.625, 2.875, 7.75, 3.75], "texture": "#0"},
				"up": {"uv": [7.75, 2.875, 7.625, 3], "rotation": 180, "texture": "#0"},
				"down": {"uv": [7.625, 3.625, 7.75, 3.75], "texture": "#0"}
			}
		},
		{
			"name": "demonslayers_greatsword_30",
			"from": [8, 5.375, 7.4375],
			"to": [8.125, 6.25, 7.9375],
			"faces": {
				"north": {"uv": [8, 3.75, 8.125, 2.875], "rotation": 180, "texture": "#0"},
				"east": {"uv": [8, 2.875, 8.125, 3.75], "texture": "#0"},
				"south": {"uv": [8, 2.875, 8.125, 3.75], "texture": "#0"},
				"west": {"uv": [8, 2.875, 8.125, 3.75], "texture": "#0"},
				"up": {"uv": [8.125, 2.875, 8, 3], "rotation": 180, "texture": "#0"},
				"down": {"uv": [8, 3.625, 8.125, 3.75], "texture": "#0"}
			}
		},
		{
			"name": "demonslayers_greatsword_31",
			"from": [7.5, 5.5, 7.4375],
			"to": [7.625, 6.125, 7.9375],
			"faces": {
				"north": {"uv": [7.5, 3.625, 7.625, 3], "rotation": 180, "texture": "#0"},
				"east": {"uv": [7.5, 3, 7.625, 3.625], "texture": "#0"},
				"south": {"uv": [7.5, 3, 7.625, 3.625], "texture": "#0"},
				"west": {"uv": [7.5, 3, 7.625, 3.625], "texture": "#0"},
				"up": {"uv": [7.625, 3, 7.5, 3.125], "rotation": 180, "texture": "#0"},
				"down": {"uv": [7.5, 3.5, 7.625, 3.625], "texture": "#0"}
			}
		},
		{
			"name": "demonslayers_greatsword_32",
			"from": [8.125, 5.5, 7.4375],
			"to": [8.25, 6.125, 7.9375],
			"faces": {
				"north": {"uv": [8.125, 3.625, 8.25, 3], "rotation": 180, "texture": "#0"},
				"east": {"uv": [8.125, 3, 8.25, 3.625], "texture": "#0"},
				"south": {"uv": [8.125, 3, 8.25, 3.625], "texture": "#0"},
				"west": {"uv": [8.125, 3, 8.25, 3.625], "texture": "#0"},
				"up": {"uv": [8.25, 3, 8.125, 3.125], "rotation": 180, "texture": "#0"},
				"down": {"uv": [8.125, 3.5, 8.25, 3.625], "texture": "#0"}
			}
		},
		{
			"name": "demonslayers_greatsword_33",
			"from": [5.625, 6.875, 7.4375],
			"to": [6.375, 7, 7.9375],
			"faces": {
				"north": {"uv": [5.5, 4.375, 6.25, 4.25], "rotation": 180, "texture": "#0"},
				"east": {"uv": [6.125, 4.25, 6.25, 4.375], "texture": "#0"},
				"south": {"uv": [5.5, 4.25, 6.25, 4.375], "texture": "#0"},
				"west": {"uv": [5.5, 4.25, 5.625, 4.375], "texture": "#0"},
				"up": {"uv": [6.25, 4.25, 5.5, 4.375], "rotation": 180, "texture": "#0"},
				"down": {"uv": [5.5, 4.25, 6.25, 4.375], "texture": "#0"}
			}
		},
		{
			"name": "demonslayers_greatsword_34",
			"from": [6.375, 6.625, 7.5],
			"to": [6.625, 7, 7.875],
			"faces": {
				"north": {"uv": [6.375, 4.625, 6.625, 4.25], "rotation": 180, "texture": "#0"},
				"east": {"uv": [6.5, 4.25, 6.625, 4.625], "texture": "#0"},
				"south": {"uv": [6.375, 4.25, 6.625, 4.625], "texture": "#0"},
				"west": {"uv": [6.375, 4.25, 6.5, 4.625], "texture": "#0"},
				"up": {"uv": [6.625, 4.25, 6.375, 4.375], "rotation": 180, "texture": "#0"},
				"down": {"uv": [6.375, 4.5, 6.625, 4.625], "texture": "#0"}
			}
		},
		{
			"name": "demonslayers_greatsword_35",
			"from": [9.125, 6.625, 7.5],
			"to": [9.375, 7, 7.875],
			"faces": {
				"north": {"uv": [9.125, 4.625, 9.375, 4.25], "rotation": 180, "texture": "#0"},
				"east": {"uv": [9.25, 4.25, 9.375, 4.625], "texture": "#0"},
				"south": {"uv": [9.125, 4.25, 9.375, 4.625], "texture": "#0"},
				"west": {"uv": [9.125, 4.25, 9.25, 4.625], "texture": "#0"},
				"up": {"uv": [9.375, 4.25, 9.125, 4.375], "rotation": 180, "texture": "#0"},
				"down": {"uv": [9.125, 4.5, 9.375, 4.625], "texture": "#0"}
			}
		},
		{
			"name": "demonslayers_greatsword_36",
			"from": [9.375, 6.625, 7.4375],
			"to": [9.875, 7, 7.9375],
			"faces": {
				"north": {"uv": [9.5, 4.625, 10, 4.25], "rotation": 180, "texture": "#0"},
				"east": {"uv": [9.875, 4.25, 10, 4.625], "texture": "#0"},
				"south": {"uv": [9.5, 4.25, 10, 4.625], "texture": "#0"},
				"west": {"uv": [9.5, 4.25, 9.625, 4.625], "texture": "#0"},
				"up": {"uv": [10, 4.25, 9.5, 4.375], "rotation": 180, "texture": "#0"},
				"down": {"uv": [9.5, 4.5, 10, 4.625], "texture": "#0"}
			}
		},
		{
			"name": "demonslayers_greatsword_37",
			"from": [9.875, 6.875, 7.4375],
			"to": [10.125, 7, 7.9375],
			"faces": {
				"north": {"uv": [10, 4.375, 10.25, 4.25], "rotation": 180, "texture": "#0"},
				"east": {"uv": [10.125, 4.25, 10.25, 4.375], "texture": "#0"},
				"south": {"uv": [10, 4.25, 10.25, 4.375], "texture": "#0"},
				"west": {"uv": [10, 4.25, 10.125, 4.375], "texture": "#0"},
				"up": {"uv": [10.25, 4.25, 10, 4.375], "rotation": 180, "texture": "#0"},
				"down": {"uv": [10, 4.25, 10.25, 4.375], "texture": "#0"}
			}
		},
		{
			"name": "demonslayers_greatsword_38",
			"from": [5.75, 6.75, 7.4375],
			"to": [6.375, 6.875, 7.9375],
			"faces": {
				"north": {"uv": [5.625, 4.5, 6.25, 4.375], "rotation": 180, "texture": "#0"},
				"east": {"uv": [6.125, 4.375, 6.25, 4.5], "texture": "#0"},
				"south": {"uv": [5.625, 4.375, 6.25, 4.5], "texture": "#0"},
				"west": {"uv": [5.625, 4.375, 5.75, 4.5], "texture": "#0"},
				"up": {"uv": [6.25, 4.375, 5.625, 4.5], "rotation": 180, "texture": "#0"},
				"down": {"uv": [5.625, 4.375, 6.25, 4.5], "texture": "#0"}
			}
		},
		{
			"name": "demonslayers_greatsword_39",
			"from": [6.625, 6.625, 7.5],
			"to": [6.875, 6.875, 7.875],
			"faces": {
				"north": {"uv": [6.625, 4.625, 6.875, 4.375], "rotation": 180, "texture": "#0"},
				"east": {"uv": [6.75, 4.375, 6.875, 4.625], "texture": "#0"},
				"south": {"uv": [6.625, 4.375, 6.875, 4.625], "texture": "#0"},
				"west": {"uv": [6.625, 4.375, 6.75, 4.625], "texture": "#0"},
				"up": {"uv": [6.875, 4.375, 6.625, 4.5], "rotation": 180, "texture": "#0"},
				"down": {"uv": [6.625, 4.5, 6.875, 4.625], "texture": "#0"}
			}
		},
		{
			"name": "demonslayers_greatsword_40",
			"from": [8.875, 6.625, 7.5],
			"to": [9.125, 6.875, 7.875],
			"faces": {
				"north": {"uv": [8.875, 4.625, 9.125, 4.375], "rotation": 180, "texture": "#0"},
				"east": {"uv": [9, 4.375, 9.125, 4.625], "texture": "#0"},
				"south": {"uv": [8.875, 4.375, 9.125, 4.625], "texture": "#0"},
				"west": {"uv": [8.875, 4.375, 9, 4.625], "texture": "#0"},
				"up": {"uv": [9.125, 4.375, 8.875, 4.5], "rotation": 180, "texture": "#0"},
				"down": {"uv": [8.875, 4.5, 9.125, 4.625], "texture": "#0"}
			}
		},
		{
			"name": "demonslayers_greatsword_41",
			"from": [9.875, 6.75, 7.4375],
			"to": [10, 6.875, 7.9375],
			"faces": {
				"north": {"uv": [10, 4.5, 10.125, 4.375], "rotation": 180, "texture": "#0"},
				"east": {"uv": [10, 4.375, 10.125, 4.5], "texture": "#0"},
				"south": {"uv": [10, 4.375, 10.125, 4.5], "texture": "#0"},
				"west": {"uv": [10, 4.375, 10.125, 4.5], "texture": "#0"},
				"up": {"uv": [10.125, 4.375, 10, 4.5], "rotation": 180, "texture": "#0"},
				"down": {"uv": [10, 4.375, 10.125, 4.5], "texture": "#0"}
			}
		},
		{
			"name": "demonslayers_greatsword_42",
			"from": [5.875, 6.625, 7.4375],
			"to": [6.375, 6.75, 7.9375],
			"faces": {
				"north": {"uv": [5.75, 4.625, 6.25, 4.5], "rotation": 180, "texture": "#0"},
				"east": {"uv": [6.125, 4.5, 6.25, 4.625], "texture": "#0"},
				"south": {"uv": [5.75, 4.5, 6.25, 4.625], "texture": "#0"},
				"west": {"uv": [5.75, 4.5, 5.875, 4.625], "texture": "#0"},
				"up": {"uv": [6.25, 4.5, 5.75, 4.625], "rotation": 180, "texture": "#0"},
				"down": {"uv": [5.75, 4.5, 6.25, 4.625], "texture": "#0"}
			}
		},
		{
			"name": "demonslayers_greatsword_43",
			"from": [6.875, 6.5, 7.5],
			"to": [7.125, 6.75, 7.875],
			"faces": {
				"north": {"uv": [6.875, 4.75, 7.125, 4.5], "rotation": 180, "texture": "#0"},
				"east": {"uv": [7, 4.5, 7.125, 4.75], "texture": "#0"},
				"south": {"uv": [6.875, 4.5, 7.125, 4.75], "texture": "#0"},
				"west": {"uv": [6.875, 4.5, 7, 4.75], "texture": "#0"},
				"up": {"uv": [7.125, 4.5, 6.875, 4.625], "rotation": 180, "texture": "#0"},
				"down": {"uv": [6.875, 4.625, 7.125, 4.75], "texture": "#0"}
			}
		},
		{
			"name": "demonslayers_greatsword_44",
			"from": [8.625, 6.5, 7.5],
			"to": [8.875, 6.75, 7.875],
			"faces": {
				"north": {"uv": [8.625, 4.75, 8.875, 4.5], "rotation": 180, "texture": "#0"},
				"east": {"uv": [8.75, 4.5, 8.875, 4.75], "texture": "#0"},
				"south": {"uv": [8.625, 4.5, 8.875, 4.75], "texture": "#0"},
				"west": {"uv": [8.625, 4.5, 8.75, 4.75], "texture": "#0"},
				"up": {"uv": [8.875, 4.5, 8.625, 4.625], "rotation": 180, "texture": "#0"},
				"down": {"uv": [8.625, 4.625, 8.875, 4.75], "texture": "#0"}
			}
		},
		{
			"name": "demonslayers_greatsword_45",
			"from": [6, 6.5, 7.4375],
			"to": [6.375, 6.625, 7.9375],
			"faces": {
				"north": {"uv": [5.875, 4.75, 6.25, 4.625], "rotation": 180, "texture": "#0"},
				"east": {"uv": [6.125, 4.625, 6.25, 4.75], "texture": "#0"},
				"south": {"uv": [5.875, 4.625, 6.25, 4.75], "texture": "#0"},
				"west": {"uv": [5.875, 4.625, 6, 4.75], "texture": "#0"},
				"up": {"uv": [6.25, 4.625, 5.875, 4.75], "rotation": 180, "texture": "#0"},
				"down": {"uv": [5.875, 4.625, 6.25, 4.75], "texture": "#0"}
			}
		},
		{
			"name": "demonslayers_greatsword_46",
			"from": [6.75, 6.5, 7.5],
			"to": [6.875, 6.625, 7.875],
			"faces": {
				"north": {"uv": [6.75, 4.75, 6.875, 4.625], "rotation": 180, "texture": "#0"},
				"east": {"uv": [6.75, 4.625, 6.875, 4.75], "texture": "#0"},
				"south": {"uv": [6.75, 4.625, 6.875, 4.75], "texture": "#0"},
				"west": {"uv": [6.75, 4.625, 6.875, 4.75], "texture": "#0"},
				"up": {"uv": [6.875, 4.625, 6.75, 4.75], "rotation": 180, "texture": "#0"},
				"down": {"uv": [6.75, 4.625, 6.875, 4.75], "texture": "#0"}
			}
		},
		{
			"name": "demonslayers_greatsword_47",
			"from": [7.125, 6.25, 7.5],
			"to": [7.5, 6.625, 7.875],
			"faces": {
				"north": {"uv": [7.125, 5, 7.5, 4.625], "rotation": 180, "texture": "#0"},
				"east": {"uv": [7.375, 4.625, 7.5, 5], "texture": "#0"},
				"south": {"uv": [7.125, 4.625, 7.5, 5], "texture": "#0"},
				"west": {"uv": [7.125, 4.625, 7.25, 5], "texture": "#0"},
				"up": {"uv": [7.5, 4.625, 7.125, 4.75], "rotation": 180, "texture": "#0"},
				"down": {"uv": [7.125, 4.875, 7.5, 5], "texture": "#0"}
			}
		},
		{
			"name": "demonslayers_greatsword_48",
			"from": [7.75, 6.375, 7.5],
			"to": [8, 6.625, 7.875],
			"faces": {
				"north": {"uv": [7.75, 4.875, 8, 4.625], "rotation": 180, "texture": "#0"},
				"east": {"uv": [7.875, 4.625, 8, 4.875], "texture": "#0"},
				"south": {"uv": [7.75, 4.625, 8, 4.875], "texture": "#0"},
				"west": {"uv": [7.75, 4.625, 7.875, 4.875], "texture": "#0"},
				"up": {"uv": [8, 4.625, 7.75, 4.75], "rotation": 180, "texture": "#0"},
				"down": {"uv": [7.75, 4.75, 8, 4.875], "texture": "#0"}
			}
		},
		{
			"name": "demonslayers_greatsword_49",
			"from": [8.25, 6.25, 7.5],
			"to": [8.625, 6.625, 7.875],
			"faces": {
				"north": {"uv": [8.25, 5, 8.625, 4.625], "rotation": 180, "texture": "#0"},
				"east": {"uv": [8.5, 4.625, 8.625, 5], "texture": "#0"},
				"south": {"uv": [8.25, 4.625, 8.625, 5], "texture": "#0"},
				"west": {"uv": [8.25, 4.625, 8.375, 5], "texture": "#0"},
				"up": {"uv": [8.625, 4.625, 8.25, 4.75], "rotation": 180, "texture": "#0"},
				"down": {"uv": [8.25, 4.875, 8.625, 5], "texture": "#0"}
			}
		},
		{
			"name": "demonslayers_greatsword_50",
			"from": [8.875, 6.5, 7.5],
			"to": [9, 6.625, 7.875],
			"faces": {
				"north": {"uv": [8.875, 4.75, 9, 4.625], "rotation": 180, "texture": "#0"},
				"east": {"uv": [8.875, 4.625, 9, 4.75], "texture": "#0"},
				"south": {"uv": [8.875, 4.625, 9, 4.75], "texture": "#0"},
				"west": {"uv": [8.875, 4.625, 9, 4.75], "texture": "#0"},
				"up": {"uv": [9, 4.625, 8.875, 4.75], "rotation": 180, "texture": "#0"},
				"down": {"uv": [8.875, 4.625, 9, 4.75], "texture": "#0"}
			}
		},
		{
			"name": "demonslayers_greatsword_51",
			"from": [9.375, 6.375, 7.4375],
			"to": [9.625, 6.625, 7.9375],
			"faces": {
				"north": {"uv": [9.5, 4.875, 9.75, 4.625], "rotation": 180, "texture": "#0"},
				"east": {"uv": [9.625, 4.625, 9.75, 4.875], "texture": "#0"},
				"south": {"uv": [9.5, 4.625, 9.75, 4.875], "texture": "#0"},
				"west": {"uv": [9.5, 4.625, 9.625, 4.875], "texture": "#0"},
				"up": {"uv": [9.75, 4.625, 9.5, 4.75], "rotation": 180, "texture": "#0"},
				"down": {"uv": [9.5, 4.75, 9.75, 4.875], "texture": "#0"}
			}
		},
		{
			"name": "demonslayers_greatsword_52",
			"from": [9.625, 6.5, 7.4375],
			"to": [9.75, 6.625, 7.9375],
			"faces": {
				"north": {"uv": [9.75, 4.75, 9.875, 4.625], "rotation": 180, "texture": "#0"},
				"east": {"uv": [9.75, 4.625, 9.875, 4.75], "texture": "#0"},
				"south": {"uv": [9.75, 4.625, 9.875, 4.75], "texture": "#0"},
				"west": {"uv": [9.75, 4.625, 9.875, 4.75], "texture": "#0"},
				"up": {"uv": [9.875, 4.625, 9.75, 4.75], "rotation": 180, "texture": "#0"},
				"down": {"uv": [9.75, 4.625, 9.875, 4.75], "texture": "#0"}
			}
		},
		{
			"name": "demonslayers_greatsword_53",
			"from": [6.125, 6.375, 7.4375],
			"to": [6.375, 6.5, 7.9375],
			"faces": {
				"north": {"uv": [6, 4.875, 6.25, 4.75], "rotation": 180, "texture": "#0"},
				"east": {"uv": [6.125, 4.75, 6.25, 4.875], "texture": "#0"},
				"south": {"uv": [6, 4.75, 6.25, 4.875], "texture": "#0"},
				"west": {"uv": [6, 4.75, 6.125, 4.875], "texture": "#0"},
				"up": {"uv": [6.25, 4.75, 6, 4.875], "rotation": 180, "texture": "#0"},
				"down": {"uv": [6, 4.75, 6.25, 4.875], "texture": "#0"}
			}
		},
		{
			"name": "demonslayers_greatsword_54",
			"from": [7, 6.375, 7.5],
			"to": [7.125, 6.5, 7.875],
			"faces": {
				"north": {"uv": [7, 4.875, 7.125, 4.75], "rotation": 180, "texture": "#0"},
				"east": {"uv": [7, 4.75, 7.125, 4.875], "texture": "#0"},
				"south": {"uv": [7, 4.75, 7.125, 4.875], "texture": "#0"},
				"west": {"uv": [7, 4.75, 7.125, 4.875], "texture": "#0"},
				"up": {"uv": [7.125, 4.75, 7, 4.875], "rotation": 180, "texture": "#0"},
				"down": {"uv": [7, 4.75, 7.125, 4.875], "texture": "#0"}
			}
		},
		{
			"name": "demonslayers_greatsword_55",
			"from": [7.625, 6.25, 7.5],
			"to": [7.75, 6.5, 7.875],
			"faces": {
				"north": {"uv": [7.625, 5, 7.75, 4.75], "rotation": 180, "texture": "#0"},
				"east": {"uv": [7.625, 4.75, 7.75, 5], "texture": "#0"},
				"south": {"uv": [7.625, 4.75, 7.75, 5], "texture": "#0"},
				"west": {"uv": [7.625, 4.75, 7.75, 5], "texture": "#0"},
				"up": {"uv": [7.75, 4.75, 7.625, 4.875], "rotation": 180, "texture": "#0"},
				"down": {"uv": [7.625, 4.875, 7.75, 5], "texture": "#0"}
			}
		},
		{
			"name": "demonslayers_greatsword_56",
			"from": [8, 6.25, 7.5],
			"to": [8.125, 6.5, 7.875],
			"faces": {
				"north": {"uv": [8, 5, 8.125, 4.75], "rotation": 180, "texture": "#0"},
				"east": {"uv": [8, 4.75, 8.125, 5], "texture": "#0"},
				"south": {"uv": [8, 4.75, 8.125, 5], "texture": "#0"},
				"west": {"uv": [8, 4.75, 8.125, 5], "texture": "#0"},
				"up": {"uv": [8.125, 4.75, 8, 4.875], "rotation": 180, "texture": "#0"},
				"down": {"uv": [8, 4.875, 8.125, 5], "texture": "#0"}
			}
		},
		{
			"name": "demonslayers_greatsword_57",
			"from": [8.625, 6.375, 7.5],
			"to": [8.75, 6.5, 7.875],
			"faces": {
				"north": {"uv": [8.625, 4.875, 8.75, 4.75], "rotation": 180, "texture": "#0"},
				"east": {"uv": [8.625, 4.75, 8.75, 4.875], "texture": "#0"},
				"south": {"uv": [8.625, 4.75, 8.75, 4.875], "texture": "#0"},
				"west": {"uv": [8.625, 4.75, 8.75, 4.875], "texture": "#0"},
				"up": {"uv": [8.75, 4.75, 8.625, 4.875], "rotation": 180, "texture": "#0"},
				"down": {"uv": [8.625, 4.75, 8.75, 4.875], "texture": "#0"}
			}
		},
		{
			"name": "demonslayers_greatsword_58",
			"from": [7.5, 6.125, 7.5],
			"to": [7.625, 6.375, 7.875],
			"faces": {
				"north": {"uv": [7.5, 5.125, 7.625, 4.875], "rotation": 180, "texture": "#0"},
				"east": {"uv": [7.5, 4.875, 7.625, 5.125], "texture": "#0"},
				"south": {"uv": [7.5, 4.875, 7.625, 5.125], "texture": "#0"},
				"west": {"uv": [7.5, 4.875, 7.625, 5.125], "texture": "#0"},
				"up": {"uv": [7.625, 4.875, 7.5, 5], "rotation": 180, "texture": "#0"},
				"down": {"uv": [7.5, 5, 7.625, 5.125], "texture": "#0"}
			}
		},
		{
			"name": "demonslayers_greatsword_59",
			"from": [8.125, 6.125, 7.5],
			"to": [8.25, 6.375, 7.875],
			"faces": {
				"north": {"uv": [8.125, 5.125, 8.25, 4.875], "rotation": 180, "texture": "#0"},
				"east": {"uv": [8.125, 4.875, 8.25, 5.125], "texture": "#0"},
				"south": {"uv": [8.125, 4.875, 8.25, 5.125], "texture": "#0"},
				"west": {"uv": [8.125, 4.875, 8.25, 5.125], "texture": "#0"},
				"up": {"uv": [8.25, 4.875, 8.125, 5], "rotation": 180, "texture": "#0"},
				"down": {"uv": [8.125, 5, 8.25, 5.125], "texture": "#0"}
			}
		},
		{
			"name": "demonslayers_greatsword_60",
			"from": [7.375, 6.125, 7.5],
			"to": [7.5, 6.25, 7.875],
			"faces": {
				"north": {"uv": [7.375, 5.125, 7.5, 5], "rotation": 180, "texture": "#0"},
				"east": {"uv": [7.375, 5, 7.5, 5.125], "texture": "#0"},
				"south": {"uv": [7.375, 5, 7.5, 5.125], "texture": "#0"},
				"west": {"uv": [7.375, 5, 7.5, 5.125], "texture": "#0"},
				"up": {"uv": [7.5, 5, 7.375, 5.125], "rotation": 180, "texture": "#0"},
				"down": {"uv": [7.375, 5, 7.5, 5.125], "texture": "#0"}
			}
		},
		{
			"name": "demonslayers_greatsword_61",
			"from": [8.25, 6.125, 7.5],
			"to": [8.375, 6.25, 7.875],
			"faces": {
				"north": {"uv": [8.25, 5.125, 8.375, 5], "rotation": 180, "texture": "#0"},
				"east": {"uv": [8.25, 5, 8.375, 5.125], "texture": "#0"},
				"south": {"uv": [8.25, 5, 8.375, 5.125], "texture": "#0"},
				"west": {"uv": [8.25, 5, 8.375, 5.125], "texture": "#0"},
				"up": {"uv": [8.375, 5, 8.25, 5.125], "rotation": 180, "texture": "#0"},
				"down": {"uv": [8.25, 5, 8.375, 5.125], "texture": "#0"}
			}
		},
		{
			"name": "demonslayers_greatsword_62",
			"from": [7.25, 8.625, 7.65625],
			"to": [7.375, 9.875, 7.71875],
			"faces": {
				"north": {"uv": [1.75, 8.625, 1.875, 7.375], "rotation": 180, "texture": "#0"},
				"east": {"uv": [1.75, 7.375, 1.875, 8.625], "texture": "#0"},
				"south": {"uv": [1.75, 7.375, 1.875, 8.625], "texture": "#0"},
				"west": {"uv": [1.75, 7.375, 1.875, 8.625], "texture": "#0"},
				"up": {"uv": [1.875, 7.375, 1.75, 7.5], "rotation": 180, "texture": "#0"},
				"down": {"uv": [1.75, 8.5, 1.875, 8.625], "texture": "#0"}
			}
		},
		{
			"name": "demonslayers_greatsword_63",
			"from": [8.375, 8.625, 7.65625],
			"to": [8.5, 9.875, 7.71875],
			"faces": {
				"north": {"uv": [3.875, 8.625, 4, 7.375], "rotation": 180, "texture": "#0"},
				"east": {"uv": [3.875, 7.375, 4, 8.625], "texture": "#0"},
				"south": {"uv": [3.875, 7.375, 4, 8.625], "texture": "#0"},
				"west": {"uv": [3.875, 7.375, 4, 8.625], "texture": "#0"},
				"up": {"uv": [4, 7.375, 3.875, 7.5], "rotation": 180, "texture": "#0"},
				"down": {"uv": [3.875, 8.5, 4, 8.625], "texture": "#0"}
			}
		},
		{
			"name": "demonslayers_greatsword_64",
			"from": [7.375, 8.5, 7.625],
			"to": [7.5, 9, 7.75],
			"faces": {
				"north": {"uv": [7.375, 8.375, 7.5, 7.875], "rotation": 180, "texture": "#0"},
				"east": {"uv": [7.375, 7.875, 7.5, 8.375], "texture": "#0"},
				"south": {"uv": [7.375, 7.875, 7.5, 8.375], "texture": "#0"},
				"west": {"uv": [7.375, 7.875, 7.5, 8.375], "texture": "#0"},
				"up": {"uv": [7.5, 7.875, 7.375, 8], "rotation": 180, "texture": "#0"},
				"down": {"uv": [7.375, 8.25, 7.5, 8.375], "texture": "#0"}
			}
		},
		{
			"name": "demonslayers_greatsword_65",
			"from": [8.25, 8.5, 7.625],
			"to": [8.375, 9, 7.75],
			"faces": {
				"north": {"uv": [8.25, 8.375, 8.375, 7.875], "rotation": 180, "texture": "#0"},
				"east": {"uv": [8.25, 7.875, 8.375, 8.375], "texture": "#0"},
				"south": {"uv": [8.25, 7.875, 8.375, 8.375], "texture": "#0"},
				"west": {"uv": [8.25, 7.875, 8.375, 8.375], "texture": "#0"},
				"up": {"uv": [8.375, 7.875, 8.25, 8], "rotation": 180, "texture": "#0"},
				"down": {"uv": [8.25, 8.25, 8.375, 8.375], "texture": "#0"}
			}
		},
		{
			"name": "demonslayers_greatsword_66",
			"from": [7.25, 7.625, 7.625],
			"to": [7.375, 8.625, 7.75],
			"faces": {
				"north": {"uv": [7.25, 9.25, 7.375, 8.25], "rotation": 180, "texture": "#0"},
				"east": {"uv": [7.25, 8.25, 7.375, 9.25], "texture": "#0"},
				"south": {"uv": [7.25, 8.25, 7.375, 9.25], "texture": "#0"},
				"west": {"uv": [7.25, 8.25, 7.375, 9.25], "texture": "#0"},
				"up": {"uv": [7.375, 8.25, 7.25, 8.375], "rotation": 180, "texture": "#0"},
				"down": {"uv": [7.25, 9.125, 7.375, 9.25], "texture": "#0"}
			}
		},
		{
			"name": "demonslayers_greatsword_67",
			"from": [8.375, 7.625, 7.625],
			"to": [8.5, 8.625, 7.75],
			"faces": {
				"north": {"uv": [8.375, 9.25, 8.5, 8.25], "rotation": 180, "texture": "#0"},
				"east": {"uv": [8.375, 8.25, 8.5, 9.25], "texture": "#0"},
				"south": {"uv": [8.375, 8.25, 8.5, 9.25], "texture": "#0"},
				"west": {"uv": [8.375, 8.25, 8.5, 9.25], "texture": "#0"},
				"up": {"uv": [8.5, 8.25, 8.375, 8.375], "rotation": 180, "texture": "#0"},
				"down": {"uv": [8.375, 9.125, 8.5, 9.25], "texture": "#0"}
			}
		},
		{
			"name": "demonslayers_greatsword_68",
			"from": [7.375, 7.25, 7.625],
			"to": [7.5, 8.5, 7.75],
			"faces": {
				"north": {"uv": [2.125, 10, 2.25, 8.75], "rotation": 180, "texture": "#0"},
				"east": {"uv": [2.125, 8.75, 2.25, 10], "texture": "#0"},
				"south": {"uv": [2.125, 8.75, 2.25, 10], "texture": "#0"},
				"west": {"uv": [2.125, 8.75, 2.25, 10], "texture": "#0"},
				"up": {"uv": [2.25, 8.75, 2.125, 8.875], "rotation": 180, "texture": "#0"},
				"down": {"uv": [2.125, 9.875, 2.25, 10], "texture": "#0"}
			}
		},
		{
			"name": "demonslayers_greatsword_69",
			"from": [8.25, 7.25, 7.625],
			"to": [8.375, 8.5, 7.75],
			"faces": {
				"north": {"uv": [3.5, 10, 3.625, 8.75], "rotation": 180, "texture": "#0"},
				"east": {"uv": [3.5, 8.75, 3.625, 10], "texture": "#0"},
				"south": {"uv": [3.5, 8.75, 3.625, 10], "texture": "#0"},
				"west": {"uv": [3.5, 8.75, 3.625, 10], "texture": "#0"},
				"up": {"uv": [3.625, 8.75, 3.5, 8.875], "rotation": 180, "texture": "#0"},
				"down": {"uv": [3.5, 9.875, 3.625, 10], "texture": "#0"}
			}
		},
		{
			"name": "demonslayers_greatsword_70",
			"from": [7.125, 7.125, 7.625],
			"to": [7.25, 8.125, 7.75],
			"faces": {
				"north": {"uv": [7.125, 9.75, 7.25, 8.75], "rotation": 180, "texture": "#0"},
				"east": {"uv": [7.125, 8.75, 7.25, 9.75], "texture": "#0"},
				"south": {"uv": [7.125, 8.75, 7.25, 9.75], "texture": "#0"},
				"west": {"uv": [7.125, 8.75, 7.25, 9.75], "texture": "#0"},
				"up": {"uv": [7.25, 8.75, 7.125, 8.875], "rotation": 180, "texture": "#0"},
				"down": {"uv": [7.125, 9.625, 7.25, 9.75], "texture": "#0"}
			}
		},
		{
			"name": "demonslayers_greatsword_71",
			"from": [8.5, 7.125, 7.625],
			"to": [8.625, 8.125, 7.75],
			"faces": {
				"north": {"uv": [8.5, 9.75, 8.625, 8.75], "rotation": 180, "texture": "#0"},
				"east": {"uv": [8.5, 8.75, 8.625, 9.75], "texture": "#0"},
				"south": {"uv": [8.5, 8.75, 8.625, 9.75], "texture": "#0"},
				"west": {"uv": [8.5, 8.75, 8.625, 9.75], "texture": "#0"},
				"up": {"uv": [8.625, 8.75, 8.5, 8.875], "rotation": 180, "texture": "#0"},
				"down": {"uv": [8.5, 9.625, 8.625, 9.75], "texture": "#0"}
			}
		},
		{
			"name": "demonslayers_greatsword_72",
			"from": [7, 7.125, 7.625],
			"to": [7.125, 7.625, 7.75],
			"faces": {
				"north": {"uv": [7, 9.75, 7.125, 9.25], "rotation": 180, "texture": "#0"},
				"east": {"uv": [7, 9.25, 7.125, 9.75], "texture": "#0"},
				"south": {"uv": [7, 9.25, 7.125, 9.75], "texture": "#0"},
				"west": {"uv": [7, 9.25, 7.125, 9.75], "texture": "#0"},
				"up": {"uv": [7.125, 9.25, 7, 9.375], "rotation": 180, "texture": "#0"},
				"down": {"uv": [7, 9.625, 7.125, 9.75], "texture": "#0"}
			}
		},
		{
			"name": "demonslayers_greatsword_73",
			"from": [8.625, 7.125, 7.625],
			"to": [8.75, 7.625, 7.75],
			"faces": {
				"north": {"uv": [8.625, 9.75, 8.75, 9.25], "rotation": 180, "texture": "#0"},
				"east": {"uv": [8.625, 9.25, 8.75, 9.75], "texture": "#0"},
				"south": {"uv": [8.625, 9.25, 8.75, 9.75], "texture": "#0"},
				"west": {"uv": [8.625, 9.25, 8.75, 9.75], "texture": "#0"},
				"up": {"uv": [8.75, 9.25, 8.625, 9.375], "rotation": 180, "texture": "#0"},
				"down": {"uv": [8.625, 9.625, 8.75, 9.75], "texture": "#0"}
			}
		},
		{
			"name": "demonslayers_greatsword_74",
			"from": [6.875, 7.125, 7.625],
			"to": [7, 7.375, 7.75],
			"faces": {
				"north": {"uv": [6.875, 9.75, 7, 9.5], "rotation": 180, "texture": "#0"},
				"east": {"uv": [6.875, 9.5, 7, 9.75], "texture": "#0"},
				"south": {"uv": [6.875, 9.5, 7, 9.75], "texture": "#0"},
				"west": {"uv": [6.875, 9.5, 7, 9.75], "texture": "#0"},
				"up": {"uv": [7, 9.5, 6.875, 9.625], "rotation": 180, "texture": "#0"},
				"down": {"uv": [6.875, 9.625, 7, 9.75], "texture": "#0"}
			}
		},
		{
			"name": "demonslayers_greatsword_75",
			"from": [8.75, 7.125, 7.625],
			"to": [8.875, 7.375, 7.75],
			"faces": {
				"north": {"uv": [8.75, 9.75, 8.875, 9.5], "rotation": 180, "texture": "#0"},
				"east": {"uv": [8.75, 9.5, 8.875, 9.75], "texture": "#0"},
				"south": {"uv": [8.75, 9.5, 8.875, 9.75], "texture": "#0"},
				"west": {"uv": [8.75, 9.5, 8.875, 9.75], "texture": "#0"},
				"up": {"uv": [8.875, 9.5, 8.75, 9.625], "rotation": 180, "texture": "#0"},
				"down": {"uv": [8.75, 9.625, 8.875, 9.75], "texture": "#0"}
			}
		},
		{
			"name": "demonslayers_greatsword_76",
			"from": [7.25, 7.25, 7.625],
			"to": [7.375, 7.625, 7.75],
			"faces": {
				"north": {"uv": [2, 10, 2.125, 9.625], "rotation": 180, "texture": "#0"},
				"east": {"uv": [2, 9.625, 2.125, 10], "texture": "#0"},
				"south": {"uv": [2, 9.625, 2.125, 10], "texture": "#0"},
				"west": {"uv": [2, 9.625, 2.125, 10], "texture": "#0"},
				"up": {"uv": [2.125, 9.625, 2, 9.75], "rotation": 180, "texture": "#0"},
				"down": {"uv": [2, 9.875, 2.125, 10], "texture": "#0"}
			}
		},
		{
			"name": "demonslayers_greatsword_77",
			"from": [8.375, 7.25, 7.625],
			"to": [8.5, 7.625, 7.75],
			"faces": {
				"north": {"uv": [3.625, 10, 3.75, 9.625], "rotation": 180, "texture": "#0"},
				"east": {"uv": [3.625, 9.625, 3.75, 10], "texture": "#0"},
				"south": {"uv": [3.625, 9.625, 3.75, 10], "texture": "#0"},
				"west": {"uv": [3.625, 9.625, 3.75, 10], "texture": "#0"},
				"up": {"uv": [3.75, 9.625, 3.625, 9.75], "rotation": 180, "texture": "#0"},
				"down": {"uv": [3.625, 9.875, 3.75, 10], "texture": "#0"}
			}
		},
		{
			"name": "demonslayers_greatsword_78",
			"from": [7.25, 7.125, 7.625],
			"to": [7.375, 7.25, 7.75],
			"faces": {
				"north": {"uv": [7.25, 9.75, 7.375, 9.625], "rotation": 180, "texture": "#0"},
				"east": {"uv": [7.25, 9.625, 7.375, 9.75], "texture": "#0"},
				"south": {"uv": [7.25, 9.625, 7.375, 9.75], "texture": "#0"},
				"west": {"uv": [7.25, 9.625, 7.375, 9.75], "texture": "#0"},
				"up": {"uv": [7.375, 9.625, 7.25, 9.75], "rotation": 180, "texture": "#0"},
				"down": {"uv": [7.25, 9.625, 7.375, 9.75], "texture": "#0"}
			}
		},
		{
			"name": "demonslayers_greatsword_79",
			"from": [8.375, 7.125, 7.625],
			"to": [8.5, 7.25, 7.75],
			"faces": {
				"north": {"uv": [8.375, 9.75, 8.5, 9.625], "rotation": 180, "texture": "#0"},
				"east": {"uv": [8.375, 9.625, 8.5, 9.75], "texture": "#0"},
				"south": {"uv": [8.375, 9.625, 8.5, 9.75], "texture": "#0"},
				"west": {"uv": [8.375, 9.625, 8.5, 9.75], "texture": "#0"},
				"up": {"uv": [8.5, 9.625, 8.375, 9.75], "rotation": 180, "texture": "#0"},
				"down": {"uv": [8.375, 9.625, 8.5, 9.75], "texture": "#0"}
			}
		},
		{
			"name": "demonslayers_greatsword_80",
			"from": [6.75, 6.875, 7.625],
			"to": [7.375, 7.125, 7.75],
			"faces": {
				"north": {"uv": [6.75, 10.375, 7.375, 10.125], "rotation": 180, "texture": "#0"},
				"east": {"uv": [7.25, 10.125, 7.375, 10.375], "texture": "#0"},
				"south": {"uv": [6.75, 10.125, 7.375, 10.375], "texture": "#0"},
				"west": {"uv": [6.75, 10.125, 6.875, 10.375], "texture": "#0"},
				"up": {"uv": [7.375, 10.125, 6.75, 10.25], "rotation": 180, "texture": "#0"},
				"down": {"uv": [6.75, 10.25, 7.375, 10.375], "texture": "#0"}
			}
		},
		{
			"name": "demonslayers_greatsword_81",
			"from": [8.375, 6.75, 7.625],
			"to": [8.875, 7.125, 7.75],
			"faces": {
				"north": {"uv": [8.375, 10.5, 8.875, 10.125], "rotation": 180, "texture": "#0"},
				"east": {"uv": [8.75, 10.125, 8.875, 10.5], "texture": "#0"},
				"south": {"uv": [8.375, 10.125, 8.875, 10.5], "texture": "#0"},
				"west": {"uv": [8.375, 10.125, 8.5, 10.5], "texture": "#0"},
				"up": {"uv": [8.875, 10.125, 8.375, 10.25], "rotation": 180, "texture": "#0"},
				"down": {"uv": [8.375, 10.375, 8.875, 10.5], "texture": "#0"}
			}
		},
		{
			"name": "demonslayers_greatsword_82",
			"from": [8.875, 6.875, 7.625],
			"to": [9, 7.125, 7.75],
			"faces": {
				"north": {"uv": [8.875, 10.375, 9, 10.125], "rotation": 180, "texture": "#0"},
				"east": {"uv": [8.875, 10.125, 9, 10.375], "texture": "#0"},
				"south": {"uv": [8.875, 10.125, 9, 10.375], "texture": "#0"},
				"west": {"uv": [8.875, 10.125, 9, 10.375], "texture": "#0"},
				"up": {"uv": [9, 10.125, 8.875, 10.25], "rotation": 180, "texture": "#0"},
				"down": {"uv": [8.875, 10.25, 9, 10.375], "texture": "#0"}
			}
		},
		{
			"name": "demonslayers_greatsword_83",
			"from": [7.375, 6.625, 7.625],
			"to": [7.5, 7, 7.75],
			"faces": {
				"north": {"uv": [7.375, 10.625, 7.5, 10.25], "rotation": 180, "texture": "#0"},
				"east": {"uv": [7.375, 10.25, 7.5, 10.625], "texture": "#0"},
				"south": {"uv": [7.375, 10.25, 7.5, 10.625], "texture": "#0"},
				"west": {"uv": [7.375, 10.25, 7.5, 10.625], "texture": "#0"},
				"up": {"uv": [7.5, 10.25, 7.375, 10.375], "rotation": 180, "texture": "#0"},
				"down": {"uv": [7.375, 10.5, 7.5, 10.625], "texture": "#0"}
			}
		},
		{
			"name": "demonslayers_greatsword_84",
			"from": [8.25, 6.625, 7.625],
			"to": [8.375, 7, 7.75],
			"faces": {
				"north": {"uv": [8.25, 10.625, 8.375, 10.25], "rotation": 180, "texture": "#0"},
				"east": {"uv": [8.25, 10.25, 8.375, 10.625], "texture": "#0"},
				"south": {"uv": [8.25, 10.25, 8.375, 10.625], "texture": "#0"},
				"west": {"uv": [8.25, 10.25, 8.375, 10.625], "texture": "#0"},
				"up": {"uv": [8.375, 10.25, 8.25, 10.375], "rotation": 180, "texture": "#0"},
				"down": {"uv": [8.25, 10.5, 8.375, 10.625], "texture": "#0"}
			}
		},
		{
			"name": "demonslayers_greatsword_85",
			"from": [6.875, 6.75, 7.625],
			"to": [7.375, 6.875, 7.75],
			"faces": {
				"north": {"uv": [6.875, 10.5, 7.375, 10.375], "rotation": 180, "texture": "#0"},
				"east": {"uv": [7.25, 10.375, 7.375, 10.5], "texture": "#0"},
				"south": {"uv": [6.875, 10.375, 7.375, 10.5], "texture": "#0"},
				"west": {"uv": [6.875, 10.375, 7, 10.5], "texture": "#0"},
				"up": {"uv": [7.375, 10.375, 6.875, 10.5], "rotation": 180, "texture": "#0"},
				"down": {"uv": [6.875, 10.375, 7.375, 10.5], "texture": "#0"}
			}
		},
		{
			"name": "demonslayers_greatsword_86",
			"from": [7.125, 6.625, 7.625],
			"to": [7.375, 6.75, 7.75],
			"faces": {
				"north": {"uv": [7.125, 10.625, 7.375, 10.5], "rotation": 180, "texture": "#0"},
				"east": {"uv": [7.25, 10.5, 7.375, 10.625], "texture": "#0"},
				"south": {"uv": [7.125, 10.5, 7.375, 10.625], "texture": "#0"},
				"west": {"uv": [7.125, 10.5, 7.25, 10.625], "texture": "#0"},
				"up": {"uv": [7.375, 10.5, 7.125, 10.625], "rotation": 180, "texture": "#0"},
				"down": {"uv": [7.125, 10.5, 7.375, 10.625], "texture": "#0"}
			}
		},
		{
			"name": "demonslayers_greatsword_87",
			"from": [8.375, 6.625, 7.625],
			"to": [8.625, 6.75, 7.75],
			"faces": {
				"north": {"uv": [8.375, 10.625, 8.625, 10.5], "rotation": 180, "texture": "#0"},
				"east": {"uv": [8.5, 10.5, 8.625, 10.625], "texture": "#0"},
				"south": {"uv": [8.375, 10.5, 8.625, 10.625], "texture": "#0"},
				"west": {"uv": [8.375, 10.5, 8.5, 10.625], "texture": "#0"},
				"up": {"uv": [8.625, 10.5, 8.375, 10.625], "rotation": 180, "texture": "#0"},
				"down": {"uv": [8.375, 10.5, 8.625, 10.625], "texture": "#0"}
			}
		},
		{
			"name": "demonslayers_greatsword_88",
			"from": [7, 6, 7.625],
			"to": [7.5, 6.125, 7.75],
			"faces": {
				"north": {"uv": [7, 11.25, 7.5, 11.125], "rotation": 180, "texture": "#0"},
				"east": {"uv": [7.375, 11.125, 7.5, 11.25], "texture": "#0"},
				"south": {"uv": [7, 11.125, 7.5, 11.25], "texture": "#0"},
				"west": {"uv": [7, 11.125, 7.125, 11.25], "texture": "#0"},
				"up": {"uv": [7.5, 11.125, 7, 11.25], "rotation": 180, "texture": "#0"},
				"down": {"uv": [7, 11.125, 7.5, 11.25], "texture": "#0"}
			}
		},
		{
			"name": "demonslayers_greatsword_89",
			"from": [8.25, 5.875, 7.625],
			"to": [8.625, 6.125, 7.75],
			"faces": {
				"north": {"uv": [8.25, 11.375, 8.625, 11.125], "rotation": 180, "texture": "#0"},
				"east": {"uv": [8.5, 11.125, 8.625, 11.375], "texture": "#0"},
				"south": {"uv": [8.25, 11.125, 8.625, 11.375], "texture": "#0"},
				"west": {"uv": [8.25, 11.125, 8.375, 11.375], "texture": "#0"},
				"up": {"uv": [8.625, 11.125, 8.25, 11.25], "rotation": 180, "texture": "#0"},
				"down": {"uv": [8.25, 11.25, 8.625, 11.375], "texture": "#0"}
			}
		},
		{
			"name": "demonslayers_greatsword_90",
			"from": [8.625, 6, 7.625],
			"to": [8.75, 6.125, 7.75],
			"faces": {
				"north": {"uv": [8.625, 11.25, 8.75, 11.125], "rotation": 180, "texture": "#0"},
				"east": {"uv": [8.625, 11.125, 8.75, 11.25], "texture": "#0"},
				"south": {"uv": [8.625, 11.125, 8.75, 11.25], "texture": "#0"},
				"west": {"uv": [8.625, 11.125, 8.75, 11.25], "texture": "#0"},
				"up": {"uv": [8.75, 11.125, 8.625, 11.25], "rotation": 180, "texture": "#0"},
				"down": {"uv": [8.625, 11.125, 8.75, 11.25], "texture": "#0"}
			}
		},
		{
			"name": "demonslayers_greatsword_91",
			"from": [7.125, 5.875, 7.625],
			"to": [7.5, 6, 7.75],
			"faces": {
				"north": {"uv": [7.125, 11.375, 7.5, 11.25], "rotation": 180, "texture": "#0"},
				"east": {"uv": [7.375, 11.25, 7.5, 11.375], "texture": "#0"},
				"south": {"uv": [7.125, 11.25, 7.5, 11.375], "texture": "#0"},
				"west": {"uv": [7.125, 11.25, 7.25, 11.375], "texture": "#0"},
				"up": {"uv": [7.5, 11.25, 7.125, 11.375], "rotation": 180, "texture": "#0"},
				"down": {"uv": [7.125, 11.25, 7.5, 11.375], "texture": "#0"}
			}
		},
		{
			"name": "demonslayers_greatsword_92",
			"from": [7.375, 5.75, 7.625],
			"to": [7.5, 5.875, 7.75],
			"faces": {
				"north": {"uv": [7.375, 11.5, 7.5, 11.375], "rotation": 180, "texture": "#0"},
				"east": {"uv": [7.375, 11.375, 7.5, 11.5], "texture": "#0"},
				"south": {"uv": [7.375, 11.375, 7.5, 11.5], "texture": "#0"},
				"west": {"uv": [7.375, 11.375, 7.5, 11.5], "texture": "#0"},
				"up": {"uv": [7.5, 11.375, 7.375, 11.5], "rotation": 180, "texture": "#0"},
				"down": {"uv": [7.375, 11.375, 7.5, 11.5], "texture": "#0"}
			}
		},
		{
			"name": "demonslayers_greatsword_93",
			"from": [7.625, 3.625, 7.5],
			"to": [8.125, 5.375, 7.875],
			"faces": {
				"north": {"uv": [7.625, 13.125, 8.125, 11.375], "rotation": 180, "texture": "#0"},
				"east": {"uv": [8, 11.375, 8.125, 13.125], "texture": "#0"},
				"south": {"uv": [7.625, 11.375, 8.125, 13.125], "texture": "#0"},
				"west": {"uv": [7.625, 11.375, 7.75, 13.125], "texture": "#0"},
				"up": {"uv": [8.125, 11.375, 7.625, 11.5], "rotation": 180, "texture": "#0"},
				"down": {"uv": [7.625, 13, 8.125, 13.125], "texture": "#0"}
			}
		},
		{
			"name": "demonslayers_greatsword_94",
			"from": [8.25, 5.75, 7.625],
			"to": [8.375, 5.875, 7.75],
			"faces": {
				"north": {"uv": [8.25, 11.5, 8.375, 11.375], "rotation": 180, "texture": "#0"},
				"east": {"uv": [8.25, 11.375, 8.375, 11.5], "texture": "#0"},
				"south": {"uv": [8.25, 11.375, 8.375, 11.5], "texture": "#0"},
				"west": {"uv": [8.25, 11.375, 8.375, 11.5], "texture": "#0"},
				"up": {"uv": [8.375, 11.375, 8.25, 11.5], "rotation": 180, "texture": "#0"},
				"down": {"uv": [8.25, 11.375, 8.375, 11.5], "texture": "#0"}
			}
		},
		{
			"name": "demonslayers_greatsword_95",
			"from": [7.625, 3.375, 7.5],
			"to": [7.875, 3.625, 7.875],
			"faces": {
				"north": {"uv": [7.625, 13.375, 7.875, 13.125], "rotation": 180, "texture": "#0"},
				"east": {"uv": [7.75, 13.125, 7.875, 13.375], "texture": "#0"},
				"south": {"uv": [7.625, 13.125, 7.875, 13.375], "texture": "#0"},
				"west": {"uv": [7.625, 13.125, 7.75, 13.375], "texture": "#0"},
				"up": {"uv": [7.875, 13.125, 7.625, 13.25], "rotation": 180, "texture": "#0"},
				"down": {"uv": [7.625, 13.25, 7.875, 13.375], "texture": "#0"}
			}
		},
		{
			"name": "demonslayers_greatsword_96",
			"from": [7.875, 3.5, 7.5],
			"to": [8, 3.625, 7.875],
			"faces": {
				"north": {"uv": [7.875, 13.25, 8, 13.125], "rotation": 180, "texture": "#0"},
				"east": {"uv": [7.875, 13.125, 8, 13.25], "texture": "#0"},
				"south": {"uv": [7.875, 13.125, 8, 13.25], "texture": "#0"},
				"west": {"uv": [7.875, 13.125, 8, 13.25], "texture": "#0"},
				"up": {"uv": [8, 13.125, 7.875, 13.25], "rotation": 180, "texture": "#0"},
				"down": {"uv": [7.875, 13.125, 8, 13.25], "texture": "#0"}
			}
		},
		{
			"name": "demonslayers_greatsword_97",
			"from": [7.625, 3.25, 7.5],
			"to": [7.75, 3.375, 7.875],
			"faces": {
				"north": {"uv": [7.625, 13.5, 7.75, 13.375], "rotation": 180, "texture": "#0"},
				"east": {"uv": [7.625, 13.375, 7.75, 13.5], "texture": "#0"},
				"south": {"uv": [7.625, 13.375, 7.75, 13.5], "texture": "#0"},
				"west": {"uv": [7.625, 13.375, 7.75, 13.5], "texture": "#0"},
				"up": {"uv": [7.75, 13.375, 7.625, 13.5], "rotation": 180, "texture": "#0"},
				"down": {"uv": [7.625, 13.375, 7.75, 13.5], "texture": "#0"}
			}
		},
		{
			"name": "demonslayers_greatsword_98",
			"from": [8.125, 2.375, 7.4375],
			"to": [8.25, 3.75, 7.9375],
			"faces": {
				"north": {"uv": [8.125, 14.875, 8.25, 13.5], "rotation": 180, "texture": "#0"},
				"east": {"uv": [8.125, 13.5, 8.25, 14.875], "texture": "#0"},
				"south": {"uv": [8.125, 13.5, 8.25, 14.875], "texture": "#0"},
				"west": {"uv": [8.125, 13.5, 8.25, 14.875], "texture": "#0"},
				"up": {"uv": [8.25, 13.5, 8.125, 13.625], "rotation": 180, "texture": "#0"},
				"down": {"uv": [8.125, 14.75, 8.25, 14.875], "texture": "#0"}
			}
		},
		{
			"name": "demonslayers_greatsword_99",
			"from": [8, 2.625, 7.4375],
			"to": [8.125, 3.625, 7.9375],
			"faces": {
				"north": {"uv": [8, 14.625, 8.125, 13.625], "rotation": 180, "texture": "#0"},
				"east": {"uv": [8, 13.625, 8.125, 14.625], "texture": "#0"},
				"south": {"uv": [8, 13.625, 8.125, 14.625], "texture": "#0"},
				"west": {"uv": [8, 13.625, 8.125, 14.625], "texture": "#0"},
				"up": {"uv": [8.125, 13.625, 8, 13.75], "rotation": 180, "texture": "#0"},
				"down": {"uv": [8, 14.5, 8.125, 14.625], "texture": "#0"}
			}
		},
		{
			"name": "demonslayers_greatsword_100",
			"from": [7.875, 2.75, 7.4375],
			"to": [8, 3.5, 7.9375],
			"faces": {
				"north": {"uv": [7.875, 14.5, 8, 13.75], "rotation": 180, "texture": "#0"},
				"east": {"uv": [7.875, 13.75, 8, 14.5], "texture": "#0"},
				"south": {"uv": [7.875, 13.75, 8, 14.5], "texture": "#0"},
				"west": {"uv": [7.875, 13.75, 8, 14.5], "texture": "#0"},
				"up": {"uv": [8, 13.75, 7.875, 13.875], "rotation": 180, "texture": "#0"},
				"down": {"uv": [7.875, 14.375, 8, 14.5], "texture": "#0"}
			}
		},
		{
			"name": "demonslayers_greatsword_101",
			"from": [8.25, 2.375, 7.4375],
			"to": [8.375, 3.5, 7.9375],
			"faces": {
				"north": {"uv": [8.25, 14.875, 8.375, 13.75], "rotation": 180, "texture": "#0"},
				"east": {"uv": [8.25, 13.75, 8.375, 14.875], "texture": "#0"},
				"south": {"uv": [8.25, 13.75, 8.375, 14.875], "texture": "#0"},
				"west": {"uv": [8.25, 13.75, 8.375, 14.875], "texture": "#0"},
				"up": {"uv": [8.375, 13.75, 8.25, 13.875], "rotation": 180, "texture": "#0"},
				"down": {"uv": [8.25, 14.75, 8.375, 14.875], "texture": "#0"}
			}
		},
		{
			"name": "demonslayers_greatsword_102",
			"from": [7.75, 2.75, 7.4375],
			"to": [7.875, 3.375, 7.9375],
			"faces": {
				"north": {"uv": [7.75, 14.5, 7.875, 13.875], "rotation": 180, "texture": "#0"},
				"east": {"uv": [7.75, 13.875, 7.875, 14.5], "texture": "#0"},
				"south": {"uv": [7.75, 13.875, 7.875, 14.5], "texture": "#0"},
				"west": {"uv": [7.75, 13.875, 7.875, 14.5], "texture": "#0"},
				"up": {"uv": [7.875, 13.875, 7.75, 14], "rotation": 180, "texture": "#0"},
				"down": {"uv": [7.75, 14.375, 7.875, 14.5], "texture": "#0"}
			}
		},
		{
			"name": "demonslayers_greatsword_103",
			"from": [8.375, 2.5, 7.4375],
			"to": [8.5, 3.375, 7.9375],
			"faces": {
				"north": {"uv": [8.375, 14.75, 8.5, 13.875], "rotation": 180, "texture": "#0"},
				"east": {"uv": [8.375, 13.875, 8.5, 14.75], "texture": "#0"},
				"south": {"uv": [8.375, 13.875, 8.5, 14.75], "texture": "#0"},
				"west": {"uv": [8.375, 13.875, 8.5, 14.75], "texture": "#0"},
				"up": {"uv": [8.5, 13.875, 8.375, 14], "rotation": 180, "texture": "#0"},
				"down": {"uv": [8.375, 14.625, 8.5, 14.75], "texture": "#0"}
			}
		},
		{
			"name": "demonslayers_greatsword_104",
			"from": [7.625, 2.75, 7.4375],
			"to": [7.75, 3.25, 7.9375],
			"faces": {
				"north": {"uv": [7.625, 14.5, 7.75, 14], "rotation": 180, "texture": "#0"},
				"east": {"uv": [7.625, 14, 7.75, 14.5], "texture": "#0"},
				"south": {"uv": [7.625, 14, 7.75, 14.5], "texture": "#0"},
				"west": {"uv": [7.625, 14, 7.75, 14.5], "texture": "#0"},
				"up": {"uv": [7.75, 14, 7.625, 14.125], "rotation": 180, "texture": "#0"},
				"down": {"uv": [7.625, 14.375, 7.75, 14.5], "texture": "#0"}
			}
		},
		{
			"name": "demonslayers_greatsword_105",
			"from": [8.5, 3, 7.4375],
			"to": [8.875, 3.25, 7.9375],
			"faces": {
				"north": {"uv": [8.5, 14.25, 8.875, 14], "rotation": 180, "texture": "#0"},
				"east": {"uv": [8.75, 14, 8.875, 14.25], "texture": "#0"},
				"south": {"uv": [8.5, 14, 8.875, 14.25], "texture": "#0"},
				"west": {"uv": [8.5, 14, 8.625, 14.25], "texture": "#0"},
				"up": {"uv": [8.875, 14, 8.5, 14.125], "rotation": 180, "texture": "#0"},
				"down": {"uv": [8.5, 14.125, 8.875, 14.25], "texture": "#0"}
			}
		},
		{
			"name": "demonslayers_greatsword_106",
			"from": [7.5, 2.75, 7.4375],
			"to": [7.625, 3.125, 7.9375],
			"faces": {
				"north": {"uv": [7.5, 14.5, 7.625, 14.125], "rotation": 180, "texture": "#0"},
				"east": {"uv": [7.5, 14.125, 7.625, 14.5], "texture": "#0"},
				"south": {"uv": [7.5, 14.125, 7.625, 14.5], "texture": "#0"},
				"west": {"uv": [7.5, 14.125, 7.625, 14.5], "texture": "#0"},
				"up": {"uv": [7.625, 14.125, 7.5, 14.25], "rotation": 180, "texture": "#0"},
				"down": {"uv": [7.5, 14.375, 7.625, 14.5], "texture": "#0"}
			}
		},
		{
			"name": "demonslayers_greatsword_107",
			"from": [7.375, 2.75, 7.4375],
			"to": [7.5, 3, 7.9375],
			"faces": {
				"north": {"uv": [7.375, 14.5, 7.5, 14.25], "rotation": 180, "texture": "#0"},
				"east": {"uv": [7.375, 14.25, 7.5, 14.5], "texture": "#0"},
				"south": {"uv": [7.375, 14.25, 7.5, 14.5], "texture": "#0"},
				"west": {"uv": [7.375, 14.25, 7.5, 14.5], "texture": "#0"},
				"up": {"uv": [7.5, 14.25, 7.375, 14.375], "rotation": 180, "texture": "#0"},
				"down": {"uv": [7.375, 14.375, 7.5, 14.5], "texture": "#0"}
			}
		},
		{
			"name": "demonslayers_greatsword_108",
			"from": [8.5, 2.625, 7.4375],
			"to": [8.75, 3, 7.9375],
			"faces": {
				"north": {"uv": [8.5, 14.625, 8.75, 14.25], "rotation": 180, "texture": "#0"},
				"east": {"uv": [8.625, 14.25, 8.75, 14.625], "texture": "#0"},
				"south": {"uv": [8.5, 14.25, 8.75, 14.625], "texture": "#0"},
				"west": {"uv": [8.5, 14.25, 8.625, 14.625], "texture": "#0"},
				"up": {"uv": [8.75, 14.25, 8.5, 14.375], "rotation": 180, "texture": "#0"},
				"down": {"uv": [8.5, 14.5, 8.75, 14.625], "texture": "#0"}
			}
		},
		{
			"name": "demonslayers_greatsword_109",
			"from": [8.5, 2.5, 7.4375],
			"to": [8.625, 2.625, 7.9375],
			"faces": {
				"north": {"uv": [8.5, 14.75, 8.625, 14.625], "rotation": 180, "texture": "#0"},
				"east": {"uv": [8.5, 14.625, 8.625, 14.75], "texture": "#0"},
				"south": {"uv": [8.5, 14.625, 8.625, 14.75], "texture": "#0"},
				"west": {"uv": [8.5, 14.625, 8.625, 14.75], "texture": "#0"},
				"up": {"uv": [8.625, 14.625, 8.5, 14.75], "rotation": 180, "texture": "#0"},
				"down": {"uv": [8.5, 14.625, 8.625, 14.75], "texture": "#0"}
			}
		},
		{
			"name": "demonslayers_greatsword_110",
			"from": [8.375, 2.25, 7.5],
			"to": [8.625, 2.5, 7.875],
			"faces": {
				"north": {"uv": [9.125, 15, 9.375, 14.75], "rotation": 180, "texture": "#0"},
				"east": {"uv": [9.25, 14.75, 9.375, 15], "texture": "#0"},
				"south": {"uv": [9.125, 14.75, 9.375, 15], "texture": "#0"},
				"west": {"uv": [9.125, 14.75, 9.25, 15], "texture": "#0"},
				"up": {"uv": [9.375, 14.75, 9.125, 14.875], "rotation": 180, "texture": "#0"},
				"down": {"uv": [9.125, 14.875, 9.375, 15], "texture": "#0"}
			}
		},
		{
			"name": "demonslayers_greatsword_111",
			"from": [8.125, 2, 7.5],
			"to": [8.375, 2.375, 7.875],
			"faces": {
				"north": {"uv": [8.875, 15.25, 9.125, 14.875], "rotation": 180, "texture": "#0"},
				"east": {"uv": [9, 14.875, 9.125, 15.25], "texture": "#0"},
				"south": {"uv": [8.875, 14.875, 9.125, 15.25], "texture": "#0"},
				"west": {"uv": [8.875, 14.875, 9, 15.25], "texture": "#0"},
				"up": {"uv": [9.125, 14.875, 8.875, 15], "rotation": 180, "texture": "#0"},
				"down": {"uv": [8.875, 15.125, 9.125, 15.25], "texture": "#0"}
			}
		},
		{
			"name": "demonslayers_greatsword_112",
			"from": [8.375, 2.125, 7.5],
			"to": [8.5, 2.25, 7.875],
			"faces": {
				"north": {"uv": [9.125, 15.125, 9.25, 15], "rotation": 180, "texture": "#0"},
				"east": {"uv": [9.125, 15, 9.25, 15.125], "texture": "#0"},
				"south": {"uv": [9.125, 15, 9.25, 15.125], "texture": "#0"},
				"west": {"uv": [9.125, 15, 9.25, 15.125], "texture": "#0"},
				"up": {"uv": [9.25, 15, 9.125, 15.125], "rotation": 180, "texture": "#0"},
				"down": {"uv": [9.125, 15, 9.25, 15.125], "texture": "#0"}
			}
		},
		{
			"name": "demonslayers_greatsword_113",
			"from": [8, 1.75, 7.5],
			"to": [8.125, 2.125, 7.875],
			"faces": {
				"north": {"uv": [8.75, 15.5, 8.875, 15.125], "rotation": 180, "texture": "#0"},
				"east": {"uv": [8.75, 15.125, 8.875, 15.5], "texture": "#0"},
				"south": {"uv": [8.75, 15.125, 8.875, 15.5], "texture": "#0"},
				"west": {"uv": [8.75, 15.125, 8.875, 15.5], "texture": "#0"},
				"up": {"uv": [8.875, 15.125, 8.75, 15.25], "rotation": 180, "texture": "#0"},
				"down": {"uv": [8.75, 15.375, 8.875, 15.5], "texture": "#0"}
			}
		},
		{
			"name": "demonslayers_greatsword_114",
			"from": [7.875, 1.625, 7.5],
			"to": [8, 2, 7.875],
			"faces": {
				"north": {"uv": [8.625, 15.625, 8.75, 15.25], "rotation": 180, "texture": "#0"},
				"east": {"uv": [8.625, 15.25, 8.75, 15.625], "texture": "#0"},
				"south": {"uv": [8.625, 15.25, 8.75, 15.625], "texture": "#0"},
				"west": {"uv": [8.625, 15.25, 8.75, 15.625], "texture": "#0"},
				"up": {"uv": [8.75, 15.25, 8.625, 15.375], "rotation": 180, "texture": "#0"},
				"down": {"uv": [8.625, 15.5, 8.75, 15.625], "texture": "#0"}
			}
		},
		{
			"name": "demonslayers_greatsword_115",
			"from": [8.125, 1.875, 7.5],
			"to": [8.25, 2, 7.875],
			"faces": {
				"north": {"uv": [8.875, 15.375, 9, 15.25], "rotation": 180, "texture": "#0"},
				"east": {"uv": [8.875, 15.25, 9, 15.375], "texture": "#0"},
				"south": {"uv": [8.875, 15.25, 9, 15.375], "texture": "#0"},
				"west": {"uv": [8.875, 15.25, 9, 15.375], "texture": "#0"},
				"up": {"uv": [9, 15.25, 8.875, 15.375], "rotation": 180, "texture": "#0"},
				"down": {"uv": [8.875, 15.25, 9, 15.375], "texture": "#0"}
			}
		},
		{
			"name": "demonslayers_greatsword_116",
			"from": [7.5, 1.625, 7.5625],
			"to": [7.875, 1.875, 7.8125],
			"faces": {
				"north": {"uv": [8, 15.625, 8.375, 15.375], "rotation": 180, "texture": "#0"},
				"east": {"uv": [8.25, 15.375, 8.375, 15.625], "texture": "#0"},
				"south": {"uv": [8, 15.375, 8.375, 15.625], "texture": "#0"},
				"west": {"uv": [8, 15.375, 8.125, 15.625], "texture": "#0"},
				"up": {"uv": [8.375, 15.375, 8, 15.5], "rotation": 180, "texture": "#0"},
				"down": {"uv": [8, 15.5, 8.375, 15.625], "texture": "#0"}
			}
		},
		{
			"name": "demonslayers_greatsword_117",
			"from": [7.5, 1.5, 7.5625],
			"to": [7.75, 1.625, 7.8125],
			"faces": {
				"north": {"uv": [8, 15.75, 8.25, 15.625], "rotation": 180, "texture": "#0"},
				"east": {"uv": [8.125, 15.625, 8.25, 15.75], "texture": "#0"},
				"south": {"uv": [8, 15.625, 8.25, 15.75], "texture": "#0"},
				"west": {"uv": [8, 15.625, 8.125, 15.75], "texture": "#0"},
				"up": {"uv": [8.25, 15.625, 8, 15.75], "rotation": 180, "texture": "#0"},
				"down": {"uv": [8, 15.625, 8.25, 15.75], "texture": "#0"}
			}
		},
		{
			"name": "demonslayers_greatsword_118",
			"from": [7.5, 1.375, 7.5625],
			"to": [7.625, 1.5, 7.8125],
			"faces": {
				"north": {"uv": [8, 15.875, 8.125, 15.75], "rotation": 180, "texture": "#0"},
				"east": {"uv": [8, 15.75, 8.125, 15.875], "texture": "#0"},
				"south": {"uv": [8, 15.75, 8.125, 15.875], "texture": "#0"},
				"west": {"uv": [8, 15.75, 8.125, 15.875], "texture": "#0"},
				"up": {"uv": [8.125, 15.75, 8, 15.875], "rotation": 180, "texture": "#0"},
				"down": {"uv": [8, 15.75, 8.125, 15.875], "texture": "#0"}
			}
		}
	],
	"gui_light": "front",
	"display": {
		"thirdperson_righthand": {
			"rotation": [0, -90, 0],
			"translation": [-0.75, 6.25, 1.75],
			"scale": [2.4, 2.4, 2.4]
		},
		"thirdperson_lefthand": {
			"rotation": [0, 90, 0],
			"translation": [0.75, 6.25, 1.75],
			"scale": [2.4, 2.4, 2.4]
		},
		"firstperson_righthand": {
			"rotation": [10, -90, 0],
			"translation": [-1.5, 7.25, 3.25],
			"scale": [1.4, 1.4, 1.4]
		},
		"firstperson_lefthand": {
			"rotation": [10, 90, 0],
			"translation": [-0.75, 7.25, 3.25],
			"scale": [1.4, 1.4, 1.4]
		},
		"ground": {
			"rotation": [0, 0, 45],
			"translation": [1, 1.5, 0.25]
		},
		"gui": {
			"rotation": [0, 0, -45],
			"translation": [-0.75, -1.25, 0],
			"scale": [1.4, 1.4, 1]
		},
		"head": {
			"rotation": [0, 0, 45],
			"translation": [0, 19, 0],
			"scale": [2, 2, 2]
		},
		"fixed": {
			"rotation": [0, 0, 90],
			"translation": [4.75, 0.5, -1.25],
			"scale": [4, 4, 4]
		}
	},
	"groups": [
		{
			"name": "demonslayers_greatsword",
			"origin": [8, 8, 8],
			"color": 0,
			"children": [
				0,
				1,
				2,
				3,
				4,
				5,
				6,
				7,
				8,
				9,
				10,
				11,
				12,
				13,
				14,
				15,
				16,
				17,
				18,
				19,
				20,
				21,
				22,
				23,
				24,
				25,
				26,
				27,
				28,
				29,
				30,
				31,
				32,
				33,
				34,
				35,
				36,
				37,
				38,
				39,
				40,
				41,
				42,
				43,
				44,
				45,
				46,
				47,
				48,
				49,
				50,
				51,
				52,
				53,
				54,
				55,
				56,
				57,
				58,
				59,
				60,
				61,
				62,
				63,
				64,
				65,
				66,
				67,
				68,
				69,
				70,
				71,
				72,
				73,
				74,
				75,
				76,
				77,
				78,
				79,
				80,
				81,
				82,
				83,
				84,
				85,
				86,
				87,
				88,
				89,
				90,
				91,
				92,
				93,
				94,
				95,
				96,
				97,
				98,
				99,
				100,
				101,
				102,
				103,
				104,
				105,
				106,
				107,
				108,
				109,
				110,
				111,
				112,
				113,
				114,
				115,
				116,
				117,
				118
			]
		}
	]
}
