{
	"format_version": "1.21.6",
	"textures": {
		"0": "minecraft:3dsword/grand_claymore",
		"particle": "minecraft:3dsword/grand_claymore"
	},
	"elements": [
		{
			"name": "grand_claymore_0",
			"from": [7.9375, 15.75, 7.96875],
			"to": [8.0625, 16.125, 8.03125],
			"rotation": {"angle": 0, "axis": "y", "origin": [0.0625, 0, 7.9375]},
			"faces": {
				"north": {"uv": [4.5, 0.125, 4.375, 0.5], "texture": "#0"},
				"east": {"uv": [4.375, 0.125, 4.5, 0.5], "texture": "#0"},
				"south": {"uv": [4.375, 0.125, 4.5, 0.5], "texture": "#0"},
				"west": {"uv": [4.375, 0.125, 4.5, 0.5], "texture": "#0"},
				"up": {"uv": [4.375, 0.125, 4.5, 0.25], "texture": "#0"},
				"down": {"uv": [4.375, 0.375, 4.5, 0.5], "texture": "#0"}
			}
		},
		{
			"name": "grand_claymore_1",
			"from": [7.8125, 15.5, 7.96875],
			"to": [7.9375, 15.875, 8.03125],
			"rotation": {"angle": 0, "axis": "y", "origin": [0.0625, 0, 7.9375]},
			"faces": {
				"north": {"uv": [4.375, 0.375, 4.25, 0.75], "texture": "#0"},
				"east": {"uv": [4.25, 0.375, 4.375, 0.75], "texture": "#0"},
				"south": {"uv": [4.25, 0.375, 4.375, 0.75], "texture": "#0"},
				"west": {"uv": [4.25, 0.375, 4.375, 0.75], "texture": "#0"},
				"up": {"uv": [4.25, 0.375, 4.375, 0.5], "texture": "#0"},
				"down": {"uv": [4.25, 0.625, 4.375, 0.75], "texture": "#0"}
			}
		},
		{
			"name": "grand_claymore_2",
			"from": [8.0625, 15.5, 7.96875],
			"to": [8.1875, 15.875, 8.03125],
			"rotation": {"angle": 0, "axis": "y", "origin": [0.0625, 0, 7.9375]},
			"faces": {
				"north": {"uv": [4.625, 0.375, 4.5, 0.75], "texture": "#0"},
				"east": {"uv": [4.5, 0.375, 4.625, 0.75], "texture": "#0"},
				"south": {"uv": [4.5, 0.375, 4.625, 0.75], "texture": "#0"},
				"west": {"uv": [4.5, 0.375, 4.625, 0.75], "texture": "#0"},
				"up": {"uv": [4.5, 0.375, 4.625, 0.5], "texture": "#0"},
				"down": {"uv": [4.5, 0.625, 4.625, 0.75], "texture": "#0"}
			}
		},
		{
			"name": "grand_claymore_3",
			"from": [7.9375, 15.125, 7.9375],
			"to": [8.0625, 15.75, 8.0625],
			"rotation": {"angle": 0, "axis": "y", "origin": [0.0625, 0, 7.9375]},
			"faces": {
				"north": {"uv": [1.375, 0.5, 1.25, 1.125], "texture": "#0"},
				"east": {"uv": [1.25, 0.5, 1.375, 1.125], "texture": "#0"},
				"south": {"uv": [1.25, 0.5, 1.375, 1.125], "texture": "#0"},
				"west": {"uv": [1.25, 0.5, 1.375, 1.125], "texture": "#0"},
				"up": {"uv": [1.25, 0.5, 1.375, 0.625], "texture": "#0"},
				"down": {"uv": [1.25, 1, 1.375, 1.125], "texture": "#0"}
			}
		},
		{
			"name": "grand_claymore_4",
			"from": [7.6875, 15.25, 7.96875],
			"to": [7.8125, 15.625, 8.03125],
			"rotation": {"angle": 0, "axis": "y", "origin": [0.0625, 0, 7.9375]},
			"faces": {
				"north": {"uv": [4.25, 0.625, 4.125, 1], "texture": "#0"},
				"east": {"uv": [4.125, 0.625, 4.25, 1], "texture": "#0"},
				"south": {"uv": [4.125, 0.625, 4.25, 1], "texture": "#0"},
				"west": {"uv": [4.125, 0.625, 4.25, 1], "texture": "#0"},
				"up": {"uv": [4.125, 0.625, 4.25, 0.75], "texture": "#0"},
				"down": {"uv": [4.125, 0.875, 4.25, 1], "texture": "#0"}
			}
		},
		{
			"name": "grand_claymore_5",
			"from": [8.1875, 15.25, 7.96875],
			"to": [8.3125, 15.625, 8.03125],
			"rotation": {"angle": 0, "axis": "y", "origin": [0.0625, 0, 7.9375]},
			"faces": {
				"north": {"uv": [4.75, 0.625, 4.625, 1], "texture": "#0"},
				"east": {"uv": [4.625, 0.625, 4.75, 1], "texture": "#0"},
				"south": {"uv": [4.625, 0.625, 4.75, 1], "texture": "#0"},
				"west": {"uv": [4.625, 0.625, 4.75, 1], "texture": "#0"},
				"up": {"uv": [4.625, 0.625, 4.75, 0.75], "texture": "#0"},
				"down": {"uv": [4.625, 0.875, 4.75, 1], "texture": "#0"}
			}
		},
		{
			"name": "grand_claymore_6",
			"from": [7.8125, 14.875, 7.9375],
			"to": [7.9375, 15.5, 8.0625],
			"rotation": {"angle": 0, "axis": "y", "origin": [0.0625, 0, 7.9375]},
			"faces": {
				"north": {"uv": [1.25, 0.75, 1.125, 1.375], "texture": "#0"},
				"east": {"uv": [1.125, 0.75, 1.25, 1.375], "texture": "#0"},
				"south": {"uv": [1.125, 0.75, 1.25, 1.375], "texture": "#0"},
				"west": {"uv": [1.125, 0.75, 1.25, 1.375], "texture": "#0"},
				"up": {"uv": [1.125, 0.75, 1.25, 0.875], "texture": "#0"},
				"down": {"uv": [1.125, 1.25, 1.25, 1.375], "texture": "#0"}
			}
		},
		{
			"name": "grand_claymore_7",
			"from": [8.0625, 14.875, 7.9375],
			"to": [8.1875, 15.5, 8.0625],
			"rotation": {"angle": 0, "axis": "y", "origin": [0.0625, 0, 7.9375]},
			"faces": {
				"north": {"uv": [1.5, 0.75, 1.375, 1.375], "texture": "#0"},
				"east": {"uv": [1.375, 0.75, 1.5, 1.375], "texture": "#0"},
				"south": {"uv": [1.375, 0.75, 1.5, 1.375], "texture": "#0"},
				"west": {"uv": [1.375, 0.75, 1.5, 1.375], "texture": "#0"},
				"up": {"uv": [1.375, 0.75, 1.5, 0.875], "texture": "#0"},
				"down": {"uv": [1.375, 1.25, 1.5, 1.375], "texture": "#0"}
			}
		},
		{
			"name": "grand_claymore_8",
			"from": [7.5625, 15, 7.96875],
			"to": [7.6875, 15.375, 8.03125],
			"rotation": {"angle": 0, "axis": "y", "origin": [0.0625, 0, 7.9375]},
			"faces": {
				"north": {"uv": [4.125, 0.875, 4, 1.25], "texture": "#0"},
				"east": {"uv": [4, 0.875, 4.125, 1.25], "texture": "#0"},
				"south": {"uv": [4, 0.875, 4.125, 1.25], "texture": "#0"},
				"west": {"uv": [4, 0.875, 4.125, 1.25], "texture": "#0"},
				"up": {"uv": [4, 0.875, 4.125, 1], "texture": "#0"},
				"down": {"uv": [4, 1.125, 4.125, 1.25], "texture": "#0"}
			}
		},
		{
			"name": "grand_claymore_9",
			"from": [8.3125, 15, 7.96875],
			"to": [8.4375, 15.375, 8.03125],
			"rotation": {"angle": 0, "axis": "y", "origin": [0.0625, 0, 7.9375]},
			"faces": {
				"north": {"uv": [4.875, 0.875, 4.75, 1.25], "texture": "#0"},
				"east": {"uv": [4.75, 0.875, 4.875, 1.25], "texture": "#0"},
				"south": {"uv": [4.75, 0.875, 4.875, 1.25], "texture": "#0"},
				"west": {"uv": [4.75, 0.875, 4.875, 1.25], "texture": "#0"},
				"up": {"uv": [4.75, 0.875, 4.875, 1], "texture": "#0"},
				"down": {"uv": [4.75, 1.125, 4.875, 1.25], "texture": "#0"}
			}
		},
		{
			"name": "grand_claymore_10",
			"from": [7.6875, 14.625, 7.9375],
			"to": [7.8125, 15.25, 8.0625],
			"rotation": {"angle": 0, "axis": "y", "origin": [0.0625, 0, 7.9375]},
			"faces": {
				"north": {"uv": [1.125, 1, 1, 1.625], "texture": "#0"},
				"east": {"uv": [1, 1, 1.125, 1.625], "texture": "#0"},
				"south": {"uv": [1, 1, 1.125, 1.625], "texture": "#0"},
				"west": {"uv": [1, 1, 1.125, 1.625], "texture": "#0"},
				"up": {"uv": [1, 1, 1.125, 1.125], "texture": "#0"},
				"down": {"uv": [1, 1.5, 1.125, 1.625], "texture": "#0"}
			}
		},
		{
			"name": "grand_claymore_11",
			"from": [8.1875, 14.625, 7.9375],
			"to": [8.3125, 15.25, 8.0625],
			"rotation": {"angle": 0, "axis": "y", "origin": [0.0625, 0, 7.9375]},
			"faces": {
				"north": {"uv": [1.625, 1, 1.5, 1.625], "texture": "#0"},
				"east": {"uv": [1.5, 1, 1.625, 1.625], "texture": "#0"},
				"south": {"uv": [1.5, 1, 1.625, 1.625], "texture": "#0"},
				"west": {"uv": [1.5, 1, 1.625, 1.625], "texture": "#0"},
				"up": {"uv": [1.5, 1, 1.625, 1.125], "texture": "#0"},
				"down": {"uv": [1.5, 1.5, 1.625, 1.625], "texture": "#0"}
			}
		},
		{
			"name": "grand_claymore_12",
			"from": [7.4375, 14.75, 7.96875],
			"to": [7.5625, 15.125, 8.03125],
			"rotation": {"angle": 0, "axis": "y", "origin": [0.0625, 0, 7.9375]},
			"faces": {
				"north": {"uv": [4, 1.125, 3.875, 1.5], "texture": "#0"},
				"east": {"uv": [3.875, 1.125, 4, 1.5], "texture": "#0"},
				"south": {"uv": [3.875, 1.125, 4, 1.5], "texture": "#0"},
				"west": {"uv": [3.875, 1.125, 4, 1.5], "texture": "#0"},
				"up": {"uv": [3.875, 1.125, 4, 1.25], "texture": "#0"},
				"down": {"uv": [3.875, 1.375, 4, 1.5], "texture": "#0"}
			}
		},
		{
			"name": "grand_claymore_13",
			"from": [8.4375, 14.75, 7.96875],
			"to": [8.5625, 15.125, 8.03125],
			"rotation": {"angle": 0, "axis": "y", "origin": [0.0625, 0, 7.9375]},
			"faces": {
				"north": {"uv": [5, 1.125, 4.875, 1.5], "texture": "#0"},
				"east": {"uv": [4.875, 1.125, 5, 1.5], "texture": "#0"},
				"south": {"uv": [4.875, 1.125, 5, 1.5], "texture": "#0"},
				"west": {"uv": [4.875, 1.125, 5, 1.5], "texture": "#0"},
				"up": {"uv": [4.875, 1.125, 5, 1.25], "texture": "#0"},
				"down": {"uv": [4.875, 1.375, 5, 1.5], "texture": "#0"}
			}
		},
		{
			"name": "grand_claymore_14",
			"from": [7.9375, 6.75, 7.96875],
			"to": [8.0625, 15.125, 8.03125],
			"rotation": {"angle": 0, "axis": "y", "origin": [0.0625, 0, 7.9375]},
			"faces": {
				"north": {"uv": [11.25, 1.125, 11.125, 9.5], "texture": "#0"},
				"east": {"uv": [11.125, 1.125, 11.25, 9.5], "texture": "#0"},
				"south": {"uv": [11.125, 1.125, 11.25, 9.5], "texture": "#0"},
				"west": {"uv": [11.125, 1.125, 11.25, 9.5], "texture": "#0"},
				"up": {"uv": [11.125, 1.125, 11.25, 1.25], "texture": "#0"},
				"down": {"uv": [11.125, 9.375, 11.25, 9.5], "texture": "#0"}
			}
		},
		{
			"name": "grand_claymore_15",
			"from": [7.5625, 14.375, 7.9375],
			"to": [7.6875, 15, 8.0625],
			"rotation": {"angle": 0, "axis": "y", "origin": [0.0625, 0, 7.9375]},
			"faces": {
				"north": {"uv": [1, 1.25, 0.875, 1.875], "texture": "#0"},
				"east": {"uv": [0.875, 1.25, 1, 1.875], "texture": "#0"},
				"south": {"uv": [0.875, 1.25, 1, 1.875], "texture": "#0"},
				"west": {"uv": [0.875, 1.25, 1, 1.875], "texture": "#0"},
				"up": {"uv": [0.875, 1.25, 1, 1.375], "texture": "#0"},
				"down": {"uv": [0.875, 1.75, 1, 1.875], "texture": "#0"}
			}
		},
		{
			"name": "grand_claymore_16",
			"from": [8.3125, 14.375, 7.9375],
			"to": [8.4375, 15, 8.0625],
			"rotation": {"angle": 0, "axis": "y", "origin": [0.0625, 0, 7.9375]},
			"faces": {
				"north": {"uv": [1.75, 1.25, 1.625, 1.875], "texture": "#0"},
				"east": {"uv": [1.625, 1.25, 1.75, 1.875], "texture": "#0"},
				"south": {"uv": [1.625, 1.25, 1.75, 1.875], "texture": "#0"},
				"west": {"uv": [1.625, 1.25, 1.75, 1.875], "texture": "#0"},
				"up": {"uv": [1.625, 1.25, 1.75, 1.375], "texture": "#0"},
				"down": {"uv": [1.625, 1.75, 1.75, 1.875], "texture": "#0"}
			}
		},
		{
			"name": "grand_claymore_17",
			"from": [7.3125, 14.5, 7.96875],
			"to": [7.4375, 14.875, 8.03125],
			"rotation": {"angle": 0, "axis": "y", "origin": [0.0625, 0, 7.9375]},
			"faces": {
				"north": {"uv": [3.875, 1.375, 3.75, 1.75], "texture": "#0"},
				"east": {"uv": [3.75, 1.375, 3.875, 1.75], "texture": "#0"},
				"south": {"uv": [3.75, 1.375, 3.875, 1.75], "texture": "#0"},
				"west": {"uv": [3.75, 1.375, 3.875, 1.75], "texture": "#0"},
				"up": {"uv": [3.75, 1.375, 3.875, 1.5], "texture": "#0"},
				"down": {"uv": [3.75, 1.625, 3.875, 1.75], "texture": "#0"}
			}
		},
		{
			"name": "grand_claymore_18",
			"from": [8.5625, 14.5, 7.96875],
			"to": [8.6875, 14.875, 8.03125],
			"rotation": {"angle": 0, "axis": "y", "origin": [0.0625, 0, 7.9375]},
			"faces": {
				"north": {"uv": [5.125, 1.375, 5, 1.75], "texture": "#0"},
				"east": {"uv": [5, 1.375, 5.125, 1.75], "texture": "#0"},
				"south": {"uv": [5, 1.375, 5.125, 1.75], "texture": "#0"},
				"west": {"uv": [5, 1.375, 5.125, 1.75], "texture": "#0"},
				"up": {"uv": [5, 1.375, 5.125, 1.5], "texture": "#0"},
				"down": {"uv": [5, 1.625, 5.125, 1.75], "texture": "#0"}
			}
		},
		{
			"name": "grand_claymore_19",
			"from": [7.8125, 6.625, 7.96875],
			"to": [7.9375, 14.875, 8.03125],
			"rotation": {"angle": 0, "axis": "y", "origin": [0.0625, 0, 7.9375]},
			"faces": {
				"north": {"uv": [11.125, 1.375, 11, 9.625], "texture": "#0"},
				"east": {"uv": [11, 1.375, 11.125, 9.625], "texture": "#0"},
				"south": {"uv": [11, 1.375, 11.125, 9.625], "texture": "#0"},
				"west": {"uv": [11, 1.375, 11.125, 9.625], "texture": "#0"},
				"up": {"uv": [11, 1.375, 11.125, 1.5], "texture": "#0"},
				"down": {"uv": [11, 9.5, 11.125, 9.625], "texture": "#0"}
			}
		},
		{
			"name": "grand_claymore_20",
			"from": [8.0625, 6.625, 7.96875],
			"to": [8.1875, 14.875, 8.03125],
			"rotation": {"angle": 0, "axis": "y", "origin": [0.0625, 0, 7.9375]},
			"faces": {
				"north": {"uv": [11.375, 1.375, 11.25, 9.625], "texture": "#0"},
				"east": {"uv": [11.25, 1.375, 11.375, 9.625], "texture": "#0"},
				"south": {"uv": [11.25, 1.375, 11.375, 9.625], "texture": "#0"},
				"west": {"uv": [11.25, 1.375, 11.375, 9.625], "texture": "#0"},
				"up": {"uv": [11.25, 1.375, 11.375, 1.5], "texture": "#0"},
				"down": {"uv": [11.25, 9.5, 11.375, 9.625], "texture": "#0"}
			}
		},
		{
			"name": "grand_claymore_21",
			"from": [7.4375, 14.125, 7.9375],
			"to": [7.5625, 14.75, 8.0625],
			"rotation": {"angle": 0, "axis": "y", "origin": [0.0625, 0, 7.9375]},
			"faces": {
				"north": {"uv": [0.875, 1.5, 0.75, 2.125], "texture": "#0"},
				"east": {"uv": [0.75, 1.5, 0.875, 2.125], "texture": "#0"},
				"south": {"uv": [0.75, 1.5, 0.875, 2.125], "texture": "#0"},
				"west": {"uv": [0.75, 1.5, 0.875, 2.125], "texture": "#0"},
				"up": {"uv": [0.75, 1.5, 0.875, 1.625], "texture": "#0"},
				"down": {"uv": [0.75, 2, 0.875, 2.125], "texture": "#0"}
			}
		},
		{
			"name": "grand_claymore_22",
			"from": [8.4375, 14.125, 7.9375],
			"to": [8.5625, 14.75, 8.0625],
			"rotation": {"angle": 0, "axis": "y", "origin": [0.0625, 0, 7.9375]},
			"faces": {
				"north": {"uv": [1.875, 1.5, 1.75, 2.125], "texture": "#0"},
				"east": {"uv": [1.75, 1.5, 1.875, 2.125], "texture": "#0"},
				"south": {"uv": [1.75, 1.5, 1.875, 2.125], "texture": "#0"},
				"west": {"uv": [1.75, 1.5, 1.875, 2.125], "texture": "#0"},
				"up": {"uv": [1.75, 1.5, 1.875, 1.625], "texture": "#0"},
				"down": {"uv": [1.75, 2, 1.875, 2.125], "texture": "#0"}
			}
		},
		{
			"name": "grand_claymore_23",
			"from": [7.1875, 14.25, 7.96875],
			"to": [7.3125, 14.625, 8.03125],
			"rotation": {"angle": 0, "axis": "y", "origin": [0.0625, 0, 7.9375]},
			"faces": {
				"north": {"uv": [3.75, 1.625, 3.625, 2], "texture": "#0"},
				"east": {"uv": [3.625, 1.625, 3.75, 2], "texture": "#0"},
				"south": {"uv": [3.625, 1.625, 3.75, 2], "texture": "#0"},
				"west": {"uv": [3.625, 1.625, 3.75, 2], "texture": "#0"},
				"up": {"uv": [3.625, 1.625, 3.75, 1.75], "texture": "#0"},
				"down": {"uv": [3.625, 1.875, 3.75, 2], "texture": "#0"}
			}
		},
		{
			"name": "grand_claymore_24",
			"from": [8.6875, 14.25, 7.96875],
			"to": [8.8125, 14.625, 8.03125],
			"rotation": {"angle": 0, "axis": "y", "origin": [0.0625, 0, 7.9375]},
			"faces": {
				"north": {"uv": [5.25, 1.625, 5.125, 2], "texture": "#0"},
				"east": {"uv": [5.125, 1.625, 5.25, 2], "texture": "#0"},
				"south": {"uv": [5.125, 1.625, 5.25, 2], "texture": "#0"},
				"west": {"uv": [5.125, 1.625, 5.25, 2], "texture": "#0"},
				"up": {"uv": [5.125, 1.625, 5.25, 1.75], "texture": "#0"},
				"down": {"uv": [5.125, 1.875, 5.25, 2], "texture": "#0"}
			}
		},
		{
			"name": "grand_claymore_25",
			"from": [7.6875, 6.5, 7.96875],
			"to": [7.8125, 14.625, 8.03125],
			"rotation": {"angle": 0, "axis": "y", "origin": [0.0625, 0, 7.9375]},
			"faces": {
				"north": {"uv": [11, 1.625, 10.875, 9.75], "texture": "#0"},
				"east": {"uv": [10.875, 1.625, 11, 9.75], "texture": "#0"},
				"south": {"uv": [10.875, 1.625, 11, 9.75], "texture": "#0"},
				"west": {"uv": [10.875, 1.625, 11, 9.75], "texture": "#0"},
				"up": {"uv": [10.875, 1.625, 11, 1.75], "texture": "#0"},
				"down": {"uv": [10.875, 9.625, 11, 9.75], "texture": "#0"}
			}
		},
		{
			"name": "grand_claymore_26",
			"from": [8.1875, 6.5, 7.96875],
			"to": [8.3125, 14.625, 8.03125],
			"rotation": {"angle": 0, "axis": "y", "origin": [0.0625, 0, 7.9375]},
			"faces": {
				"north": {"uv": [11.5, 1.625, 11.375, 9.75], "texture": "#0"},
				"east": {"uv": [11.375, 1.625, 11.5, 9.75], "texture": "#0"},
				"south": {"uv": [11.375, 1.625, 11.5, 9.75], "texture": "#0"},
				"west": {"uv": [11.375, 1.625, 11.5, 9.75], "texture": "#0"},
				"up": {"uv": [11.375, 1.625, 11.5, 1.75], "texture": "#0"},
				"down": {"uv": [11.375, 9.625, 11.5, 9.75], "texture": "#0"}
			}
		},
		{
			"name": "grand_claymore_27",
			"from": [7.3125, 12.625, 7.9375],
			"to": [7.4375, 14.5, 8.0625],
			"rotation": {"angle": 0, "axis": "y", "origin": [0.0625, 0, 7.9375]},
			"faces": {
				"north": {"uv": [0.75, 1.75, 0.625, 3.625], "texture": "#0"},
				"east": {"uv": [0.625, 1.75, 0.75, 3.625], "texture": "#0"},
				"south": {"uv": [0.625, 1.75, 0.75, 3.625], "texture": "#0"},
				"west": {"uv": [0.625, 1.75, 0.75, 3.625], "texture": "#0"},
				"up": {"uv": [0.625, 1.75, 0.75, 1.875], "texture": "#0"},
				"down": {"uv": [0.625, 3.5, 0.75, 3.625], "texture": "#0"}
			}
		},
		{
			"name": "grand_claymore_28",
			"from": [8.5625, 12.625, 7.9375],
			"to": [8.6875, 14.5, 8.0625],
			"rotation": {"angle": 0, "axis": "y", "origin": [0.0625, 0, 7.9375]},
			"faces": {
				"north": {"uv": [2, 1.75, 1.875, 3.625], "texture": "#0"},
				"east": {"uv": [1.875, 1.75, 2, 3.625], "texture": "#0"},
				"south": {"uv": [1.875, 1.75, 2, 3.625], "texture": "#0"},
				"west": {"uv": [1.875, 1.75, 2, 3.625], "texture": "#0"},
				"up": {"uv": [1.875, 1.75, 2, 1.875], "texture": "#0"},
				"down": {"uv": [1.875, 3.5, 2, 3.625], "texture": "#0"}
			}
		},
		{
			"name": "grand_claymore_29",
			"from": [7.0625, 13.375, 7.96875],
			"to": [7.1875, 14.375, 8.03125],
			"rotation": {"angle": 0, "axis": "y", "origin": [0.0625, 0, 7.9375]},
			"faces": {
				"north": {"uv": [3.625, 1.875, 3.5, 2.875], "texture": "#0"},
				"east": {"uv": [3.5, 1.875, 3.625, 2.875], "texture": "#0"},
				"south": {"uv": [3.5, 1.875, 3.625, 2.875], "texture": "#0"},
				"west": {"uv": [3.5, 1.875, 3.625, 2.875], "texture": "#0"},
				"up": {"uv": [3.5, 1.875, 3.625, 2], "texture": "#0"},
				"down": {"uv": [3.5, 2.75, 3.625, 2.875], "texture": "#0"}
			}
		},
		{
			"name": "grand_claymore_30",
			"from": [8.8125, 13.375, 7.96875],
			"to": [8.9375, 14.375, 8.03125],
			"rotation": {"angle": 0, "axis": "y", "origin": [0.0625, 0, 7.9375]},
			"faces": {
				"north": {"uv": [5.375, 1.875, 5.25, 2.875], "texture": "#0"},
				"east": {"uv": [5.25, 1.875, 5.375, 2.875], "texture": "#0"},
				"south": {"uv": [5.25, 1.875, 5.375, 2.875], "texture": "#0"},
				"west": {"uv": [5.25, 1.875, 5.375, 2.875], "texture": "#0"},
				"up": {"uv": [5.25, 1.875, 5.375, 2], "texture": "#0"},
				"down": {"uv": [5.25, 2.75, 5.375, 2.875], "texture": "#0"}
			}
		},
		{
			"name": "grand_claymore_31",
			"from": [7.5625, 13.75, 7.96875],
			"to": [7.6875, 14.375, 8.03125],
			"rotation": {"angle": 0, "axis": "y", "origin": [0.0625, 0, 7.9375]},
			"faces": {
				"north": {"uv": [10.875, 1.875, 10.75, 2.5], "texture": "#0"},
				"east": {"uv": [10.75, 1.875, 10.875, 2.5], "texture": "#0"},
				"south": {"uv": [10.75, 1.875, 10.875, 2.5], "texture": "#0"},
				"west": {"uv": [10.75, 1.875, 10.875, 2.5], "texture": "#0"},
				"up": {"uv": [10.75, 1.875, 10.875, 2], "texture": "#0"},
				"down": {"uv": [10.75, 2.375, 10.875, 2.5], "texture": "#0"}
			}
		},
		{
			"name": "grand_claymore_32",
			"from": [8.3125, 13.75, 7.96875],
			"to": [8.4375, 14.375, 8.03125],
			"rotation": {"angle": 0, "axis": "y", "origin": [0.0625, 0, 7.9375]},
			"faces": {
				"north": {"uv": [11.625, 1.875, 11.5, 2.5], "texture": "#0"},
				"east": {"uv": [11.5, 1.875, 11.625, 2.5], "texture": "#0"},
				"south": {"uv": [11.5, 1.875, 11.625, 2.5], "texture": "#0"},
				"west": {"uv": [11.5, 1.875, 11.625, 2.5], "texture": "#0"},
				"up": {"uv": [11.5, 1.875, 11.625, 2], "texture": "#0"},
				"down": {"uv": [11.5, 2.375, 11.625, 2.5], "texture": "#0"}
			}
		},
		{
			"name": "grand_claymore_33",
			"from": [7.1875, 13.5, 7.9375],
			"to": [7.3125, 14.25, 8.0625],
			"rotation": {"angle": 0, "axis": "y", "origin": [0.0625, 0, 7.9375]},
			"faces": {
				"north": {"uv": [0.625, 2, 0.5, 2.75], "texture": "#0"},
				"east": {"uv": [0.5, 2, 0.625, 2.75], "texture": "#0"},
				"south": {"uv": [0.5, 2, 0.625, 2.75], "texture": "#0"},
				"west": {"uv": [0.5, 2, 0.625, 2.75], "texture": "#0"},
				"up": {"uv": [0.5, 2, 0.625, 2.125], "texture": "#0"},
				"down": {"uv": [0.5, 2.625, 0.625, 2.75], "texture": "#0"}
			}
		},
		{
			"name": "grand_claymore_34",
			"from": [8.6875, 13.5, 7.9375],
			"to": [8.8125, 14.25, 8.0625],
			"rotation": {"angle": 0, "axis": "y", "origin": [0.0625, 0, 7.9375]},
			"faces": {
				"north": {"uv": [2.125, 2, 2, 2.75], "texture": "#0"},
				"east": {"uv": [2, 2, 2.125, 2.75], "texture": "#0"},
				"south": {"uv": [2, 2, 2.125, 2.75], "texture": "#0"},
				"west": {"uv": [2, 2, 2.125, 2.75], "texture": "#0"},
				"up": {"uv": [2, 2, 2.125, 2.125], "texture": "#0"},
				"down": {"uv": [2, 2.625, 2.125, 2.75], "texture": "#0"}
			}
		},
		{
			"name": "grand_claymore_35",
			"from": [6.9375, 13.875, 7.96875],
			"to": [7.0625, 14.125, 8.03125],
			"rotation": {"angle": 0, "axis": "y", "origin": [0.0625, 0, 7.9375]},
			"faces": {
				"north": {"uv": [3.5, 2.125, 3.375, 2.375], "texture": "#0"},
				"east": {"uv": [3.375, 2.125, 3.5, 2.375], "texture": "#0"},
				"south": {"uv": [3.375, 2.125, 3.5, 2.375], "texture": "#0"},
				"west": {"uv": [3.375, 2.125, 3.5, 2.375], "texture": "#0"},
				"up": {"uv": [3.375, 2.125, 3.5, 2.25], "texture": "#0"},
				"down": {"uv": [3.375, 2.25, 3.5, 2.375], "texture": "#0"}
			}
		},
		{
			"name": "grand_claymore_36",
			"from": [8.9375, 13.875, 7.96875],
			"to": [9.0625, 14.125, 8.03125],
			"rotation": {"angle": 0, "axis": "y", "origin": [0.0625, 0, 7.9375]},
			"faces": {
				"north": {"uv": [5.5, 2.125, 5.375, 2.375], "texture": "#0"},
				"east": {"uv": [5.375, 2.125, 5.5, 2.375], "texture": "#0"},
				"south": {"uv": [5.375, 2.125, 5.5, 2.375], "texture": "#0"},
				"west": {"uv": [5.375, 2.125, 5.5, 2.375], "texture": "#0"},
				"up": {"uv": [5.375, 2.125, 5.5, 2.25], "texture": "#0"},
				"down": {"uv": [5.375, 2.25, 5.5, 2.375], "texture": "#0"}
			}
		},
		{
			"name": "grand_claymore_37",
			"from": [7.4375, 13.875, 7.96875],
			"to": [7.5625, 14.125, 8.03125],
			"rotation": {"angle": 0, "axis": "y", "origin": [0.0625, 0, 7.9375]},
			"faces": {
				"north": {"uv": [10.75, 2.125, 10.625, 2.375], "texture": "#0"},
				"east": {"uv": [10.625, 2.125, 10.75, 2.375], "texture": "#0"},
				"south": {"uv": [10.625, 2.125, 10.75, 2.375], "texture": "#0"},
				"west": {"uv": [10.625, 2.125, 10.75, 2.375], "texture": "#0"},
				"up": {"uv": [10.625, 2.125, 10.75, 2.25], "texture": "#0"},
				"down": {"uv": [10.625, 2.25, 10.75, 2.375], "texture": "#0"}
			}
		},
		{
			"name": "grand_claymore_38",
			"from": [8.4375, 13.875, 7.96875],
			"to": [8.5625, 14.125, 8.03125],
			"rotation": {"angle": 0, "axis": "y", "origin": [0.0625, 0, 7.9375]},
			"faces": {
				"north": {"uv": [11.75, 2.125, 11.625, 2.375], "texture": "#0"},
				"east": {"uv": [11.625, 2.125, 11.75, 2.375], "texture": "#0"},
				"south": {"uv": [11.625, 2.125, 11.75, 2.375], "texture": "#0"},
				"west": {"uv": [11.625, 2.125, 11.75, 2.375], "texture": "#0"},
				"up": {"uv": [11.625, 2.125, 11.75, 2.25], "texture": "#0"},
				"down": {"uv": [11.625, 2.25, 11.75, 2.375], "texture": "#0"}
			}
		},
		{
			"name": "grand_claymore_39",
			"from": [7.4375, 8, 7.9375],
			"to": [7.5625, 13.875, 8.0625],
			"rotation": {"angle": 0, "axis": "y", "origin": [0.0625, 0, 7.9375]},
			"faces": {
				"north": {"uv": [0.875, 2.375, 0.75, 8.25], "texture": "#0"},
				"east": {"uv": [0.75, 2.375, 0.875, 8.25], "texture": "#0"},
				"south": {"uv": [0.75, 2.375, 0.875, 8.25], "texture": "#0"},
				"west": {"uv": [0.75, 2.375, 0.875, 8.25], "texture": "#0"},
				"up": {"uv": [0.75, 2.375, 0.875, 2.5], "texture": "#0"},
				"down": {"uv": [0.75, 8.125, 0.875, 8.25], "texture": "#0"}
			}
		},
		{
			"name": "grand_claymore_40",
			"from": [8.4375, 8, 7.9375],
			"to": [8.5625, 13.875, 8.0625],
			"rotation": {"angle": 0, "axis": "y", "origin": [0.0625, 0, 7.9375]},
			"faces": {
				"north": {"uv": [1.875, 2.375, 1.75, 8.25], "texture": "#0"},
				"east": {"uv": [1.75, 2.375, 1.875, 8.25], "texture": "#0"},
				"south": {"uv": [1.75, 2.375, 1.875, 8.25], "texture": "#0"},
				"west": {"uv": [1.75, 2.375, 1.875, 8.25], "texture": "#0"},
				"up": {"uv": [1.75, 2.375, 1.875, 2.5], "texture": "#0"},
				"down": {"uv": [1.75, 8.125, 1.875, 8.25], "texture": "#0"}
			}
		},
		{
			"name": "grand_claymore_41",
			"from": [7.5625, 8.125, 7.9375],
			"to": [7.6875, 13.75, 8.0625],
			"rotation": {"angle": 0, "axis": "y", "origin": [0.0625, 0, 7.9375]},
			"faces": {
				"north": {"uv": [1, 2.5, 0.875, 8.125], "texture": "#0"},
				"east": {"uv": [0.875, 2.5, 1, 8.125], "texture": "#0"},
				"south": {"uv": [0.875, 2.5, 1, 8.125], "texture": "#0"},
				"west": {"uv": [0.875, 2.5, 1, 8.125], "texture": "#0"},
				"up": {"uv": [0.875, 2.5, 1, 2.625], "texture": "#0"},
				"down": {"uv": [0.875, 8, 1, 8.125], "texture": "#0"}
			}
		},
		{
			"name": "grand_claymore_42",
			"from": [8.3125, 8.125, 7.9375],
			"to": [8.4375, 13.75, 8.0625],
			"rotation": {"angle": 0, "axis": "y", "origin": [0.0625, 0, 7.9375]},
			"faces": {
				"north": {"uv": [1.75, 2.5, 1.625, 8.125], "texture": "#0"},
				"east": {"uv": [1.625, 2.5, 1.75, 8.125], "texture": "#0"},
				"south": {"uv": [1.625, 2.5, 1.75, 8.125], "texture": "#0"},
				"west": {"uv": [1.625, 2.5, 1.75, 8.125], "texture": "#0"},
				"up": {"uv": [1.625, 2.5, 1.75, 2.625], "texture": "#0"},
				"down": {"uv": [1.625, 8, 1.75, 8.125], "texture": "#0"}
			}
		},
		{
			"name": "grand_claymore_43",
			"from": [7.1875, 12.5, 7.96875],
			"to": [7.3125, 13.5, 8.03125],
			"rotation": {"angle": 0, "axis": "y", "origin": [0.0625, 0, 7.9375]},
			"faces": {
				"north": {"uv": [3.75, 2.75, 3.625, 3.75], "texture": "#0"},
				"east": {"uv": [3.625, 2.75, 3.75, 3.75], "texture": "#0"},
				"south": {"uv": [3.625, 2.75, 3.75, 3.75], "texture": "#0"},
				"west": {"uv": [3.625, 2.75, 3.75, 3.75], "texture": "#0"},
				"up": {"uv": [3.625, 2.75, 3.75, 2.875], "texture": "#0"},
				"down": {"uv": [3.625, 3.625, 3.75, 3.75], "texture": "#0"}
			}
		},
		{
			"name": "grand_claymore_44",
			"from": [8.6875, 12.5, 7.96875],
			"to": [8.8125, 13.5, 8.03125],
			"rotation": {"angle": 0, "axis": "y", "origin": [0.0625, 0, 7.9375]},
			"faces": {
				"north": {"uv": [5.25, 2.75, 5.125, 3.75], "texture": "#0"},
				"east": {"uv": [5.125, 2.75, 5.25, 3.75], "texture": "#0"},
				"south": {"uv": [5.125, 2.75, 5.25, 3.75], "texture": "#0"},
				"west": {"uv": [5.125, 2.75, 5.25, 3.75], "texture": "#0"},
				"up": {"uv": [5.125, 2.75, 5.25, 2.875], "texture": "#0"},
				"down": {"uv": [5.125, 3.625, 5.25, 3.75], "texture": "#0"}
			}
		},
		{
			"name": "grand_claymore_45",
			"from": [7.3125, 8.5, 7.96875],
			"to": [7.4375, 12.625, 8.03125],
			"rotation": {"angle": 0, "axis": "y", "origin": [0.0625, 0, 7.9375]},
			"faces": {
				"north": {"uv": [3.875, 3.625, 3.75, 7.75], "texture": "#0"},
				"east": {"uv": [3.75, 3.625, 3.875, 7.75], "texture": "#0"},
				"south": {"uv": [3.75, 3.625, 3.875, 7.75], "texture": "#0"},
				"west": {"uv": [3.75, 3.625, 3.875, 7.75], "texture": "#0"},
				"up": {"uv": [3.75, 3.625, 3.875, 3.75], "texture": "#0"},
				"down": {"uv": [3.75, 7.625, 3.875, 7.75], "texture": "#0"}
			}
		},
		{
			"name": "grand_claymore_46",
			"from": [8.5625, 8.5, 7.96875],
			"to": [8.6875, 12.625, 8.03125],
			"rotation": {"angle": 0, "axis": "y", "origin": [0.0625, 0, 7.9375]},
			"faces": {
				"north": {"uv": [5.125, 3.625, 5, 7.75], "texture": "#0"},
				"east": {"uv": [5, 3.625, 5.125, 7.75], "texture": "#0"},
				"south": {"uv": [5, 3.625, 5.125, 7.75], "texture": "#0"},
				"west": {"uv": [5, 3.625, 5.125, 7.75], "texture": "#0"},
				"up": {"uv": [5, 3.625, 5.125, 3.75], "texture": "#0"},
				"down": {"uv": [5, 7.625, 5.125, 7.75], "texture": "#0"}
			}
		},
		{
			"name": "grand_claymore_47",
			"from": [6.1875, 5, 7.75],
			"to": [6.3125, 5.125, 8.25],
			"rotation": {"angle": 0, "axis": "y", "origin": [0.0625, 0, 7.9375]},
			"faces": {
				"north": {"uv": [6.25, 6.875, 6.125, 7], "texture": "#0"},
				"east": {"uv": [6.125, 6.875, 6.25, 7], "texture": "#0"},
				"south": {"uv": [6.125, 6.875, 6.25, 7], "texture": "#0"},
				"west": {"uv": [6.125, 6.875, 6.25, 7], "texture": "#0"},
				"up": {"uv": [6.125, 6.875, 6.25, 7], "texture": "#0"},
				"down": {"uv": [6.125, 6.875, 6.25, 7], "texture": "#0"}
			}
		},
		{
			"name": "grand_claymore_48",
			"from": [9.6875, 5, 7.75],
			"to": [9.8125, 5.125, 8.25],
			"rotation": {"angle": 0, "axis": "y", "origin": [0.0625, 0, 7.9375]},
			"faces": {
				"north": {"uv": [9.75, 6.875, 9.625, 7], "texture": "#0"},
				"east": {"uv": [9.625, 6.875, 9.75, 7], "texture": "#0"},
				"south": {"uv": [9.625, 6.875, 9.75, 7], "texture": "#0"},
				"west": {"uv": [9.625, 6.875, 9.75, 7], "texture": "#0"},
				"up": {"uv": [9.625, 6.875, 9.75, 7], "texture": "#0"},
				"down": {"uv": [9.625, 6.875, 9.75, 7], "texture": "#0"}
			}
		},
		{
			"name": "grand_claymore_49",
			"from": [6.3125, 4.875, 7.8125],
			"to": [6.4375, 5, 8.1875],
			"rotation": {"angle": 0, "axis": "y", "origin": [0.0625, 0, 7.9375]},
			"faces": {
				"north": {"uv": [6.375, 7, 6.25, 7.125], "texture": "#0"},
				"east": {"uv": [6.25, 7, 6.375, 7.125], "texture": "#0"},
				"south": {"uv": [6.25, 7, 6.375, 7.125], "texture": "#0"},
				"west": {"uv": [6.25, 7, 6.375, 7.125], "texture": "#0"},
				"up": {"uv": [6.25, 7, 6.375, 7.125], "texture": "#0"},
				"down": {"uv": [6.25, 7, 6.375, 7.125], "texture": "#0"}
			}
		},
		{
			"name": "grand_claymore_50",
			"from": [9.5625, 4.875, 7.8125],
			"to": [9.6875, 5, 8.1875],
			"rotation": {"angle": 0, "axis": "y", "origin": [0.0625, 0, 7.9375]},
			"faces": {
				"north": {"uv": [9.625, 7, 9.5, 7.125], "texture": "#0"},
				"east": {"uv": [9.5, 7, 9.625, 7.125], "texture": "#0"},
				"south": {"uv": [9.5, 7, 9.625, 7.125], "texture": "#0"},
				"west": {"uv": [9.5, 7, 9.625, 7.125], "texture": "#0"},
				"up": {"uv": [9.5, 7, 9.625, 7.125], "texture": "#0"},
				"down": {"uv": [9.5, 7, 9.625, 7.125], "texture": "#0"}
			}
		},
		{
			"name": "grand_claymore_51",
			"from": [6.4375, 4.75, 7.8125],
			"to": [6.5625, 4.875, 8.1875],
			"rotation": {"angle": 0, "axis": "y", "origin": [0.0625, 0, 7.9375]},
			"faces": {
				"north": {"uv": [6.5, 7.125, 6.375, 7.25], "texture": "#0"},
				"east": {"uv": [6.375, 7.125, 6.5, 7.25], "texture": "#0"},
				"south": {"uv": [6.375, 7.125, 6.5, 7.25], "texture": "#0"},
				"west": {"uv": [6.375, 7.125, 6.5, 7.25], "texture": "#0"},
				"up": {"uv": [6.375, 7.125, 6.5, 7.25], "texture": "#0"},
				"down": {"uv": [6.375, 7.125, 6.5, 7.25], "texture": "#0"}
			}
		},
		{
			"name": "grand_claymore_52",
			"from": [9.4375, 4.75, 7.8125],
			"to": [9.5625, 4.875, 8.1875],
			"rotation": {"angle": 0, "axis": "y", "origin": [0.0625, 0, 7.9375]},
			"faces": {
				"north": {"uv": [9.5, 7.125, 9.375, 7.25], "texture": "#0"},
				"east": {"uv": [9.375, 7.125, 9.5, 7.25], "texture": "#0"},
				"south": {"uv": [9.375, 7.125, 9.5, 7.25], "texture": "#0"},
				"west": {"uv": [9.375, 7.125, 9.5, 7.25], "texture": "#0"},
				"up": {"uv": [9.375, 7.125, 9.5, 7.25], "texture": "#0"},
				"down": {"uv": [9.375, 7.125, 9.5, 7.25], "texture": "#0"}
			}
		},
		{
			"name": "grand_claymore_53",
			"from": [6.5625, 4.625, 7.8125],
			"to": [6.8125, 4.75, 8.1875],
			"rotation": {"angle": 0, "axis": "y", "origin": [0.0625, 0, 7.9375]},
			"faces": {
				"north": {"uv": [6.75, 7.25, 6.5, 7.375], "texture": "#0"},
				"east": {"uv": [6.625, 7.25, 6.75, 7.375], "texture": "#0"},
				"south": {"uv": [6.5, 7.25, 6.75, 7.375], "texture": "#0"},
				"west": {"uv": [6.5, 7.25, 6.625, 7.375], "texture": "#0"},
				"up": {"uv": [6.5, 7.25, 6.75, 7.375], "texture": "#0"},
				"down": {"uv": [6.5, 7.25, 6.75, 7.375], "texture": "#0"}
			}
		},
		{
			"name": "grand_claymore_54",
			"from": [9.1875, 4.625, 7.8125],
			"to": [9.4375, 4.75, 8.1875],
			"rotation": {"angle": 0, "axis": "y", "origin": [0.0625, 0, 7.9375]},
			"faces": {
				"north": {"uv": [9.375, 7.25, 9.125, 7.375], "texture": "#0"},
				"east": {"uv": [9.25, 7.25, 9.375, 7.375], "texture": "#0"},
				"south": {"uv": [9.125, 7.25, 9.375, 7.375], "texture": "#0"},
				"west": {"uv": [9.125, 7.25, 9.25, 7.375], "texture": "#0"},
				"up": {"uv": [9.125, 7.25, 9.375, 7.375], "texture": "#0"},
				"down": {"uv": [9.125, 7.25, 9.375, 7.375], "texture": "#0"}
			}
		},
		{
			"name": "grand_claymore_55",
			"from": [6.8125, 4.5, 7.8125],
			"to": [7.1875, 4.625, 8.1875],
			"rotation": {"angle": 0, "axis": "y", "origin": [0.0625, 0, 7.9375]},
			"faces": {
				"north": {"uv": [7.125, 7.375, 6.75, 7.5], "texture": "#0"},
				"east": {"uv": [7, 7.375, 7.125, 7.5], "texture": "#0"},
				"south": {"uv": [6.75, 7.375, 7.125, 7.5], "texture": "#0"},
				"west": {"uv": [6.75, 7.375, 6.875, 7.5], "texture": "#0"},
				"up": {"uv": [6.75, 7.375, 7.125, 7.5], "texture": "#0"},
				"down": {"uv": [6.75, 7.375, 7.125, 7.5], "texture": "#0"}
			}
		},
		{
			"name": "grand_claymore_56",
			"from": [8.8125, 4.5, 7.8125],
			"to": [9.1875, 4.625, 8.1875],
			"rotation": {"angle": 0, "axis": "y", "origin": [0.0625, 0, 7.9375]},
			"faces": {
				"north": {"uv": [9.125, 7.375, 8.75, 7.5], "texture": "#0"},
				"east": {"uv": [9, 7.375, 9.125, 7.5], "texture": "#0"},
				"south": {"uv": [8.75, 7.375, 9.125, 7.5], "texture": "#0"},
				"west": {"uv": [8.75, 7.375, 8.875, 7.5], "texture": "#0"},
				"up": {"uv": [8.75, 7.375, 9.125, 7.5], "texture": "#0"},
				"down": {"uv": [8.75, 7.375, 9.125, 7.5], "texture": "#0"}
			}
		},
		{
			"name": "grand_claymore_57",
			"from": [7.1875, 4.375, 7.75],
			"to": [8.8125, 4.5, 8.25],
			"rotation": {"angle": 0, "axis": "y", "origin": [0.0625, 0, 7.9375]},
			"faces": {
				"north": {"uv": [8.75, 7.5, 7.125, 7.625], "texture": "#0"},
				"east": {"uv": [8.625, 7.5, 8.75, 7.625], "texture": "#0"},
				"south": {"uv": [7.125, 7.5, 8.75, 7.625], "texture": "#0"},
				"west": {"uv": [7.125, 7.5, 7.25, 7.625], "texture": "#0"},
				"up": {"uv": [7.125, 7.5, 8.75, 7.625], "texture": "#0"},
				"down": {"uv": [7.125, 7.5, 8.75, 7.625], "texture": "#0"}
			}
		},
		{
			"name": "grand_claymore_58",
			"from": [7.9375, 6.125, 7.8125],
			"to": [8.0625, 6.75, 8.1875],
			"rotation": {"angle": 0, "axis": "y", "origin": [0.0625, 0, 7.9375]},
			"faces": {
				"north": {"uv": [8, 8, 7.875, 8.625], "texture": "#0"},
				"east": {"uv": [7.875, 8, 8, 8.625], "texture": "#0"},
				"south": {"uv": [7.875, 8, 8, 8.625], "texture": "#0"},
				"west": {"uv": [7.875, 8, 8, 8.625], "texture": "#0"},
				"up": {"uv": [7.875, 8, 8, 8.125], "texture": "#0"},
				"down": {"uv": [7.875, 8.5, 8, 8.625], "texture": "#0"}
			}
		},
		{
			"name": "grand_claymore_59",
			"from": [7.8125, 6.25, 7.8125],
			"to": [7.9375, 6.625, 8.1875],
			"rotation": {"angle": 0, "axis": "y", "origin": [0.0625, 0, 7.9375]},
			"faces": {
				"north": {"uv": [7.875, 8.125, 7.75, 8.5], "texture": "#0"},
				"east": {"uv": [7.75, 8.125, 7.875, 8.5], "texture": "#0"},
				"south": {"uv": [7.75, 8.125, 7.875, 8.5], "texture": "#0"},
				"west": {"uv": [7.75, 8.125, 7.875, 8.5], "texture": "#0"},
				"up": {"uv": [7.75, 8.125, 7.875, 8.25], "texture": "#0"},
				"down": {"uv": [7.75, 8.375, 7.875, 8.5], "texture": "#0"}
			}
		},
		{
			"name": "grand_claymore_60",
			"from": [8.0625, 6.25, 7.8125],
			"to": [8.1875, 6.625, 8.1875],
			"rotation": {"angle": 0, "axis": "y", "origin": [0.0625, 0, 7.9375]},
			"faces": {
				"north": {"uv": [8.125, 8.125, 8, 8.5], "texture": "#0"},
				"east": {"uv": [8, 8.125, 8.125, 8.5], "texture": "#0"},
				"south": {"uv": [8, 8.125, 8.125, 8.5], "texture": "#0"},
				"west": {"uv": [8, 8.125, 8.125, 8.5], "texture": "#0"},
				"up": {"uv": [8, 8.125, 8.125, 8.25], "texture": "#0"},
				"down": {"uv": [8, 8.375, 8.125, 8.5], "texture": "#0"}
			}
		},
		{
			"name": "grand_claymore_61",
			"from": [7.6875, 6.375, 7.8125],
			"to": [7.8125, 6.5, 8.1875],
			"rotation": {"angle": 0, "axis": "y", "origin": [0.0625, 0, 7.9375]},
			"faces": {
				"north": {"uv": [7.75, 8.25, 7.625, 8.375], "texture": "#0"},
				"east": {"uv": [7.625, 8.25, 7.75, 8.375], "texture": "#0"},
				"south": {"uv": [7.625, 8.25, 7.75, 8.375], "texture": "#0"},
				"west": {"uv": [7.625, 8.25, 7.75, 8.375], "texture": "#0"},
				"up": {"uv": [7.625, 8.25, 7.75, 8.375], "texture": "#0"},
				"down": {"uv": [7.625, 8.25, 7.75, 8.375], "texture": "#0"}
			}
		},
		{
			"name": "grand_claymore_62",
			"from": [8.1875, 6.375, 7.8125],
			"to": [8.3125, 6.5, 8.1875],
			"rotation": {"angle": 0, "axis": "y", "origin": [0.0625, 0, 7.9375]},
			"faces": {
				"north": {"uv": [8.25, 8.25, 8.125, 8.375], "texture": "#0"},
				"east": {"uv": [8.125, 8.25, 8.25, 8.375], "texture": "#0"},
				"south": {"uv": [8.125, 8.25, 8.25, 8.375], "texture": "#0"},
				"west": {"uv": [8.125, 8.25, 8.25, 8.375], "texture": "#0"},
				"up": {"uv": [8.125, 8.25, 8.25, 8.375], "texture": "#0"},
				"down": {"uv": [8.125, 8.25, 8.25, 8.375], "texture": "#0"}
			}
		},
		{
			"name": "grand_claymore_63",
			"from": [7.9375, 6, 7.8125],
			"to": [8.0625, 6.125, 8.1875],
			"rotation": {"angle": 0, "axis": "y", "origin": [0.0625, 0, 7.9375]},
			"faces": {
				"north": {"uv": [8, 8.875, 7.875, 9], "texture": "#0"},
				"east": {"uv": [7.875, 8.875, 8, 9], "texture": "#0"},
				"south": {"uv": [7.875, 8.875, 8, 9], "texture": "#0"},
				"west": {"uv": [7.875, 8.875, 8, 9], "texture": "#0"},
				"up": {"uv": [7.875, 8.875, 8, 9], "texture": "#0"},
				"down": {"uv": [7.875, 8.875, 8, 9], "texture": "#0"}
			}
		},
		{
			"name": "grand_claymore_64",
			"from": [7.3125, 7, 7.9375],
			"to": [7.4375, 8.5, 8.0625],
			"rotation": {"angle": 0, "axis": "y", "origin": [0.0625, 0, 7.9375]},
			"faces": {
				"north": {"uv": [3.875, 9.25, 3.75, 10.75], "texture": "#0"},
				"east": {"uv": [3.75, 9.25, 3.875, 10.75], "texture": "#0"},
				"south": {"uv": [3.75, 9.25, 3.875, 10.75], "texture": "#0"},
				"west": {"uv": [3.75, 9.25, 3.875, 10.75], "texture": "#0"},
				"up": {"uv": [3.75, 9.25, 3.875, 9.375], "texture": "#0"},
				"down": {"uv": [3.75, 10.625, 3.875, 10.75], "texture": "#0"}
			}
		},
		{
			"name": "grand_claymore_65",
			"from": [8.5625, 6.875, 7.9375],
			"to": [8.6875, 8.5, 8.0625],
			"rotation": {"angle": 0, "axis": "y", "origin": [0.0625, 0, 7.9375]},
			"faces": {
				"north": {"uv": [5.125, 9.25, 5, 10.875], "texture": "#0"},
				"east": {"uv": [5, 9.25, 5.125, 10.875], "texture": "#0"},
				"south": {"uv": [5, 9.25, 5.125, 10.875], "texture": "#0"},
				"west": {"uv": [5, 9.25, 5.125, 10.875], "texture": "#0"},
				"up": {"uv": [5, 9.25, 5.125, 9.375], "texture": "#0"},
				"down": {"uv": [5, 10.75, 5.125, 10.875], "texture": "#0"}
			}
		},
		{
			"name": "grand_claymore_66",
			"from": [7.9375, 5.25, 7.75],
			"to": [8.0625, 6, 8.25],
			"rotation": {"angle": 0, "axis": "y", "origin": [0.0625, 0, 7.9375]},
			"faces": {
				"north": {"uv": [8, 9.25, 7.875, 10], "texture": "#0"},
				"east": {"uv": [7.875, 9.25, 8, 10], "texture": "#0"},
				"south": {"uv": [7.875, 9.25, 8, 10], "texture": "#0"},
				"west": {"uv": [7.875, 9.25, 8, 10], "texture": "#0"},
				"up": {"uv": [7.875, 9.25, 8, 9.375], "texture": "#0"},
				"down": {"uv": [7.875, 9.875, 8, 10], "texture": "#0"}
			}
		},
		{
			"name": "grand_claymore_67",
			"from": [7.8125, 5.125, 7.75],
			"to": [7.9375, 5.875, 8.25],
			"rotation": {"angle": 0, "axis": "y", "origin": [0.0625, 0, 7.9375]},
			"faces": {
				"north": {"uv": [7.875, 9.375, 7.75, 10.125], "texture": "#0"},
				"east": {"uv": [7.75, 9.375, 7.875, 10.125], "texture": "#0"},
				"south": {"uv": [7.75, 9.375, 7.875, 10.125], "texture": "#0"},
				"west": {"uv": [7.75, 9.375, 7.875, 10.125], "texture": "#0"},
				"up": {"uv": [7.75, 9.375, 7.875, 9.5], "texture": "#0"},
				"down": {"uv": [7.75, 10, 7.875, 10.125], "texture": "#0"}
			}
		},
		{
			"name": "grand_claymore_68",
			"from": [8.0625, 5.125, 7.75],
			"to": [8.1875, 5.875, 8.25],
			"rotation": {"angle": 0, "axis": "y", "origin": [0.0625, 0, 7.9375]},
			"faces": {
				"north": {"uv": [8.125, 9.375, 8, 10.125], "texture": "#0"},
				"east": {"uv": [8, 9.375, 8.125, 10.125], "texture": "#0"},
				"south": {"uv": [8, 9.375, 8.125, 10.125], "texture": "#0"},
				"west": {"uv": [8, 9.375, 8.125, 10.125], "texture": "#0"},
				"up": {"uv": [8, 9.375, 8.125, 9.5], "texture": "#0"},
				"down": {"uv": [8, 10, 8.125, 10.125], "texture": "#0"}
			}
		},
		{
			"name": "grand_claymore_69",
			"from": [7.5625, 5.625, 7.96875],
			"to": [7.6875, 6.875, 8.03125],
			"rotation": {"angle": 0, "axis": "y", "origin": [0.0625, 0, 7.9375]},
			"faces": {
				"north": {"uv": [10.875, 9.375, 10.75, 10.625], "texture": "#0"},
				"east": {"uv": [10.75, 9.375, 10.875, 10.625], "texture": "#0"},
				"south": {"uv": [10.75, 9.375, 10.875, 10.625], "texture": "#0"},
				"west": {"uv": [10.75, 9.375, 10.875, 10.625], "texture": "#0"},
				"up": {"uv": [10.75, 9.375, 10.875, 9.5], "texture": "#0"},
				"down": {"uv": [10.75, 10.5, 10.875, 10.625], "texture": "#0"}
			}
		},
		{
			"name": "grand_claymore_70",
			"from": [8.3125, 5.625, 7.96875],
			"to": [8.4375, 6.875, 8.03125],
			"rotation": {"angle": 0, "axis": "y", "origin": [0.0625, 0, 7.9375]},
			"faces": {
				"north": {"uv": [11.625, 9.375, 11.5, 10.625], "texture": "#0"},
				"east": {"uv": [11.5, 9.375, 11.625, 10.625], "texture": "#0"},
				"south": {"uv": [11.5, 9.375, 11.625, 10.625], "texture": "#0"},
				"west": {"uv": [11.5, 9.375, 11.625, 10.625], "texture": "#0"},
				"up": {"uv": [11.5, 9.375, 11.625, 9.5], "texture": "#0"},
				"down": {"uv": [11.5, 10.5, 11.625, 10.625], "texture": "#0"}
			}
		},
		{
			"name": "grand_claymore_71",
			"from": [7.6875, 5, 7.75],
			"to": [7.8125, 5.75, 8.25],
			"rotation": {"angle": 0, "axis": "y", "origin": [0.0625, 0, 7.9375]},
			"faces": {
				"north": {"uv": [7.75, 9.5, 7.625, 10.25], "texture": "#0"},
				"east": {"uv": [7.625, 9.5, 7.75, 10.25], "texture": "#0"},
				"south": {"uv": [7.625, 9.5, 7.75, 10.25], "texture": "#0"},
				"west": {"uv": [7.625, 9.5, 7.75, 10.25], "texture": "#0"},
				"up": {"uv": [7.625, 9.5, 7.75, 9.625], "texture": "#0"},
				"down": {"uv": [7.625, 10.125, 7.75, 10.25], "texture": "#0"}
			}
		},
		{
			"name": "grand_claymore_72",
			"from": [8.1875, 5, 7.75],
			"to": [8.3125, 5.75, 8.25],
			"rotation": {"angle": 0, "axis": "y", "origin": [0.0625, 0, 7.9375]},
			"faces": {
				"north": {"uv": [8.25, 9.5, 8.125, 10.25], "texture": "#0"},
				"east": {"uv": [8.125, 9.5, 8.25, 10.25], "texture": "#0"},
				"south": {"uv": [8.125, 9.5, 8.25, 10.25], "texture": "#0"},
				"west": {"uv": [8.125, 9.5, 8.25, 10.25], "texture": "#0"},
				"up": {"uv": [8.125, 9.5, 8.25, 9.625], "texture": "#0"},
				"down": {"uv": [8.125, 10.125, 8.25, 10.25], "texture": "#0"}
			}
		},
		{
			"name": "grand_claymore_73",
			"from": [7.5625, 6.875, 7.875],
			"to": [7.6875, 8.125, 8.125],
			"rotation": {"angle": 0, "axis": "y", "origin": [0.0625, 0, 7.9375]},
			"faces": {
				"north": {"uv": [1, 9.625, 0.875, 10.875], "texture": "#0"},
				"east": {"uv": [0.875, 9.625, 1, 10.875], "texture": "#0"},
				"south": {"uv": [0.875, 9.625, 1, 10.875], "texture": "#0"},
				"west": {"uv": [0.875, 9.625, 1, 10.875], "texture": "#0"},
				"up": {"uv": [0.875, 9.625, 1, 9.75], "texture": "#0"},
				"down": {"uv": [0.875, 10.75, 1, 10.875], "texture": "#0"}
			}
		},
		{
			"name": "grand_claymore_74",
			"from": [8.3125, 6.875, 7.875],
			"to": [8.4375, 8.125, 8.125],
			"rotation": {"angle": 0, "axis": "y", "origin": [0.0625, 0, 7.9375]},
			"faces": {
				"north": {"uv": [1.75, 9.625, 1.625, 10.875], "texture": "#0"},
				"east": {"uv": [1.625, 9.625, 1.75, 10.875], "texture": "#0"},
				"south": {"uv": [1.625, 9.625, 1.75, 10.875], "texture": "#0"},
				"west": {"uv": [1.625, 9.625, 1.75, 10.875], "texture": "#0"},
				"up": {"uv": [1.625, 9.625, 1.75, 9.75], "texture": "#0"},
				"down": {"uv": [1.625, 10.75, 1.75, 10.875], "texture": "#0"}
			}
		},
		{
			"name": "grand_claymore_75",
			"from": [7.5625, 5.125, 7.75],
			"to": [7.6875, 5.625, 8.25],
			"rotation": {"angle": 0, "axis": "y", "origin": [0.0625, 0, 7.9375]},
			"faces": {
				"north": {"uv": [7.625, 9.625, 7.5, 10.125], "texture": "#0"},
				"east": {"uv": [7.5, 9.625, 7.625, 10.125], "texture": "#0"},
				"south": {"uv": [7.5, 9.625, 7.625, 10.125], "texture": "#0"},
				"west": {"uv": [7.5, 9.625, 7.625, 10.125], "texture": "#0"},
				"up": {"uv": [7.5, 9.625, 7.625, 9.75], "texture": "#0"},
				"down": {"uv": [7.5, 10, 7.625, 10.125], "texture": "#0"}
			}
		},
		{
			"name": "grand_claymore_76",
			"from": [8.3125, 5.125, 7.75],
			"to": [8.4375, 5.625, 8.25],
			"rotation": {"angle": 0, "axis": "y", "origin": [0.0625, 0, 7.9375]},
			"faces": {
				"north": {"uv": [8.375, 9.625, 8.25, 10.125], "texture": "#0"},
				"east": {"uv": [8.25, 9.625, 8.375, 10.125], "texture": "#0"},
				"south": {"uv": [8.25, 9.625, 8.375, 10.125], "texture": "#0"},
				"west": {"uv": [8.25, 9.625, 8.375, 10.125], "texture": "#0"},
				"up": {"uv": [8.25, 9.625, 8.375, 9.75], "texture": "#0"},
				"down": {"uv": [8.25, 10, 8.375, 10.125], "texture": "#0"}
			}
		},
		{
			"name": "grand_claymore_77",
			"from": [7.4375, 5.5, 7.875],
			"to": [7.5625, 8, 8.125],
			"rotation": {"angle": 0, "axis": "y", "origin": [0.0625, 0, 7.9375]},
			"faces": {
				"north": {"uv": [0.875, 9.75, 0.75, 12.25], "texture": "#0"},
				"east": {"uv": [0.75, 9.75, 0.875, 12.25], "texture": "#0"},
				"south": {"uv": [0.75, 9.75, 0.875, 12.25], "texture": "#0"},
				"west": {"uv": [0.75, 9.75, 0.875, 12.25], "texture": "#0"},
				"up": {"uv": [0.75, 9.75, 0.875, 9.875], "texture": "#0"},
				"down": {"uv": [0.75, 12.125, 0.875, 12.25], "texture": "#0"}
			}
		},
		{
			"name": "grand_claymore_78",
			"from": [8.4375, 5.5, 7.875],
			"to": [8.5625, 8, 8.125],
			"rotation": {"angle": 0, "axis": "y", "origin": [0.0625, 0, 7.9375]},
			"faces": {
				"north": {"uv": [1.875, 9.75, 1.75, 12.25], "texture": "#0"},
				"east": {"uv": [1.75, 9.75, 1.875, 12.25], "texture": "#0"},
				"south": {"uv": [1.75, 9.75, 1.875, 12.25], "texture": "#0"},
				"west": {"uv": [1.75, 9.75, 1.875, 12.25], "texture": "#0"},
				"up": {"uv": [1.75, 9.75, 1.875, 9.875], "texture": "#0"},
				"down": {"uv": [1.75, 12.125, 1.875, 12.25], "texture": "#0"}
			}
		},
		{
			"name": "grand_claymore_79",
			"from": [6.3125, 5, 7.75],
			"to": [6.5625, 5.25, 8.25],
			"rotation": {"angle": 0, "axis": "y", "origin": [0.0625, 0, 7.9375]},
			"faces": {
				"north": {"uv": [6.5, 9.75, 6.25, 10], "texture": "#0"},
				"east": {"uv": [6.375, 9.75, 6.5, 10], "texture": "#0"},
				"south": {"uv": [6.25, 9.75, 6.5, 10], "texture": "#0"},
				"west": {"uv": [6.25, 9.75, 6.375, 10], "texture": "#0"},
				"up": {"uv": [6.25, 9.75, 6.5, 9.875], "texture": "#0"},
				"down": {"uv": [6.25, 9.875, 6.5, 10], "texture": "#0"}
			}
		},
		{
			"name": "grand_claymore_80",
			"from": [7.4375, 5.25, 7.75],
			"to": [7.5625, 5.5, 8.25],
			"rotation": {"angle": 0, "axis": "y", "origin": [0.0625, 0, 7.9375]},
			"faces": {
				"north": {"uv": [7.5, 9.75, 7.375, 10], "texture": "#0"},
				"east": {"uv": [7.375, 9.75, 7.5, 10], "texture": "#0"},
				"south": {"uv": [7.375, 9.75, 7.5, 10], "texture": "#0"},
				"west": {"uv": [7.375, 9.75, 7.5, 10], "texture": "#0"},
				"up": {"uv": [7.375, 9.75, 7.5, 9.875], "texture": "#0"},
				"down": {"uv": [7.375, 9.875, 7.5, 10], "texture": "#0"}
			}
		},
		{
			"name": "grand_claymore_81",
			"from": [8.4375, 5.25, 7.75],
			"to": [8.5625, 5.5, 8.25],
			"rotation": {"angle": 0, "axis": "y", "origin": [0.0625, 0, 7.9375]},
			"faces": {
				"north": {"uv": [8.5, 9.75, 8.375, 10], "texture": "#0"},
				"east": {"uv": [8.375, 9.75, 8.5, 10], "texture": "#0"},
				"south": {"uv": [8.375, 9.75, 8.5, 10], "texture": "#0"},
				"west": {"uv": [8.375, 9.75, 8.5, 10], "texture": "#0"},
				"up": {"uv": [8.375, 9.75, 8.5, 9.875], "texture": "#0"},
				"down": {"uv": [8.375, 9.875, 8.5, 10], "texture": "#0"}
			}
		},
		{
			"name": "grand_claymore_82",
			"from": [9.4375, 5, 7.75],
			"to": [9.6875, 5.25, 8.25],
			"rotation": {"angle": 0, "axis": "y", "origin": [0.0625, 0, 7.9375]},
			"faces": {
				"north": {"uv": [9.625, 9.75, 9.375, 10], "texture": "#0"},
				"east": {"uv": [9.5, 9.75, 9.625, 10], "texture": "#0"},
				"south": {"uv": [9.375, 9.75, 9.625, 10], "texture": "#0"},
				"west": {"uv": [9.375, 9.75, 9.5, 10], "texture": "#0"},
				"up": {"uv": [9.375, 9.75, 9.625, 9.875], "texture": "#0"},
				"down": {"uv": [9.375, 9.875, 9.625, 10], "texture": "#0"}
			}
		},
		{
			"name": "grand_claymore_83",
			"from": [6.5625, 4.75, 7.75],
			"to": [6.6875, 5.125, 8.25],
			"rotation": {"angle": 0, "axis": "y", "origin": [0.0625, 0, 7.9375]},
			"faces": {
				"north": {"uv": [6.625, 9.875, 6.5, 10.25], "texture": "#0"},
				"east": {"uv": [6.5, 9.875, 6.625, 10.25], "texture": "#0"},
				"south": {"uv": [6.5, 9.875, 6.625, 10.25], "texture": "#0"},
				"west": {"uv": [6.5, 9.875, 6.625, 10.25], "texture": "#0"},
				"up": {"uv": [6.5, 9.875, 6.625, 10], "texture": "#0"},
				"down": {"uv": [6.5, 10.125, 6.625, 10.25], "texture": "#0"}
			}
		},
		{
			"name": "grand_claymore_84",
			"from": [9.3125, 4.75, 7.75],
			"to": [9.4375, 5.125, 8.25],
			"rotation": {"angle": 0, "axis": "y", "origin": [0.0625, 0, 7.9375]},
			"faces": {
				"north": {"uv": [9.375, 9.875, 9.25, 10.25], "texture": "#0"},
				"east": {"uv": [9.25, 9.875, 9.375, 10.25], "texture": "#0"},
				"south": {"uv": [9.25, 9.875, 9.375, 10.25], "texture": "#0"},
				"west": {"uv": [9.25, 9.875, 9.375, 10.25], "texture": "#0"},
				"up": {"uv": [9.25, 9.875, 9.375, 10], "texture": "#0"},
				"down": {"uv": [9.25, 10.125, 9.375, 10.25], "texture": "#0"}
			}
		},
		{
			"name": "grand_claymore_85",
			"from": [7.6875, 5.75, 7.96875],
			"to": [7.8125, 6.375, 8.03125],
			"rotation": {"angle": 0, "axis": "y", "origin": [0.0625, 0, 7.9375]},
			"faces": {
				"north": {"uv": [11, 9.875, 10.875, 10.5], "texture": "#0"},
				"east": {"uv": [10.875, 9.875, 11, 10.5], "texture": "#0"},
				"south": {"uv": [10.875, 9.875, 11, 10.5], "texture": "#0"},
				"west": {"uv": [10.875, 9.875, 11, 10.5], "texture": "#0"},
				"up": {"uv": [10.875, 9.875, 11, 10], "texture": "#0"},
				"down": {"uv": [10.875, 10.375, 11, 10.5], "texture": "#0"}
			}
		},
		{
			"name": "grand_claymore_86",
			"from": [8.1875, 5.75, 7.96875],
			"to": [8.3125, 6.375, 8.03125],
			"rotation": {"angle": 0, "axis": "y", "origin": [0.0625, 0, 7.9375]},
			"faces": {
				"north": {"uv": [11.5, 9.875, 11.375, 10.5], "texture": "#0"},
				"east": {"uv": [11.375, 9.875, 11.5, 10.5], "texture": "#0"},
				"south": {"uv": [11.375, 9.875, 11.5, 10.5], "texture": "#0"},
				"west": {"uv": [11.375, 9.875, 11.5, 10.5], "texture": "#0"},
				"up": {"uv": [11.375, 9.875, 11.5, 10], "texture": "#0"},
				"down": {"uv": [11.375, 10.375, 11.5, 10.5], "texture": "#0"}
			}
		},
		{
			"name": "grand_claymore_87",
			"from": [6.0625, 4.75, 7.75],
			"to": [6.3125, 5, 8.25],
			"rotation": {"angle": 0, "axis": "y", "origin": [0.0625, 0, 7.9375]},
			"faces": {
				"north": {"uv": [6.25, 10, 6, 10.25], "texture": "#0"},
				"east": {"uv": [6.125, 10, 6.25, 10.25], "texture": "#0"},
				"south": {"uv": [6, 10, 6.25, 10.25], "texture": "#0"},
				"west": {"uv": [6, 10, 6.125, 10.25], "texture": "#0"},
				"up": {"uv": [6, 10, 6.25, 10.125], "texture": "#0"},
				"down": {"uv": [6, 10.125, 6.25, 10.25], "texture": "#0"}
			}
		},
		{
			"name": "grand_claymore_88",
			"from": [6.4375, 4.875, 7.75],
			"to": [6.5625, 5, 8.25],
			"rotation": {"angle": 0, "axis": "y", "origin": [0.0625, 0, 7.9375]},
			"faces": {
				"north": {"uv": [6.5, 10, 6.375, 10.125], "texture": "#0"},
				"east": {"uv": [6.375, 10, 6.5, 10.125], "texture": "#0"},
				"south": {"uv": [6.375, 10, 6.5, 10.125], "texture": "#0"},
				"west": {"uv": [6.375, 10, 6.5, 10.125], "texture": "#0"},
				"up": {"uv": [6.375, 10, 6.5, 10.125], "texture": "#0"},
				"down": {"uv": [6.375, 10, 6.5, 10.125], "texture": "#0"}
			}
		},
		{
			"name": "grand_claymore_89",
			"from": [6.6875, 4.75, 7.75],
			"to": [6.9375, 5, 8.25],
			"rotation": {"angle": 0, "axis": "y", "origin": [0.0625, 0, 7.9375]},
			"faces": {
				"north": {"uv": [6.875, 10, 6.625, 10.25], "texture": "#0"},
				"east": {"uv": [6.75, 10, 6.875, 10.25], "texture": "#0"},
				"south": {"uv": [6.625, 10, 6.875, 10.25], "texture": "#0"},
				"west": {"uv": [6.625, 10, 6.75, 10.25], "texture": "#0"},
				"up": {"uv": [6.625, 10, 6.875, 10.125], "texture": "#0"},
				"down": {"uv": [6.625, 10.125, 6.875, 10.25], "texture": "#0"}
			}
		},
		{
			"name": "grand_claymore_90",
			"from": [9.0625, 4.75, 7.75],
			"to": [9.3125, 5, 8.25],
			"rotation": {"angle": 0, "axis": "y", "origin": [0.0625, 0, 7.9375]},
			"faces": {
				"north": {"uv": [9.25, 10, 9, 10.25], "texture": "#0"},
				"east": {"uv": [9.125, 10, 9.25, 10.25], "texture": "#0"},
				"south": {"uv": [9, 10, 9.25, 10.25], "texture": "#0"},
				"west": {"uv": [9, 10, 9.125, 10.25], "texture": "#0"},
				"up": {"uv": [9, 10, 9.25, 10.125], "texture": "#0"},
				"down": {"uv": [9, 10.125, 9.25, 10.25], "texture": "#0"}
			}
		},
		{
			"name": "grand_claymore_91",
			"from": [9.4375, 4.875, 7.75],
			"to": [9.5625, 5, 8.25],
			"rotation": {"angle": 0, "axis": "y", "origin": [0.0625, 0, 7.9375]},
			"faces": {
				"north": {"uv": [9.5, 10, 9.375, 10.125], "texture": "#0"},
				"east": {"uv": [9.375, 10, 9.5, 10.125], "texture": "#0"},
				"south": {"uv": [9.375, 10, 9.5, 10.125], "texture": "#0"},
				"west": {"uv": [9.375, 10, 9.5, 10.125], "texture": "#0"},
				"up": {"uv": [9.375, 10, 9.5, 10.125], "texture": "#0"},
				"down": {"uv": [9.375, 10, 9.5, 10.125], "texture": "#0"}
			}
		},
		{
			"name": "grand_claymore_92",
			"from": [9.6875, 4.75, 7.75],
			"to": [9.9375, 5, 8.25],
			"rotation": {"angle": 0, "axis": "y", "origin": [0.0625, 0, 7.9375]},
			"faces": {
				"north": {"uv": [9.875, 10, 9.625, 10.25], "texture": "#0"},
				"east": {"uv": [9.75, 10, 9.875, 10.25], "texture": "#0"},
				"south": {"uv": [9.625, 10, 9.875, 10.25], "texture": "#0"},
				"west": {"uv": [9.625, 10, 9.75, 10.25], "texture": "#0"},
				"up": {"uv": [9.625, 10, 9.875, 10.125], "texture": "#0"},
				"down": {"uv": [9.625, 10.125, 9.875, 10.25], "texture": "#0"}
			}
		},
		{
			"name": "grand_claymore_93",
			"from": [7.8125, 5.875, 7.96875],
			"to": [7.9375, 6.25, 8.03125],
			"rotation": {"angle": 0, "axis": "y", "origin": [0.0625, 0, 7.9375]},
			"faces": {
				"north": {"uv": [11.125, 10, 11, 10.375], "texture": "#0"},
				"east": {"uv": [11, 10, 11.125, 10.375], "texture": "#0"},
				"south": {"uv": [11, 10, 11.125, 10.375], "texture": "#0"},
				"west": {"uv": [11, 10, 11.125, 10.375], "texture": "#0"},
				"up": {"uv": [11, 10, 11.125, 10.125], "texture": "#0"},
				"down": {"uv": [11, 10.25, 11.125, 10.375], "texture": "#0"}
			}
		},
		{
			"name": "grand_claymore_94",
			"from": [8.0625, 5.875, 7.96875],
			"to": [8.1875, 6.25, 8.03125],
			"rotation": {"angle": 0, "axis": "y", "origin": [0.0625, 0, 7.9375]},
			"faces": {
				"north": {"uv": [11.375, 10, 11.25, 10.375], "texture": "#0"},
				"east": {"uv": [11.25, 10, 11.375, 10.375], "texture": "#0"},
				"south": {"uv": [11.25, 10, 11.375, 10.375], "texture": "#0"},
				"west": {"uv": [11.25, 10, 11.375, 10.375], "texture": "#0"},
				"up": {"uv": [11.25, 10, 11.375, 10.125], "texture": "#0"},
				"down": {"uv": [11.25, 10.25, 11.375, 10.375], "texture": "#0"}
			}
		},
		{
			"name": "grand_claymore_95",
			"from": [6.3125, 4.5, 7.75],
			"to": [6.4375, 4.875, 8.25],
			"rotation": {"angle": 0, "axis": "y", "origin": [0.0625, 0, 7.9375]},
			"faces": {
				"north": {"uv": [6.375, 10.125, 6.25, 10.5], "texture": "#0"},
				"east": {"uv": [6.25, 10.125, 6.375, 10.5], "texture": "#0"},
				"south": {"uv": [6.25, 10.125, 6.375, 10.5], "texture": "#0"},
				"west": {"uv": [6.25, 10.125, 6.375, 10.5], "texture": "#0"},
				"up": {"uv": [6.25, 10.125, 6.375, 10.25], "texture": "#0"},
				"down": {"uv": [6.25, 10.375, 6.375, 10.5], "texture": "#0"}
			}
		},
		{
			"name": "grand_claymore_96",
			"from": [9.5625, 4.5, 7.75],
			"to": [9.6875, 4.875, 8.25],
			"rotation": {"angle": 0, "axis": "y", "origin": [0.0625, 0, 7.9375]},
			"faces": {
				"north": {"uv": [9.625, 10.125, 9.5, 10.5], "texture": "#0"},
				"east": {"uv": [9.5, 10.125, 9.625, 10.5], "texture": "#0"},
				"south": {"uv": [9.5, 10.125, 9.625, 10.5], "texture": "#0"},
				"west": {"uv": [9.5, 10.125, 9.625, 10.5], "texture": "#0"},
				"up": {"uv": [9.5, 10.125, 9.625, 10.25], "texture": "#0"},
				"down": {"uv": [9.5, 10.375, 9.625, 10.5], "texture": "#0"}
			}
		},
		{
			"name": "grand_claymore_97",
			"from": [6.1875, 4.625, 7.75],
			"to": [6.3125, 4.75, 8.25],
			"rotation": {"angle": 0, "axis": "y", "origin": [0.0625, 0, 7.9375]},
			"faces": {
				"north": {"uv": [6.25, 10.25, 6.125, 10.375], "texture": "#0"},
				"east": {"uv": [6.125, 10.25, 6.25, 10.375], "texture": "#0"},
				"south": {"uv": [6.125, 10.25, 6.25, 10.375], "texture": "#0"},
				"west": {"uv": [6.125, 10.25, 6.25, 10.375], "texture": "#0"},
				"up": {"uv": [6.125, 10.25, 6.25, 10.375], "texture": "#0"},
				"down": {"uv": [6.125, 10.25, 6.25, 10.375], "texture": "#0"}
			}
		},
		{
			"name": "grand_claymore_98",
			"from": [6.4375, 4.375, 7.75],
			"to": [6.5625, 4.75, 8.25],
			"rotation": {"angle": 0, "axis": "y", "origin": [0.0625, 0, 7.9375]},
			"faces": {
				"north": {"uv": [6.5, 10.25, 6.375, 10.625], "texture": "#0"},
				"east": {"uv": [6.375, 10.25, 6.5, 10.625], "texture": "#0"},
				"south": {"uv": [6.375, 10.25, 6.5, 10.625], "texture": "#0"},
				"west": {"uv": [6.375, 10.25, 6.5, 10.625], "texture": "#0"},
				"up": {"uv": [6.375, 10.25, 6.5, 10.375], "texture": "#0"},
				"down": {"uv": [6.375, 10.5, 6.5, 10.625], "texture": "#0"}
			}
		},
		{
			"name": "grand_claymore_99",
			"from": [6.8125, 4.625, 7.75],
			"to": [6.9375, 4.75, 8.25],
			"rotation": {"angle": 0, "axis": "y", "origin": [0.0625, 0, 7.9375]},
			"faces": {
				"north": {"uv": [6.875, 10.25, 6.75, 10.375], "texture": "#0"},
				"east": {"uv": [6.75, 10.25, 6.875, 10.375], "texture": "#0"},
				"south": {"uv": [6.75, 10.25, 6.875, 10.375], "texture": "#0"},
				"west": {"uv": [6.75, 10.25, 6.875, 10.375], "texture": "#0"},
				"up": {"uv": [6.75, 10.25, 6.875, 10.375], "texture": "#0"},
				"down": {"uv": [6.75, 10.25, 6.875, 10.375], "texture": "#0"}
			}
		},
		{
			"name": "grand_claymore_100",
			"from": [9.0625, 4.625, 7.75],
			"to": [9.1875, 4.75, 8.25],
			"rotation": {"angle": 0, "axis": "y", "origin": [0.0625, 0, 7.9375]},
			"faces": {
				"north": {"uv": [9.125, 10.25, 9, 10.375], "texture": "#0"},
				"east": {"uv": [9, 10.25, 9.125, 10.375], "texture": "#0"},
				"south": {"uv": [9, 10.25, 9.125, 10.375], "texture": "#0"},
				"west": {"uv": [9, 10.25, 9.125, 10.375], "texture": "#0"},
				"up": {"uv": [9, 10.25, 9.125, 10.375], "texture": "#0"},
				"down": {"uv": [9, 10.25, 9.125, 10.375], "texture": "#0"}
			}
		},
		{
			"name": "grand_claymore_101",
			"from": [9.4375, 4.375, 7.75],
			"to": [9.5625, 4.75, 8.25],
			"rotation": {"angle": 0, "axis": "y", "origin": [0.0625, 0, 7.9375]},
			"faces": {
				"north": {"uv": [9.5, 10.25, 9.375, 10.625], "texture": "#0"},
				"east": {"uv": [9.375, 10.25, 9.5, 10.625], "texture": "#0"},
				"south": {"uv": [9.375, 10.25, 9.5, 10.625], "texture": "#0"},
				"west": {"uv": [9.375, 10.25, 9.5, 10.625], "texture": "#0"},
				"up": {"uv": [9.375, 10.25, 9.5, 10.375], "texture": "#0"},
				"down": {"uv": [9.375, 10.5, 9.5, 10.625], "texture": "#0"}
			}
		},
		{
			"name": "grand_claymore_102",
			"from": [9.6875, 4.625, 7.75],
			"to": [9.8125, 4.75, 8.25],
			"rotation": {"angle": 0, "axis": "y", "origin": [0.0625, 0, 7.9375]},
			"faces": {
				"north": {"uv": [9.75, 10.25, 9.625, 10.375], "texture": "#0"},
				"east": {"uv": [9.625, 10.25, 9.75, 10.375], "texture": "#0"},
				"south": {"uv": [9.625, 10.25, 9.75, 10.375], "texture": "#0"},
				"west": {"uv": [9.625, 10.25, 9.75, 10.375], "texture": "#0"},
				"up": {"uv": [9.625, 10.25, 9.75, 10.375], "texture": "#0"},
				"down": {"uv": [9.625, 10.25, 9.75, 10.375], "texture": "#0"}
			}
		},
		{
			"name": "grand_claymore_103",
			"from": [6.5625, 4.5, 7.75],
			"to": [6.8125, 4.625, 8.25],
			"rotation": {"angle": 0, "axis": "y", "origin": [0.0625, 0, 7.9375]},
			"faces": {
				"north": {"uv": [6.75, 10.375, 6.5, 10.5], "texture": "#0"},
				"east": {"uv": [6.625, 10.375, 6.75, 10.5], "texture": "#0"},
				"south": {"uv": [6.5, 10.375, 6.75, 10.5], "texture": "#0"},
				"west": {"uv": [6.5, 10.375, 6.625, 10.5], "texture": "#0"},
				"up": {"uv": [6.5, 10.375, 6.75, 10.5], "texture": "#0"},
				"down": {"uv": [6.5, 10.375, 6.75, 10.5], "texture": "#0"}
			}
		},
		{
			"name": "grand_claymore_104",
			"from": [9.1875, 4.5, 7.75],
			"to": [9.4375, 4.625, 8.25],
			"rotation": {"angle": 0, "axis": "y", "origin": [0.0625, 0, 7.9375]},
			"faces": {
				"north": {"uv": [9.375, 10.375, 9.125, 10.5], "texture": "#0"},
				"east": {"uv": [9.25, 10.375, 9.375, 10.5], "texture": "#0"},
				"south": {"uv": [9.125, 10.375, 9.375, 10.5], "texture": "#0"},
				"west": {"uv": [9.125, 10.375, 9.25, 10.5], "texture": "#0"},
				"up": {"uv": [9.125, 10.375, 9.375, 10.5], "texture": "#0"},
				"down": {"uv": [9.125, 10.375, 9.375, 10.5], "texture": "#0"}
			}
		},
		{
			"name": "grand_claymore_105",
			"from": [6.5625, 4.375, 7.75],
			"to": [6.6875, 4.5, 8.25],
			"rotation": {"angle": 0, "axis": "y", "origin": [0.0625, 0, 7.9375]},
			"faces": {
				"north": {"uv": [6.625, 10.5, 6.5, 10.625], "texture": "#0"},
				"east": {"uv": [6.5, 10.5, 6.625, 10.625], "texture": "#0"},
				"south": {"uv": [6.5, 10.5, 6.625, 10.625], "texture": "#0"},
				"west": {"uv": [6.5, 10.5, 6.625, 10.625], "texture": "#0"},
				"up": {"uv": [6.5, 10.5, 6.625, 10.625], "texture": "#0"},
				"down": {"uv": [6.5, 10.5, 6.625, 10.625], "texture": "#0"}
			}
		},
		{
			"name": "grand_claymore_106",
			"from": [7.9375, 4.5, 7.6875],
			"to": [8.0625, 5.25, 8.3125],
			"rotation": {"angle": 0, "axis": "y", "origin": [0.0625, 0, 7.9375]},
			"faces": {
				"north": {"uv": [8, 10.5, 7.875, 11.25], "texture": "#0"},
				"east": {"uv": [7.875, 10.5, 8, 11.25], "texture": "#0"},
				"south": {"uv": [7.875, 10.5, 8, 11.25], "texture": "#0"},
				"west": {"uv": [7.875, 10.5, 8, 11.25], "texture": "#0"},
				"up": {"uv": [7.875, 10.5, 8, 10.625], "texture": "#0"},
				"down": {"uv": [7.875, 11.125, 8, 11.25], "texture": "#0"}
			}
		},
		{
			"name": "grand_claymore_107",
			"from": [9.3125, 4.375, 7.75],
			"to": [9.4375, 4.5, 8.25],
			"rotation": {"angle": 0, "axis": "y", "origin": [0.0625, 0, 7.9375]},
			"faces": {
				"north": {"uv": [9.375, 10.5, 9.25, 10.625], "texture": "#0"},
				"east": {"uv": [9.25, 10.5, 9.375, 10.625], "texture": "#0"},
				"south": {"uv": [9.25, 10.5, 9.375, 10.625], "texture": "#0"},
				"west": {"uv": [9.25, 10.5, 9.375, 10.625], "texture": "#0"},
				"up": {"uv": [9.25, 10.5, 9.375, 10.625], "texture": "#0"},
				"down": {"uv": [9.25, 10.5, 9.375, 10.625], "texture": "#0"}
			}
		},
		{
			"name": "grand_claymore_108",
			"from": [7.1875, 6, 7.9375],
			"to": [7.3125, 7.125, 8.0625],
			"rotation": {"angle": 0, "axis": "y", "origin": [0.0625, 0, 7.9375]},
			"faces": {
				"north": {"uv": [3.75, 10.625, 3.625, 11.75], "texture": "#0"},
				"east": {"uv": [3.625, 10.625, 3.75, 11.75], "texture": "#0"},
				"south": {"uv": [3.625, 10.625, 3.75, 11.75], "texture": "#0"},
				"west": {"uv": [3.625, 10.625, 3.75, 11.75], "texture": "#0"},
				"up": {"uv": [3.625, 10.625, 3.75, 10.75], "texture": "#0"},
				"down": {"uv": [3.625, 11.625, 3.75, 11.75], "texture": "#0"}
			}
		},
		{
			"name": "grand_claymore_109",
			"from": [7.8125, 4.5, 7.6875],
			"to": [7.9375, 5.125, 8.3125],
			"rotation": {"angle": 0, "axis": "y", "origin": [0.0625, 0, 7.9375]},
			"faces": {
				"north": {"uv": [7.875, 10.625, 7.75, 11.25], "texture": "#0"},
				"east": {"uv": [7.75, 10.625, 7.875, 11.25], "texture": "#0"},
				"south": {"uv": [7.75, 10.625, 7.875, 11.25], "texture": "#0"},
				"west": {"uv": [7.75, 10.625, 7.875, 11.25], "texture": "#0"},
				"up": {"uv": [7.75, 10.625, 7.875, 10.75], "texture": "#0"},
				"down": {"uv": [7.75, 11.125, 7.875, 11.25], "texture": "#0"}
			}
		},
		{
			"name": "grand_claymore_110",
			"from": [8.0625, 4.5, 7.6875],
			"to": [8.1875, 5.125, 8.3125],
			"rotation": {"angle": 0, "axis": "y", "origin": [0.0625, 0, 7.9375]},
			"faces": {
				"north": {"uv": [8.125, 10.625, 8, 11.25], "texture": "#0"},
				"east": {"uv": [8, 10.625, 8.125, 11.25], "texture": "#0"},
				"south": {"uv": [8, 10.625, 8.125, 11.25], "texture": "#0"},
				"west": {"uv": [8, 10.625, 8.125, 11.25], "texture": "#0"},
				"up": {"uv": [8, 10.625, 8.125, 10.75], "texture": "#0"},
				"down": {"uv": [8, 11.125, 8.125, 11.25], "texture": "#0"}
			}
		},
		{
			"name": "grand_claymore_111",
			"from": [7.3125, 4.75, 7.875],
			"to": [7.4375, 7, 8.125],
			"rotation": {"angle": 0, "axis": "y", "origin": [0.0625, 0, 7.9375]},
			"faces": {
				"north": {"uv": [0.75, 10.75, 0.625, 13], "texture": "#0"},
				"east": {"uv": [0.625, 10.75, 0.75, 13], "texture": "#0"},
				"south": {"uv": [0.625, 10.75, 0.75, 13], "texture": "#0"},
				"west": {"uv": [0.625, 10.75, 0.75, 13], "texture": "#0"},
				"up": {"uv": [0.625, 10.75, 0.75, 10.875], "texture": "#0"},
				"down": {"uv": [0.625, 12.875, 0.75, 13], "texture": "#0"}
			}
		},
		{
			"name": "grand_claymore_112",
			"from": [8.6875, 6, 7.9375],
			"to": [8.8125, 7, 8.0625],
			"rotation": {"angle": 0, "axis": "y", "origin": [0.0625, 0, 7.9375]},
			"faces": {
				"north": {"uv": [5.25, 10.75, 5.125, 11.75], "texture": "#0"},
				"east": {"uv": [5.125, 10.75, 5.25, 11.75], "texture": "#0"},
				"south": {"uv": [5.125, 10.75, 5.25, 11.75], "texture": "#0"},
				"west": {"uv": [5.125, 10.75, 5.25, 11.75], "texture": "#0"},
				"up": {"uv": [5.125, 10.75, 5.25, 10.875], "texture": "#0"},
				"down": {"uv": [5.125, 11.625, 5.25, 11.75], "texture": "#0"}
			}
		},
		{
			"name": "grand_claymore_113",
			"from": [7.6875, 4.5, 7.6875],
			"to": [7.8125, 5, 8.3125],
			"rotation": {"angle": 0, "axis": "y", "origin": [0.0625, 0, 7.9375]},
			"faces": {
				"north": {"uv": [7.75, 10.75, 7.625, 11.25], "texture": "#0"},
				"east": {"uv": [7.625, 10.75, 7.75, 11.25], "texture": "#0"},
				"south": {"uv": [7.625, 10.75, 7.75, 11.25], "texture": "#0"},
				"west": {"uv": [7.625, 10.75, 7.75, 11.25], "texture": "#0"},
				"up": {"uv": [7.625, 10.75, 7.75, 10.875], "texture": "#0"},
				"down": {"uv": [7.625, 11.125, 7.75, 11.25], "texture": "#0"}
			}
		},
		{
			"name": "grand_claymore_114",
			"from": [8.1875, 4.5, 7.6875],
			"to": [8.3125, 5, 8.3125],
			"rotation": {"angle": 0, "axis": "y", "origin": [0.0625, 0, 7.9375]},
			"faces": {
				"north": {"uv": [8.25, 10.75, 8.125, 11.25], "texture": "#0"},
				"east": {"uv": [8.125, 10.75, 8.25, 11.25], "texture": "#0"},
				"south": {"uv": [8.125, 10.75, 8.25, 11.25], "texture": "#0"},
				"west": {"uv": [8.125, 10.75, 8.25, 11.25], "texture": "#0"},
				"up": {"uv": [8.125, 10.75, 8.25, 10.875], "texture": "#0"},
				"down": {"uv": [8.125, 11.125, 8.25, 11.25], "texture": "#0"}
			}
		},
		{
			"name": "grand_claymore_115",
			"from": [8.5625, 4.75, 7.875],
			"to": [8.6875, 6.875, 8.125],
			"rotation": {"angle": 0, "axis": "y", "origin": [0.0625, 0, 7.9375]},
			"faces": {
				"north": {"uv": [2, 10.875, 1.875, 13], "texture": "#0"},
				"east": {"uv": [1.875, 10.875, 2, 13], "texture": "#0"},
				"south": {"uv": [1.875, 10.875, 2, 13], "texture": "#0"},
				"west": {"uv": [1.875, 10.875, 2, 13], "texture": "#0"},
				"up": {"uv": [1.875, 10.875, 2, 11], "texture": "#0"},
				"down": {"uv": [1.875, 12.875, 2, 13], "texture": "#0"}
			}
		},
		{
			"name": "grand_claymore_116",
			"from": [6.9375, 4.625, 7.6875],
			"to": [7.1875, 4.875, 8.3125],
			"rotation": {"angle": 0, "axis": "y", "origin": [0.0625, 0, 7.9375]},
			"faces": {
				"north": {"uv": [7.125, 10.875, 6.875, 11.125], "texture": "#0"},
				"east": {"uv": [7, 10.875, 7.125, 11.125], "texture": "#0"},
				"south": {"uv": [6.875, 10.875, 7.125, 11.125], "texture": "#0"},
				"west": {"uv": [6.875, 10.875, 7, 11.125], "texture": "#0"},
				"up": {"uv": [6.875, 10.875, 7.125, 11], "texture": "#0"},
				"down": {"uv": [6.875, 11, 7.125, 11.125], "texture": "#0"}
			}
		},
		{
			"name": "grand_claymore_117",
			"from": [7.5625, 4.5, 7.6875],
			"to": [7.6875, 4.875, 8.3125],
			"rotation": {"angle": 0, "axis": "y", "origin": [0.0625, 0, 7.9375]},
			"faces": {
				"north": {"uv": [7.625, 10.875, 7.5, 11.25], "texture": "#0"},
				"east": {"uv": [7.5, 10.875, 7.625, 11.25], "texture": "#0"},
				"south": {"uv": [7.5, 10.875, 7.625, 11.25], "texture": "#0"},
				"west": {"uv": [7.5, 10.875, 7.625, 11.25], "texture": "#0"},
				"up": {"uv": [7.5, 10.875, 7.625, 11], "texture": "#0"},
				"down": {"uv": [7.5, 11.125, 7.625, 11.25], "texture": "#0"}
			}
		},
		{
			"name": "grand_claymore_118",
			"from": [8.3125, 4.5, 7.6875],
			"to": [8.4375, 4.875, 8.3125],
			"rotation": {"angle": 0, "axis": "y", "origin": [0.0625, 0, 7.9375]},
			"faces": {
				"north": {"uv": [8.375, 10.875, 8.25, 11.25], "texture": "#0"},
				"east": {"uv": [8.25, 10.875, 8.375, 11.25], "texture": "#0"},
				"south": {"uv": [8.25, 10.875, 8.375, 11.25], "texture": "#0"},
				"west": {"uv": [8.25, 10.875, 8.375, 11.25], "texture": "#0"},
				"up": {"uv": [8.25, 10.875, 8.375, 11], "texture": "#0"},
				"down": {"uv": [8.25, 11.125, 8.375, 11.25], "texture": "#0"}
			}
		},
		{
			"name": "grand_claymore_119",
			"from": [8.8125, 4.625, 7.6875],
			"to": [9.0625, 4.875, 8.3125],
			"rotation": {"angle": 0, "axis": "y", "origin": [0.0625, 0, 7.9375]},
			"faces": {
				"north": {"uv": [9, 10.875, 8.75, 11.125], "texture": "#0"},
				"east": {"uv": [8.875, 10.875, 9, 11.125], "texture": "#0"},
				"south": {"uv": [8.75, 10.875, 9, 11.125], "texture": "#0"},
				"west": {"uv": [8.75, 10.875, 8.875, 11.125], "texture": "#0"},
				"up": {"uv": [8.75, 10.875, 9, 11], "texture": "#0"},
				"down": {"uv": [8.75, 11, 9, 11.125], "texture": "#0"}
			}
		},
		{
			"name": "grand_claymore_120",
			"from": [7.1875, 4.5, 7.6875],
			"to": [7.5625, 4.75, 8.3125],
			"rotation": {"angle": 0, "axis": "y", "origin": [0.0625, 0, 7.9375]},
			"faces": {
				"north": {"uv": [7.5, 11, 7.125, 11.25], "texture": "#0"},
				"east": {"uv": [7.375, 11, 7.5, 11.25], "texture": "#0"},
				"south": {"uv": [7.125, 11, 7.5, 11.25], "texture": "#0"},
				"west": {"uv": [7.125, 11, 7.25, 11.25], "texture": "#0"},
				"up": {"uv": [7.125, 11, 7.5, 11.125], "texture": "#0"},
				"down": {"uv": [7.125, 11.125, 7.5, 11.25], "texture": "#0"}
			}
		},
		{
			"name": "grand_claymore_121",
			"from": [8.4375, 4.5, 7.6875],
			"to": [8.8125, 4.75, 8.3125],
			"rotation": {"angle": 0, "axis": "y", "origin": [0.0625, 0, 7.9375]},
			"faces": {
				"north": {"uv": [8.75, 11, 8.375, 11.25], "texture": "#0"},
				"east": {"uv": [8.625, 11, 8.75, 11.25], "texture": "#0"},
				"south": {"uv": [8.375, 11, 8.75, 11.25], "texture": "#0"},
				"west": {"uv": [8.375, 11, 8.5, 11.25], "texture": "#0"},
				"up": {"uv": [8.375, 11, 8.75, 11.125], "texture": "#0"},
				"down": {"uv": [8.375, 11.125, 8.75, 11.25], "texture": "#0"}
			}
		},
		{
			"name": "grand_claymore_122",
			"from": [6.6875, 4.25, 7.6875],
			"to": [7.1875, 4.5, 8.3125],
			"rotation": {"angle": 0, "axis": "y", "origin": [0.0625, 0, 7.9375]},
			"faces": {
				"north": {"uv": [7.125, 11.25, 6.625, 11.5], "texture": "#0"},
				"east": {"uv": [7, 11.25, 7.125, 11.5], "texture": "#0"},
				"south": {"uv": [6.625, 11.25, 7.125, 11.5], "texture": "#0"},
				"west": {"uv": [6.625, 11.25, 6.75, 11.5], "texture": "#0"},
				"up": {"uv": [6.625, 11.25, 7.125, 11.375], "texture": "#0"},
				"down": {"uv": [6.625, 11.375, 7.125, 11.5], "texture": "#0"}
			}
		},
		{
			"name": "grand_claymore_123",
			"from": [8.8125, 4.25, 7.6875],
			"to": [9.3125, 4.5, 8.3125],
			"rotation": {"angle": 0, "axis": "y", "origin": [0.0625, 0, 7.9375]},
			"faces": {
				"north": {"uv": [9.25, 11.25, 8.75, 11.5], "texture": "#0"},
				"east": {"uv": [9.125, 11.25, 9.25, 11.5], "texture": "#0"},
				"south": {"uv": [8.75, 11.25, 9.25, 11.5], "texture": "#0"},
				"west": {"uv": [8.75, 11.25, 8.875, 11.5], "texture": "#0"},
				"up": {"uv": [8.75, 11.25, 9.25, 11.375], "texture": "#0"},
				"down": {"uv": [8.75, 11.375, 9.25, 11.5], "texture": "#0"}
			}
		},
		{
			"name": "grand_claymore_124",
			"from": [7.1875, 4.125, 7.6875],
			"to": [8.8125, 4.375, 8.3125],
			"rotation": {"angle": 0, "axis": "y", "origin": [0.0625, 0, 7.9375]},
			"faces": {
				"north": {"uv": [8.75, 11.375, 7.125, 11.625], "texture": "#0"},
				"east": {"uv": [8.625, 11.375, 8.75, 11.625], "texture": "#0"},
				"south": {"uv": [7.125, 11.375, 8.75, 11.625], "texture": "#0"},
				"west": {"uv": [7.125, 11.375, 7.25, 11.625], "texture": "#0"},
				"up": {"uv": [7.125, 11.375, 8.75, 11.5], "texture": "#0"},
				"down": {"uv": [7.125, 11.5, 8.75, 11.625], "texture": "#0"}
			}
		},
		{
			"name": "grand_claymore_125",
			"from": [7.0625, 4.125, 7.6875],
			"to": [7.1875, 4.25, 8.3125],
			"rotation": {"angle": 0, "axis": "y", "origin": [0.0625, 0, 7.9375]},
			"faces": {
				"north": {"uv": [7.125, 11.5, 7, 11.625], "texture": "#0"},
				"east": {"uv": [7, 11.5, 7.125, 11.625], "texture": "#0"},
				"south": {"uv": [7, 11.5, 7.125, 11.625], "texture": "#0"},
				"west": {"uv": [7, 11.5, 7.125, 11.625], "texture": "#0"},
				"up": {"uv": [7, 11.5, 7.125, 11.625], "texture": "#0"},
				"down": {"uv": [7, 11.5, 7.125, 11.625], "texture": "#0"}
			}
		},
		{
			"name": "grand_claymore_126",
			"from": [8.8125, 4.125, 7.6875],
			"to": [8.9375, 4.25, 8.3125],
			"rotation": {"angle": 0, "axis": "y", "origin": [0.0625, 0, 7.9375]},
			"faces": {
				"north": {"uv": [8.875, 11.5, 8.75, 11.625], "texture": "#0"},
				"east": {"uv": [8.75, 11.5, 8.875, 11.625], "texture": "#0"},
				"south": {"uv": [8.75, 11.5, 8.875, 11.625], "texture": "#0"},
				"west": {"uv": [8.75, 11.5, 8.875, 11.625], "texture": "#0"},
				"up": {"uv": [8.75, 11.5, 8.875, 11.625], "texture": "#0"},
				"down": {"uv": [8.75, 11.5, 8.875, 11.625], "texture": "#0"}
			}
		},
		{
			"name": "grand_claymore_127",
			"from": [7.0625, 5.5, 7.9375],
			"to": [7.1875, 6.125, 8.0625],
			"rotation": {"angle": 0, "axis": "y", "origin": [0.0625, 0, 7.9375]},
			"faces": {
				"north": {"uv": [3.625, 11.625, 3.5, 12.25], "texture": "#0"},
				"east": {"uv": [3.5, 11.625, 3.625, 12.25], "texture": "#0"},
				"south": {"uv": [3.5, 11.625, 3.625, 12.25], "texture": "#0"},
				"west": {"uv": [3.5, 11.625, 3.625, 12.25], "texture": "#0"},
				"up": {"uv": [3.5, 11.625, 3.625, 11.75], "texture": "#0"},
				"down": {"uv": [3.5, 12.125, 3.625, 12.25], "texture": "#0"}
			}
		},
		{
			"name": "grand_claymore_128",
			"from": [8.8125, 5.5, 7.9375],
			"to": [8.9375, 6.125, 8.0625],
			"rotation": {"angle": 0, "axis": "y", "origin": [0.0625, 0, 7.9375]},
			"faces": {
				"north": {"uv": [5.375, 11.625, 5.25, 12.25], "texture": "#0"},
				"east": {"uv": [5.25, 11.625, 5.375, 12.25], "texture": "#0"},
				"south": {"uv": [5.25, 11.625, 5.375, 12.25], "texture": "#0"},
				"west": {"uv": [5.25, 11.625, 5.375, 12.25], "texture": "#0"},
				"up": {"uv": [5.25, 11.625, 5.375, 11.75], "texture": "#0"},
				"down": {"uv": [5.25, 12.125, 5.375, 12.25], "texture": "#0"}
			}
		},
		{
			"name": "grand_claymore_129",
			"from": [7.4375, 4, 7.6875],
			"to": [8.5625, 4.125, 8.3125],
			"rotation": {"angle": 0, "axis": "y", "origin": [0.0625, 0, 7.9375]},
			"faces": {
				"north": {"uv": [8.5, 11.625, 7.375, 11.75], "texture": "#0"},
				"east": {"uv": [8.375, 11.625, 8.5, 11.75], "texture": "#0"},
				"south": {"uv": [7.375, 11.625, 8.5, 11.75], "texture": "#0"},
				"west": {"uv": [7.375, 11.625, 7.5, 11.75], "texture": "#0"},
				"up": {"uv": [7.375, 11.625, 8.5, 11.75], "texture": "#0"},
				"down": {"uv": [7.375, 11.625, 8.5, 11.75], "texture": "#0"}
			}
		},
		{
			"name": "grand_claymore_130",
			"from": [7.1875, 4.75, 7.875],
			"to": [7.3125, 6, 8.125],
			"rotation": {"angle": 0, "axis": "y", "origin": [0.0625, 0, 7.9375]},
			"faces": {
				"north": {"uv": [0.625, 11.75, 0.5, 13], "texture": "#0"},
				"east": {"uv": [0.5, 11.75, 0.625, 13], "texture": "#0"},
				"south": {"uv": [0.5, 11.75, 0.625, 13], "texture": "#0"},
				"west": {"uv": [0.5, 11.75, 0.625, 13], "texture": "#0"},
				"up": {"uv": [0.5, 11.75, 0.625, 11.875], "texture": "#0"},
				"down": {"uv": [0.5, 12.875, 0.625, 13], "texture": "#0"}
			}
		},
		{
			"name": "grand_claymore_131",
			"from": [8.6875, 4.75, 7.875],
			"to": [8.8125, 6, 8.125],
			"rotation": {"angle": 0, "axis": "y", "origin": [0.0625, 0, 7.9375]},
			"faces": {
				"north": {"uv": [2.125, 11.75, 2, 13], "texture": "#0"},
				"east": {"uv": [2, 11.75, 2.125, 13], "texture": "#0"},
				"south": {"uv": [2, 11.75, 2.125, 13], "texture": "#0"},
				"west": {"uv": [2, 11.75, 2.125, 13], "texture": "#0"},
				"up": {"uv": [2, 11.75, 2.125, 11.875], "texture": "#0"},
				"down": {"uv": [2, 12.875, 2.125, 13], "texture": "#0"}
			}
		},
		{
			"name": "grand_claymore_132",
			"from": [7.8125, 1.75, 7.8125],
			"to": [8.1875, 4, 8.1875],
			"rotation": {"angle": 0, "axis": "y", "origin": [0.0625, 0, 7.9375]},
			"faces": {
				"north": {"uv": [8.125, 12, 7.75, 14.25], "texture": "#0"},
				"east": {"uv": [8, 12, 8.125, 14.25], "texture": "#0"},
				"south": {"uv": [7.75, 12, 8.125, 14.25], "texture": "#0"},
				"west": {"uv": [7.75, 12, 7.875, 14.25], "texture": "#0"},
				"up": {"uv": [7.75, 12, 8.125, 12.125], "texture": "#0"},
				"down": {"uv": [7.75, 14.125, 8.125, 14.25], "texture": "#0"}
			}
		},
		{
			"name": "grand_claymore_133",
			"from": [6.9375, 4.875, 7.9375],
			"to": [7.0625, 5.625, 8.0625],
			"rotation": {"angle": 0, "axis": "y", "origin": [0.0625, 0, 7.9375]},
			"faces": {
				"north": {"uv": [3.5, 12.125, 3.375, 12.875], "texture": "#0"},
				"east": {"uv": [3.375, 12.125, 3.5, 12.875], "texture": "#0"},
				"south": {"uv": [3.375, 12.125, 3.5, 12.875], "texture": "#0"},
				"west": {"uv": [3.375, 12.125, 3.5, 12.875], "texture": "#0"},
				"up": {"uv": [3.375, 12.125, 3.5, 12.25], "texture": "#0"},
				"down": {"uv": [3.375, 12.75, 3.5, 12.875], "texture": "#0"}
			}
		},
		{
			"name": "grand_claymore_134",
			"from": [8.9375, 4.875, 7.9375],
			"to": [9.0625, 5.625, 8.0625],
			"rotation": {"angle": 0, "axis": "y", "origin": [0.0625, 0, 7.9375]},
			"faces": {
				"north": {"uv": [5.5, 12.125, 5.375, 12.875], "texture": "#0"},
				"east": {"uv": [5.375, 12.125, 5.5, 12.875], "texture": "#0"},
				"south": {"uv": [5.375, 12.125, 5.5, 12.875], "texture": "#0"},
				"west": {"uv": [5.375, 12.125, 5.5, 12.875], "texture": "#0"},
				"up": {"uv": [5.375, 12.125, 5.5, 12.25], "texture": "#0"},
				"down": {"uv": [5.375, 12.75, 5.5, 12.875], "texture": "#0"}
			}
		},
		{
			"name": "grand_claymore_135",
			"from": [7.0625, 4.875, 7.875],
			"to": [7.1875, 5.5, 8.125],
			"rotation": {"angle": 0, "axis": "y", "origin": [0.0625, 0, 7.9375]},
			"faces": {
				"north": {"uv": [0.5, 12.25, 0.375, 12.875], "texture": "#0"},
				"east": {"uv": [0.375, 12.25, 0.5, 12.875], "texture": "#0"},
				"south": {"uv": [0.375, 12.25, 0.5, 12.875], "texture": "#0"},
				"west": {"uv": [0.375, 12.25, 0.5, 12.875], "texture": "#0"},
				"up": {"uv": [0.375, 12.25, 0.5, 12.375], "texture": "#0"},
				"down": {"uv": [0.375, 12.75, 0.5, 12.875], "texture": "#0"}
			}
		},
		{
			"name": "grand_claymore_136",
			"from": [8.8125, 4.875, 7.875],
			"to": [8.9375, 5.5, 8.125],
			"rotation": {"angle": 0, "axis": "y", "origin": [0.0625, 0, 7.9375]},
			"faces": {
				"north": {"uv": [2.25, 12.25, 2.125, 12.875], "texture": "#0"},
				"east": {"uv": [2.125, 12.25, 2.25, 12.875], "texture": "#0"},
				"south": {"uv": [2.125, 12.25, 2.25, 12.875], "texture": "#0"},
				"west": {"uv": [2.125, 12.25, 2.25, 12.875], "texture": "#0"},
				"up": {"uv": [2.125, 12.25, 2.25, 12.375], "texture": "#0"},
				"down": {"uv": [2.125, 12.75, 2.25, 12.875], "texture": "#0"}
			}
		},
		{
			"name": "grand_claymore_137",
			"from": [7.4375, 4.75, 7.875],
			"to": [7.5625, 5.25, 8.125],
			"rotation": {"angle": 0, "axis": "y", "origin": [0.0625, 0, 7.9375]},
			"faces": {
				"north": {"uv": [0.875, 12.5, 0.75, 13], "texture": "#0"},
				"east": {"uv": [0.75, 12.5, 0.875, 13], "texture": "#0"},
				"south": {"uv": [0.75, 12.5, 0.875, 13], "texture": "#0"},
				"west": {"uv": [0.75, 12.5, 0.875, 13], "texture": "#0"},
				"up": {"uv": [0.75, 12.5, 0.875, 12.625], "texture": "#0"},
				"down": {"uv": [0.75, 12.875, 0.875, 13], "texture": "#0"}
			}
		},
		{
			"name": "grand_claymore_138",
			"from": [8.4375, 4.75, 7.875],
			"to": [8.5625, 5.25, 8.125],
			"rotation": {"angle": 0, "axis": "y", "origin": [0.0625, 0, 7.9375]},
			"faces": {
				"north": {"uv": [1.875, 12.5, 1.75, 13], "texture": "#0"},
				"east": {"uv": [1.75, 12.5, 1.875, 13], "texture": "#0"},
				"south": {"uv": [1.75, 12.5, 1.875, 13], "texture": "#0"},
				"west": {"uv": [1.75, 12.5, 1.875, 13], "texture": "#0"},
				"up": {"uv": [1.75, 12.5, 1.875, 12.625], "texture": "#0"},
				"down": {"uv": [1.75, 12.875, 1.875, 13], "texture": "#0"}
			}
		},
		{
			"name": "grand_claymore_139",
			"from": [6.8125, 5, 7.9375],
			"to": [6.9375, 5.25, 8.0625],
			"rotation": {"angle": 0, "axis": "y", "origin": [0.0625, 0, 7.9375]},
			"faces": {
				"north": {"uv": [3.375, 12.5, 3.25, 12.75], "texture": "#0"},
				"east": {"uv": [3.25, 12.5, 3.375, 12.75], "texture": "#0"},
				"south": {"uv": [3.25, 12.5, 3.375, 12.75], "texture": "#0"},
				"west": {"uv": [3.25, 12.5, 3.375, 12.75], "texture": "#0"},
				"up": {"uv": [3.25, 12.5, 3.375, 12.625], "texture": "#0"},
				"down": {"uv": [3.25, 12.625, 3.375, 12.75], "texture": "#0"}
			}
		},
		{
			"name": "grand_claymore_140",
			"from": [9.0625, 5, 7.9375],
			"to": [9.1875, 5.25, 8.0625],
			"rotation": {"angle": 0, "axis": "y", "origin": [0.0625, 0, 7.9375]},
			"faces": {
				"north": {"uv": [5.625, 12.5, 5.5, 12.75], "texture": "#0"},
				"east": {"uv": [5.5, 12.5, 5.625, 12.75], "texture": "#0"},
				"south": {"uv": [5.5, 12.5, 5.625, 12.75], "texture": "#0"},
				"west": {"uv": [5.5, 12.5, 5.625, 12.75], "texture": "#0"},
				"up": {"uv": [5.5, 12.5, 5.625, 12.625], "texture": "#0"},
				"down": {"uv": [5.5, 12.625, 5.625, 12.75], "texture": "#0"}
			}
		},
		{
			"name": "grand_claymore_141",
			"from": [7.5625, 4.875, 7.875],
			"to": [7.6875, 5.125, 8.125],
			"rotation": {"angle": 0, "axis": "y", "origin": [0.0625, 0, 7.9375]},
			"faces": {
				"north": {"uv": [1, 12.625, 0.875, 12.875], "texture": "#0"},
				"east": {"uv": [0.875, 12.625, 1, 12.875], "texture": "#0"},
				"south": {"uv": [0.875, 12.625, 1, 12.875], "texture": "#0"},
				"west": {"uv": [0.875, 12.625, 1, 12.875], "texture": "#0"},
				"up": {"uv": [0.875, 12.625, 1, 12.75], "texture": "#0"},
				"down": {"uv": [0.875, 12.75, 1, 12.875], "texture": "#0"}
			}
		},
		{
			"name": "grand_claymore_142",
			"from": [8.3125, 4.875, 7.875],
			"to": [8.4375, 5.125, 8.125],
			"rotation": {"angle": 0, "axis": "y", "origin": [0.0625, 0, 7.9375]},
			"faces": {
				"north": {"uv": [1.75, 12.625, 1.625, 12.875], "texture": "#0"},
				"east": {"uv": [1.625, 12.625, 1.75, 12.875], "texture": "#0"},
				"south": {"uv": [1.625, 12.625, 1.75, 12.875], "texture": "#0"},
				"west": {"uv": [1.625, 12.625, 1.75, 12.875], "texture": "#0"},
				"up": {"uv": [1.625, 12.625, 1.75, 12.75], "texture": "#0"},
				"down": {"uv": [1.625, 12.75, 1.75, 12.875], "texture": "#0"}
			}
		},
		{
			"name": "grand_claymore_143",
			"from": [7.6875, 0.75, 7.75],
			"to": [8.3125, 1.75, 8.25],
			"rotation": {"angle": 0, "axis": "y", "origin": [0.0625, 0, 7.9375]},
			"faces": {
				"north": {"uv": [8.25, 14.5, 7.625, 15.5], "texture": "#0"},
				"east": {"uv": [8.125, 14.5, 8.25, 15.5], "texture": "#0"},
				"south": {"uv": [7.625, 14.5, 8.25, 15.5], "texture": "#0"},
				"west": {"uv": [7.625, 14.5, 7.75, 15.5], "texture": "#0"},
				"up": {"uv": [7.625, 14.5, 8.25, 14.625], "texture": "#0"},
				"down": {"uv": [7.625, 15.375, 8.25, 15.5], "texture": "#0"}
			}
		},
		{
			"name": "grand_claymore_144",
			"from": [7.5625, 0.875, 7.75],
			"to": [7.6875, 1.5, 8.25],
			"rotation": {"angle": 0, "axis": "y", "origin": [0.0625, 0, 7.9375]},
			"faces": {
				"north": {"uv": [7.625, 14.75, 7.5, 15.375], "texture": "#0"},
				"east": {"uv": [7.5, 14.75, 7.625, 15.375], "texture": "#0"},
				"south": {"uv": [7.5, 14.75, 7.625, 15.375], "texture": "#0"},
				"west": {"uv": [7.5, 14.75, 7.625, 15.375], "texture": "#0"},
				"up": {"uv": [7.5, 14.75, 7.625, 14.875], "texture": "#0"},
				"down": {"uv": [7.5, 15.25, 7.625, 15.375], "texture": "#0"}
			}
		},
		{
			"name": "grand_claymore_145",
			"from": [8.3125, 0.875, 7.75],
			"to": [8.4375, 1.5, 8.25],
			"rotation": {"angle": 0, "axis": "y", "origin": [0.0625, 0, 7.9375]},
			"faces": {
				"north": {"uv": [8.375, 14.75, 8.25, 15.375], "texture": "#0"},
				"east": {"uv": [8.25, 14.75, 8.375, 15.375], "texture": "#0"},
				"south": {"uv": [8.25, 14.75, 8.375, 15.375], "texture": "#0"},
				"west": {"uv": [8.25, 14.75, 8.375, 15.375], "texture": "#0"},
				"up": {"uv": [8.25, 14.75, 8.375, 14.875], "texture": "#0"},
				"down": {"uv": [8.25, 15.25, 8.375, 15.375], "texture": "#0"}
			}
		},
		{
			"name": "grand_claymore_146",
			"from": [7.4375, 1, 7.75],
			"to": [7.5625, 1.25, 8.25],
			"rotation": {"angle": 0, "axis": "y", "origin": [0.0625, 0, 7.9375]},
			"faces": {
				"north": {"uv": [7.5, 15, 7.375, 15.25], "texture": "#0"},
				"east": {"uv": [7.375, 15, 7.5, 15.25], "texture": "#0"},
				"south": {"uv": [7.375, 15, 7.5, 15.25], "texture": "#0"},
				"west": {"uv": [7.375, 15, 7.5, 15.25], "texture": "#0"},
				"up": {"uv": [7.375, 15, 7.5, 15.125], "texture": "#0"},
				"down": {"uv": [7.375, 15.125, 7.5, 15.25], "texture": "#0"}
			}
		},
		{
			"name": "grand_claymore_147",
			"from": [8.4375, 1, 7.75],
			"to": [8.5625, 1.25, 8.25],
			"rotation": {"angle": 0, "axis": "y", "origin": [0.0625, 0, 7.9375]},
			"faces": {
				"north": {"uv": [8.5, 15, 8.375, 15.25], "texture": "#0"},
				"east": {"uv": [8.375, 15, 8.5, 15.25], "texture": "#0"},
				"south": {"uv": [8.375, 15, 8.5, 15.25], "texture": "#0"},
				"west": {"uv": [8.375, 15, 8.5, 15.25], "texture": "#0"},
				"up": {"uv": [8.375, 15, 8.5, 15.125], "texture": "#0"},
				"down": {"uv": [8.375, 15.125, 8.5, 15.25], "texture": "#0"}
			}
		},
		{
			"name": "grand_claymore_148",
			"from": [7.8125, 0.625, 7.75],
			"to": [8.1875, 0.75, 8.25],
			"rotation": {"angle": 0, "axis": "y", "origin": [0.0625, 0, 7.9375]},
			"faces": {
				"north": {"uv": [8.125, 15.5, 7.75, 15.625], "texture": "#0"},
				"east": {"uv": [8, 15.5, 8.125, 15.625], "texture": "#0"},
				"south": {"uv": [7.75, 15.5, 8.125, 15.625], "texture": "#0"},
				"west": {"uv": [7.75, 15.5, 7.875, 15.625], "texture": "#0"},
				"up": {"uv": [7.75, 15.5, 8.125, 15.625], "texture": "#0"},
				"down": {"uv": [7.75, 15.5, 8.125, 15.625], "texture": "#0"}
			}
		},
		{
			"name": "grand_claymore_149",
			"from": [7.9375, 0.5, 7.75],
			"to": [8.0625, 0.625, 8.25],
			"rotation": {"angle": 0, "axis": "y", "origin": [0.0625, 0, 7.9375]},
			"faces": {
				"north": {"uv": [8, 15.625, 7.875, 15.75], "texture": "#0"},
				"east": {"uv": [7.875, 15.625, 8, 15.75], "texture": "#0"},
				"south": {"uv": [7.875, 15.625, 8, 15.75], "texture": "#0"},
				"west": {"uv": [7.875, 15.625, 8, 15.75], "texture": "#0"},
				"up": {"uv": [7.875, 15.625, 8, 15.75], "texture": "#0"},
				"down": {"uv": [7.875, 15.625, 8, 15.75], "texture": "#0"}
			}
		}
	],
	"gui_light": "front",
	"display": {
		"thirdperson_righthand": {
			"rotation": [0, -90, 0],
			"translation": [0, 10, 1.5],
			"scale": [2.4, 2.4, 2.4]
		},
		"thirdperson_lefthand": {
			"rotation": [0, -90, 0],
			"translation": [0, 10, 1.5],
			"scale": [2.4, 2.4, 2.4]
		},
		"firstperson_righthand": {
			"rotation": [10, -90, 15],
			"translation": [0, 8.5, 2.5],
			"scale": [1.4, 1.4, 1.4]
		},
		"firstperson_lefthand": {
			"rotation": [10, -90, 15],
			"translation": [0, 8.5, 2.5],
			"scale": [1.4, 1.4, 1.4]
		},
		"ground": {
			"rotation": [0, 0, 45],
			"translation": [0, 1.5, 0.25]
		},
		"gui": {
			"rotation": [0, 0, -45],
			"translation": [-0.25, -0.25, 0],
			"scale": [1.4, 1.4, 1]
		},
		"head": {
			"rotation": [0, 0, 45],
			"translation": [1.25, 17.75, 0],
			"scale": [2, 2, 2]
		},
		"fixed": {
			"rotation": [0, 0, 90],
			"translation": [3.75, -0.25, -0.5],
			"scale": [4, 4, 4]
		}
	},
	"groups": [
		{
			"name": "grand_claymore",
			"origin": [8.0625, 8, 8],
			"color": 0,
			"children": [
				0,
				1,
				2,
				3,
				4,
				5,
				6,
				7,
				8,
				9,
				10,
				11,
				12,
				13,
				14,
				15,
				16,
				17,
				18,
				19,
				20,
				21,
				22,
				23,
				24,
				25,
				26,
				27,
				28,
				29,
				30,
				31,
				32,
				33,
				34,
				35,
				36,
				37,
				38,
				39,
				40,
				41,
				42,
				43,
				44,
				45,
				46,
				47,
				48,
				49,
				50,
				51,
				52,
				53,
				54,
				55,
				56,
				57,
				58,
				59,
				60,
				61,
				62,
				63,
				64,
				65,
				66,
				67,
				68,
				69,
				70,
				71,
				72,
				73,
				74,
				75,
				76,
				77,
				78,
				79,
				80,
				81,
				82,
				83,
				84,
				85,
				86,
				87,
				88,
				89,
				90,
				91,
				92,
				93,
				94,
				95,
				96,
				97,
				98,
				99,
				100,
				101,
				102,
				103,
				104,
				105,
				106,
				107,
				108,
				109,
				110,
				111,
				112,
				113,
				114,
				115,
				116,
				117,
				118,
				119,
				120,
				121,
				122,
				123,
				124,
				125,
				126,
				127,
				128,
				129,
				130,
				131,
				132,
				133,
				134,
				135,
				136,
				137,
				138,
				139,
				140,
				141,
				142,
				143,
				144,
				145,
				146,
				147,
				148,
				149
			]
		}
	]
}
