{
	"credit": "",
	"textures": {
		"0": "minecraft:3dsword/iron_battle_axe",
		"particle": "minecraft:3dsword/iron_battle_axe"
	},
	"elements": [
		{
			"name": "iron_battleaxe_0",
			"from": [8.5, 10.75, 7.875],
			"to": [8.75, 11, 8.25],
			"faces": {
				"north": {"uv": [7.5, 4.25, 7.75, 4], "rotation": 180, "texture": "#0"},
				"east": {"uv": [7.625, 4, 7.75, 4.25], "texture": "#0"},
				"south": {"uv": [7.5, 4, 7.75, 4.25], "texture": "#0"},
				"west": {"uv": [7.5, 4, 7.625, 4.25], "texture": "#0"},
				"up": {"uv": [7.75, 4, 7.5, 4.125], "rotation": 180, "texture": "#0"},
				"down": {"uv": [7.5, 4.125, 7.75, 4.25], "texture": "#0"}
			}
		},
		{
			"name": "iron_battleaxe_1",
			"from": [8.375, 10.75, 7.875],
			"to": [8.5, 10.875, 8.25],
			"faces": {
				"north": {"uv": [7.375, 4.25, 7.5, 4.125], "rotation": 180, "texture": "#0"},
				"east": {"uv": [7.375, 4.125, 7.5, 4.25], "texture": "#0"},
				"south": {"uv": [7.375, 4.125, 7.5, 4.25], "texture": "#0"},
				"west": {"uv": [7.375, 4.125, 7.5, 4.25], "texture": "#0"},
				"up": {"uv": [7.5, 4.125, 7.375, 4.25], "rotation": 180, "texture": "#0"},
				"down": {"uv": [7.375, 4.125, 7.5, 4.25], "texture": "#0"}
			}
		},
		{
			"name": "iron_battleaxe_2",
			"from": [8.75, 10.75, 7.875],
			"to": [8.875, 10.875, 8.25],
			"faces": {
				"north": {"uv": [7.75, 4.25, 7.875, 4.125], "rotation": 180, "texture": "#0"},
				"east": {"uv": [7.75, 4.125, 7.875, 4.25], "texture": "#0"},
				"south": {"uv": [7.75, 4.125, 7.875, 4.25], "texture": "#0"},
				"west": {"uv": [7.75, 4.125, 7.875, 4.25], "texture": "#0"},
				"up": {"uv": [7.875, 4.125, 7.75, 4.25], "rotation": 180, "texture": "#0"},
				"down": {"uv": [7.75, 4.125, 7.875, 4.25], "texture": "#0"}
			}
		},
		{
			"name": "iron_battleaxe_3",
			"from": [7.25, 11.125, 8.03125],
			"to": [7.375, 11.5, 8.09375],
			"faces": {
				"north": {"uv": [5, 4.875, 5.125, 4.5], "rotation": 180, "texture": "#0"},
				"east": {"uv": [5, 4.5, 5.125, 4.875], "texture": "#0"},
				"south": {"uv": [5, 4.5, 5.125, 4.875], "texture": "#0"},
				"west": {"uv": [5, 4.5, 5.125, 4.875], "texture": "#0"},
				"up": {"uv": [5.125, 4.5, 5, 4.625], "rotation": 180, "texture": "#0"},
				"down": {"uv": [5, 4.75, 5.125, 4.875], "texture": "#0"}
			}
		},
		{
			"name": "iron_battleaxe_4",
			"from": [8.25, 10.5, 7.75],
			"to": [9, 10.75, 8.375],
			"faces": {
				"north": {"uv": [7.25, 4.75, 8, 4.5], "rotation": 180, "texture": "#0"},
				"east": {"uv": [7.875, 4.5, 8, 4.75], "texture": "#0"},
				"south": {"uv": [7.25, 4.5, 8, 4.75], "texture": "#0"},
				"west": {"uv": [7.25, 4.5, 7.375, 4.75], "texture": "#0"},
				"up": {"uv": [8, 4.5, 7.25, 4.625], "rotation": 180, "texture": "#0"},
				"down": {"uv": [7.25, 4.625, 8, 4.75], "texture": "#0"}
			}
		},
		{
			"name": "iron_battleaxe_5",
			"from": [9.875, 11.125, 8.03125],
			"to": [10, 11.5, 8.09375],
			"faces": {
				"north": {"uv": [10.125, 4.875, 10.25, 4.5], "rotation": 180, "texture": "#0"},
				"east": {"uv": [10.125, 4.5, 10.25, 4.875], "texture": "#0"},
				"south": {"uv": [10.125, 4.5, 10.25, 4.875], "texture": "#0"},
				"west": {"uv": [10.125, 4.5, 10.25, 4.875], "texture": "#0"},
				"up": {"uv": [10.25, 4.5, 10.125, 4.625], "rotation": 180, "texture": "#0"},
				"down": {"uv": [10.125, 4.75, 10.25, 4.875], "texture": "#0"}
			}
		},
		{
			"name": "iron_battleaxe_6",
			"from": [7.125, 11, 8.03125],
			"to": [7.25, 11.375, 8.09375],
			"faces": {
				"north": {"uv": [4.875, 5, 5, 4.625], "rotation": 180, "texture": "#0"},
				"east": {"uv": [4.875, 4.625, 5, 5], "texture": "#0"},
				"south": {"uv": [4.875, 4.625, 5, 5], "texture": "#0"},
				"west": {"uv": [4.875, 4.625, 5, 5], "texture": "#0"},
				"up": {"uv": [5, 4.625, 4.875, 4.75], "rotation": 180, "texture": "#0"},
				"down": {"uv": [4.875, 4.875, 5, 5], "texture": "#0"}
			}
		},
		{
			"name": "iron_battleaxe_7",
			"from": [10, 11, 8.03125],
			"to": [10.125, 11.375, 8.09375],
			"faces": {
				"north": {"uv": [10.25, 5, 10.375, 4.625], "rotation": 180, "texture": "#0"},
				"east": {"uv": [10.25, 4.625, 10.375, 5], "texture": "#0"},
				"south": {"uv": [10.25, 4.625, 10.375, 5], "texture": "#0"},
				"west": {"uv": [10.25, 4.625, 10.375, 5], "texture": "#0"},
				"up": {"uv": [10.375, 4.625, 10.25, 4.75], "rotation": 180, "texture": "#0"},
				"down": {"uv": [10.25, 4.875, 10.375, 5], "texture": "#0"}
			}
		},
		{
			"name": "iron_battleaxe_8",
			"from": [7, 10.75, 8.03125],
			"to": [7.125, 11.25, 8.09375],
			"faces": {
				"north": {"uv": [4.75, 5.25, 4.875, 4.75], "rotation": 180, "texture": "#0"},
				"east": {"uv": [4.75, 4.75, 4.875, 5.25], "texture": "#0"},
				"south": {"uv": [4.75, 4.75, 4.875, 5.25], "texture": "#0"},
				"west": {"uv": [4.75, 4.75, 4.875, 5.25], "texture": "#0"},
				"up": {"uv": [4.875, 4.75, 4.75, 4.875], "rotation": 180, "texture": "#0"},
				"down": {"uv": [4.75, 5.125, 4.875, 5.25], "texture": "#0"}
			}
		},
		{
			"name": "iron_battleaxe_9",
			"from": [10.125, 10.75, 8.03125],
			"to": [10.25, 11.25, 8.09375],
			"faces": {
				"north": {"uv": [10.375, 5.25, 10.5, 4.75], "rotation": 180, "texture": "#0"},
				"east": {"uv": [10.375, 4.75, 10.5, 5.25], "texture": "#0"},
				"south": {"uv": [10.375, 4.75, 10.5, 5.25], "texture": "#0"},
				"west": {"uv": [10.375, 4.75, 10.5, 5.25], "texture": "#0"},
				"up": {"uv": [10.5, 4.75, 10.375, 4.875], "rotation": 180, "texture": "#0"},
				"down": {"uv": [10.375, 5.125, 10.5, 5.25], "texture": "#0"}
			}
		},
		{
			"name": "iron_battleaxe_10",
			"from": [6.875, 10.5, 8.03125],
			"to": [7, 11.125, 8.09375],
			"faces": {
				"north": {"uv": [4.625, 5.5, 4.75, 4.875], "rotation": 180, "texture": "#0"},
				"east": {"uv": [4.625, 4.875, 4.75, 5.5], "texture": "#0"},
				"south": {"uv": [4.625, 4.875, 4.75, 5.5], "texture": "#0"},
				"west": {"uv": [4.625, 4.875, 4.75, 5.5], "texture": "#0"},
				"up": {"uv": [4.75, 4.875, 4.625, 5], "rotation": 180, "texture": "#0"},
				"down": {"uv": [4.625, 5.375, 4.75, 5.5], "texture": "#0"}
			}
		},
		{
			"name": "iron_battleaxe_11",
			"from": [7.25, 8.25, 8],
			"to": [7.375, 11.125, 8.125],
			"faces": {
				"north": {"uv": [5.5, 7.75, 5.625, 4.875], "rotation": 180, "texture": "#0"},
				"east": {"uv": [5.5, 4.875, 5.625, 7.75], "texture": "#0"},
				"south": {"uv": [5.5, 4.875, 5.625, 7.75], "texture": "#0"},
				"west": {"uv": [5.5, 4.875, 5.625, 7.75], "texture": "#0"},
				"up": {"uv": [5.625, 4.875, 5.5, 5], "rotation": 180, "texture": "#0"},
				"down": {"uv": [5.5, 7.625, 5.625, 7.75], "texture": "#0"}
			}
		},
		{
			"name": "iron_battleaxe_12",
			"from": [9.875, 8.25, 8],
			"to": [10, 11.125, 8.125],
			"faces": {
				"north": {"uv": [9.625, 7.75, 9.75, 4.875], "rotation": 180, "texture": "#0"},
				"east": {"uv": [9.625, 4.875, 9.75, 7.75], "texture": "#0"},
				"south": {"uv": [9.625, 4.875, 9.75, 7.75], "texture": "#0"},
				"west": {"uv": [9.625, 4.875, 9.75, 7.75], "texture": "#0"},
				"up": {"uv": [9.75, 4.875, 9.625, 5], "rotation": 180, "texture": "#0"},
				"down": {"uv": [9.625, 7.625, 9.75, 7.75], "texture": "#0"}
			}
		},
		{
			"name": "iron_battleaxe_13",
			"from": [10.25, 10.5, 8.03125],
			"to": [10.375, 11.125, 8.09375],
			"faces": {
				"north": {"uv": [10.5, 5.5, 10.625, 4.875], "rotation": 180, "texture": "#0"},
				"east": {"uv": [10.5, 4.875, 10.625, 5.5], "texture": "#0"},
				"south": {"uv": [10.5, 4.875, 10.625, 5.5], "texture": "#0"},
				"west": {"uv": [10.5, 4.875, 10.625, 5.5], "texture": "#0"},
				"up": {"uv": [10.625, 4.875, 10.5, 5], "rotation": 180, "texture": "#0"},
				"down": {"uv": [10.5, 5.375, 10.625, 5.5], "texture": "#0"}
			}
		},
		{
			"name": "iron_battleaxe_14",
			"from": [7.125, 8.375, 8],
			"to": [7.25, 11, 8.125],
			"faces": {
				"north": {"uv": [5.375, 7.625, 5.5, 5], "rotation": 180, "texture": "#0"},
				"east": {"uv": [5.375, 5, 5.5, 7.625], "texture": "#0"},
				"south": {"uv": [5.375, 5, 5.5, 7.625], "texture": "#0"},
				"west": {"uv": [5.375, 5, 5.5, 7.625], "texture": "#0"},
				"up": {"uv": [5.5, 5, 5.375, 5.125], "rotation": 180, "texture": "#0"},
				"down": {"uv": [5.375, 7.5, 5.5, 7.625], "texture": "#0"}
			}
		},
		{
			"name": "iron_battleaxe_15",
			"from": [8.375, 9.25, 7.875],
			"to": [8.875, 10.5, 8.25],
			"faces": {
				"north": {"uv": [7.375, 6.25, 7.875, 5], "rotation": 180, "texture": "#0"},
				"east": {"uv": [7.75, 5, 7.875, 6.25], "texture": "#0"},
				"south": {"uv": [7.375, 5, 7.875, 6.25], "texture": "#0"},
				"west": {"uv": [7.375, 5, 7.5, 6.25], "texture": "#0"},
				"up": {"uv": [7.875, 5, 7.375, 5.125], "rotation": 180, "texture": "#0"},
				"down": {"uv": [7.375, 6.125, 7.875, 6.25], "texture": "#0"}
			}
		},
		{
			"name": "iron_battleaxe_16",
			"from": [10, 8.375, 8],
			"to": [10.125, 11, 8.125],
			"faces": {
				"north": {"uv": [9.75, 7.625, 9.875, 5], "rotation": 180, "texture": "#0"},
				"east": {"uv": [9.75, 5, 9.875, 7.625], "texture": "#0"},
				"south": {"uv": [9.75, 5, 9.875, 7.625], "texture": "#0"},
				"west": {"uv": [9.75, 5, 9.875, 7.625], "texture": "#0"},
				"up": {"uv": [9.875, 5, 9.75, 5.125], "rotation": 180, "texture": "#0"},
				"down": {"uv": [9.75, 7.5, 9.875, 7.625], "texture": "#0"}
			}
		},
		{
			"name": "iron_battleaxe_17",
			"from": [6.75, 10.125, 8.03125],
			"to": [6.875, 10.875, 8.09375],
			"faces": {
				"north": {"uv": [4.5, 5.875, 4.625, 5.125], "rotation": 180, "texture": "#0"},
				"east": {"uv": [4.5, 5.125, 4.625, 5.875], "texture": "#0"},
				"south": {"uv": [4.5, 5.125, 4.625, 5.875], "texture": "#0"},
				"west": {"uv": [4.5, 5.125, 4.625, 5.875], "texture": "#0"},
				"up": {"uv": [4.625, 5.125, 4.5, 5.25], "rotation": 180, "texture": "#0"},
				"down": {"uv": [4.5, 5.75, 4.625, 5.875], "texture": "#0"}
			}
		},
		{
			"name": "iron_battleaxe_18",
			"from": [7.375, 8.5, 8],
			"to": [7.5, 10.875, 8.125],
			"faces": {
				"north": {"uv": [5.625, 7.5, 5.75, 5.125], "rotation": 180, "texture": "#0"},
				"east": {"uv": [5.625, 5.125, 5.75, 7.5], "texture": "#0"},
				"south": {"uv": [5.625, 5.125, 5.75, 7.5], "texture": "#0"},
				"west": {"uv": [5.625, 5.125, 5.75, 7.5], "texture": "#0"},
				"up": {"uv": [5.75, 5.125, 5.625, 5.25], "rotation": 180, "texture": "#0"},
				"down": {"uv": [5.625, 7.375, 5.75, 7.5], "texture": "#0"}
			}
		},
		{
			"name": "iron_battleaxe_19",
			"from": [9.75, 8.5, 8],
			"to": [9.875, 10.875, 8.125],
			"faces": {
				"north": {"uv": [9.5, 7.5, 9.625, 5.125], "rotation": 180, "texture": "#0"},
				"east": {"uv": [9.5, 5.125, 9.625, 7.5], "texture": "#0"},
				"south": {"uv": [9.5, 5.125, 9.625, 7.5], "texture": "#0"},
				"west": {"uv": [9.5, 5.125, 9.625, 7.5], "texture": "#0"},
				"up": {"uv": [9.625, 5.125, 9.5, 5.25], "rotation": 180, "texture": "#0"},
				"down": {"uv": [9.5, 7.375, 9.625, 7.5], "texture": "#0"}
			}
		},
		{
			"name": "iron_battleaxe_20",
			"from": [10.375, 10.125, 8.03125],
			"to": [10.5, 10.875, 8.09375],
			"faces": {
				"north": {"uv": [10.625, 5.875, 10.75, 5.125], "rotation": 180, "texture": "#0"},
				"east": {"uv": [10.625, 5.125, 10.75, 5.875], "texture": "#0"},
				"south": {"uv": [10.625, 5.125, 10.75, 5.875], "texture": "#0"},
				"west": {"uv": [10.625, 5.125, 10.75, 5.875], "texture": "#0"},
				"up": {"uv": [10.75, 5.125, 10.625, 5.25], "rotation": 180, "texture": "#0"},
				"down": {"uv": [10.625, 5.75, 10.75, 5.875], "texture": "#0"}
			}
		},
		{
			"name": "iron_battleaxe_21",
			"from": [7, 8.625, 8],
			"to": [7.125, 10.75, 8.125],
			"faces": {
				"north": {"uv": [5.25, 7.375, 5.375, 5.25], "rotation": 180, "texture": "#0"},
				"east": {"uv": [5.25, 5.25, 5.375, 7.375], "texture": "#0"},
				"south": {"uv": [5.25, 5.25, 5.375, 7.375], "texture": "#0"},
				"west": {"uv": [5.25, 5.25, 5.375, 7.375], "texture": "#0"},
				"up": {"uv": [5.375, 5.25, 5.25, 5.375], "rotation": 180, "texture": "#0"},
				"down": {"uv": [5.25, 7.25, 5.375, 7.375], "texture": "#0"}
			}
		},
		{
			"name": "iron_battleaxe_22",
			"from": [10.125, 8.625, 8],
			"to": [10.25, 10.75, 8.125],
			"faces": {
				"north": {"uv": [9.875, 7.375, 10, 5.25], "rotation": 180, "texture": "#0"},
				"east": {"uv": [9.875, 5.25, 10, 7.375], "texture": "#0"},
				"south": {"uv": [9.875, 5.25, 10, 7.375], "texture": "#0"},
				"west": {"uv": [9.875, 5.25, 10, 7.375], "texture": "#0"},
				"up": {"uv": [10, 5.25, 9.875, 5.375], "rotation": 180, "texture": "#0"},
				"down": {"uv": [9.875, 7.25, 10, 7.375], "texture": "#0"}
			}
		},
		{
			"name": "iron_battleaxe_23",
			"from": [6.625, 8.75, 8.03125],
			"to": [6.75, 10.625, 8.09375],
			"faces": {
				"north": {"uv": [4.375, 7.25, 4.5, 5.375], "rotation": 180, "texture": "#0"},
				"east": {"uv": [4.375, 5.375, 4.5, 7.25], "texture": "#0"},
				"south": {"uv": [4.375, 5.375, 4.5, 7.25], "texture": "#0"},
				"west": {"uv": [4.375, 5.375, 4.5, 7.25], "texture": "#0"},
				"up": {"uv": [4.5, 5.375, 4.375, 5.5], "rotation": 180, "texture": "#0"},
				"down": {"uv": [4.375, 7.125, 4.5, 7.25], "texture": "#0"}
			}
		},
		{
			"name": "iron_battleaxe_24",
			"from": [7.5, 8.75, 8],
			"to": [7.625, 10.625, 8.125],
			"faces": {
				"north": {"uv": [5.75, 7.25, 5.875, 5.375], "rotation": 180, "texture": "#0"},
				"east": {"uv": [5.75, 5.375, 5.875, 7.25], "texture": "#0"},
				"south": {"uv": [5.75, 5.375, 5.875, 7.25], "texture": "#0"},
				"west": {"uv": [5.75, 5.375, 5.875, 7.25], "texture": "#0"},
				"up": {"uv": [5.875, 5.375, 5.75, 5.5], "rotation": 180, "texture": "#0"},
				"down": {"uv": [5.75, 7.125, 5.875, 7.25], "texture": "#0"}
			}
		},
		{
			"name": "iron_battleaxe_25",
			"from": [9.625, 8.75, 8],
			"to": [9.75, 10.625, 8.125],
			"faces": {
				"north": {"uv": [9.375, 7.25, 9.5, 5.375], "rotation": 180, "texture": "#0"},
				"east": {"uv": [9.375, 5.375, 9.5, 7.25], "texture": "#0"},
				"south": {"uv": [9.375, 5.375, 9.5, 7.25], "texture": "#0"},
				"west": {"uv": [9.375, 5.375, 9.5, 7.25], "texture": "#0"},
				"up": {"uv": [9.5, 5.375, 9.375, 5.5], "rotation": 180, "texture": "#0"},
				"down": {"uv": [9.375, 7.125, 9.5, 7.25], "texture": "#0"}
			}
		},
		{
			"name": "iron_battleaxe_26",
			"from": [10.5, 8.75, 8.03125],
			"to": [10.625, 10.625, 8.09375],
			"faces": {
				"north": {"uv": [10.75, 7.25, 10.875, 5.375], "rotation": 180, "texture": "#0"},
				"east": {"uv": [10.75, 5.375, 10.875, 7.25], "texture": "#0"},
				"south": {"uv": [10.75, 5.375, 10.875, 7.25], "texture": "#0"},
				"west": {"uv": [10.75, 5.375, 10.875, 7.25], "texture": "#0"},
				"up": {"uv": [10.875, 5.375, 10.75, 5.5], "rotation": 180, "texture": "#0"},
				"down": {"uv": [10.75, 7.125, 10.875, 7.25], "texture": "#0"}
			}
		},
		{
			"name": "iron_battleaxe_27",
			"from": [6.875, 8.875, 8],
			"to": [7, 10.5, 8.125],
			"faces": {
				"north": {"uv": [5.125, 7.125, 5.25, 5.5], "rotation": 180, "texture": "#0"},
				"east": {"uv": [5.125, 5.5, 5.25, 7.125], "texture": "#0"},
				"south": {"uv": [5.125, 5.5, 5.25, 7.125], "texture": "#0"},
				"west": {"uv": [5.125, 5.5, 5.25, 7.125], "texture": "#0"},
				"up": {"uv": [5.25, 5.5, 5.125, 5.625], "rotation": 180, "texture": "#0"},
				"down": {"uv": [5.125, 7, 5.25, 7.125], "texture": "#0"}
			}
		},
		{
			"name": "iron_battleaxe_28",
			"from": [7.625, 8.875, 8],
			"to": [7.75, 10.5, 8.125],
			"faces": {
				"north": {"uv": [5.875, 7.125, 6, 5.5], "rotation": 180, "texture": "#0"},
				"east": {"uv": [5.875, 5.5, 6, 7.125], "texture": "#0"},
				"south": {"uv": [5.875, 5.5, 6, 7.125], "texture": "#0"},
				"west": {"uv": [5.875, 5.5, 6, 7.125], "texture": "#0"},
				"up": {"uv": [6, 5.5, 5.875, 5.625], "rotation": 180, "texture": "#0"},
				"down": {"uv": [5.875, 7, 6, 7.125], "texture": "#0"}
			}
		},
		{
			"name": "iron_battleaxe_29",
			"from": [9.5, 8.875, 8],
			"to": [9.625, 10.5, 8.125],
			"faces": {
				"north": {"uv": [9.25, 7.125, 9.375, 5.5], "rotation": 180, "texture": "#0"},
				"east": {"uv": [9.25, 5.5, 9.375, 7.125], "texture": "#0"},
				"south": {"uv": [9.25, 5.5, 9.375, 7.125], "texture": "#0"},
				"west": {"uv": [9.25, 5.5, 9.375, 7.125], "texture": "#0"},
				"up": {"uv": [9.375, 5.5, 9.25, 5.625], "rotation": 180, "texture": "#0"},
				"down": {"uv": [9.25, 7, 9.375, 7.125], "texture": "#0"}
			}
		},
		{
			"name": "iron_battleaxe_30",
			"from": [10.25, 8.875, 8],
			"to": [10.375, 10.5, 8.125],
			"faces": {
				"north": {"uv": [10, 7.125, 10.125, 5.5], "rotation": 180, "texture": "#0"},
				"east": {"uv": [10, 5.5, 10.125, 7.125], "texture": "#0"},
				"south": {"uv": [10, 5.5, 10.125, 7.125], "texture": "#0"},
				"west": {"uv": [10, 5.5, 10.125, 7.125], "texture": "#0"},
				"up": {"uv": [10.125, 5.5, 10, 5.625], "rotation": 180, "texture": "#0"},
				"down": {"uv": [10, 7, 10.125, 7.125], "texture": "#0"}
			}
		},
		{
			"name": "iron_battleaxe_31",
			"from": [7.75, 9, 8],
			"to": [7.875, 10.375, 8.125],
			"faces": {
				"north": {"uv": [6, 7, 6.125, 5.625], "rotation": 180, "texture": "#0"},
				"east": {"uv": [6, 5.625, 6.125, 7], "texture": "#0"},
				"south": {"uv": [6, 5.625, 6.125, 7], "texture": "#0"},
				"west": {"uv": [6, 5.625, 6.125, 7], "texture": "#0"},
				"up": {"uv": [6.125, 5.625, 6, 5.75], "rotation": 180, "texture": "#0"},
				"down": {"uv": [6, 6.875, 6.125, 7], "texture": "#0"}
			}
		},
		{
			"name": "iron_battleaxe_32",
			"from": [9.375, 9, 8],
			"to": [9.5, 10.375, 8.125],
			"faces": {
				"north": {"uv": [9.125, 7, 9.25, 5.625], "rotation": 180, "texture": "#0"},
				"east": {"uv": [9.125, 5.625, 9.25, 7], "texture": "#0"},
				"south": {"uv": [9.125, 5.625, 9.25, 7], "texture": "#0"},
				"west": {"uv": [9.125, 5.625, 9.25, 7], "texture": "#0"},
				"up": {"uv": [9.25, 5.625, 9.125, 5.75], "rotation": 180, "texture": "#0"},
				"down": {"uv": [9.125, 6.875, 9.25, 7], "texture": "#0"}
			}
		},
		{
			"name": "iron_battleaxe_33",
			"from": [6.5, 9.125, 8.03125],
			"to": [6.625, 10.25, 8.09375],
			"faces": {
				"north": {"uv": [4.25, 6.875, 4.375, 5.75], "rotation": 180, "texture": "#0"},
				"east": {"uv": [4.25, 5.75, 4.375, 6.875], "texture": "#0"},
				"south": {"uv": [4.25, 5.75, 4.375, 6.875], "texture": "#0"},
				"west": {"uv": [4.25, 5.75, 4.375, 6.875], "texture": "#0"},
				"up": {"uv": [4.375, 5.75, 4.25, 5.875], "rotation": 180, "texture": "#0"},
				"down": {"uv": [4.25, 6.75, 4.375, 6.875], "texture": "#0"}
			}
		},
		{
			"name": "iron_battleaxe_34",
			"from": [7.875, 10, 8],
			"to": [8.125, 10.25, 8.125],
			"faces": {
				"north": {"uv": [6.125, 6, 6.375, 5.75], "rotation": 180, "texture": "#0"},
				"east": {"uv": [6.25, 5.75, 6.375, 6], "texture": "#0"},
				"south": {"uv": [6.125, 5.75, 6.375, 6], "texture": "#0"},
				"west": {"uv": [6.125, 5.75, 6.25, 6], "texture": "#0"},
				"up": {"uv": [6.375, 5.75, 6.125, 5.875], "rotation": 180, "texture": "#0"},
				"down": {"uv": [6.125, 5.875, 6.375, 6], "texture": "#0"}
			}
		},
		{
			"name": "iron_battleaxe_35",
			"from": [9.125, 10, 8],
			"to": [9.375, 10.25, 8.125],
			"faces": {
				"north": {"uv": [8.875, 6, 9.125, 5.75], "rotation": 180, "texture": "#0"},
				"east": {"uv": [9, 5.75, 9.125, 6], "texture": "#0"},
				"south": {"uv": [8.875, 5.75, 9.125, 6], "texture": "#0"},
				"west": {"uv": [8.875, 5.75, 9, 6], "texture": "#0"},
				"up": {"uv": [9.125, 5.75, 8.875, 5.875], "rotation": 180, "texture": "#0"},
				"down": {"uv": [8.875, 5.875, 9.125, 6], "texture": "#0"}
			}
		},
		{
			"name": "iron_battleaxe_36",
			"from": [10.625, 9.125, 8.03125],
			"to": [10.75, 10.25, 8.09375],
			"faces": {
				"north": {"uv": [10.875, 6.875, 11, 5.75], "rotation": 180, "texture": "#0"},
				"east": {"uv": [10.875, 5.75, 11, 6.875], "texture": "#0"},
				"south": {"uv": [10.875, 5.75, 11, 6.875], "texture": "#0"},
				"west": {"uv": [10.875, 5.75, 11, 6.875], "texture": "#0"},
				"up": {"uv": [11, 5.75, 10.875, 5.875], "rotation": 180, "texture": "#0"},
				"down": {"uv": [10.875, 6.75, 11, 6.875], "texture": "#0"}
			}
		},
		{
			"name": "iron_battleaxe_37",
			"from": [6.75, 9.25, 8],
			"to": [6.875, 10.125, 8.125],
			"faces": {
				"north": {"uv": [5, 6.75, 5.125, 5.875], "rotation": 180, "texture": "#0"},
				"east": {"uv": [5, 5.875, 5.125, 6.75], "texture": "#0"},
				"south": {"uv": [5, 5.875, 5.125, 6.75], "texture": "#0"},
				"west": {"uv": [5, 5.875, 5.125, 6.75], "texture": "#0"},
				"up": {"uv": [5.125, 5.875, 5, 6], "rotation": 180, "texture": "#0"},
				"down": {"uv": [5, 6.625, 5.125, 6.75], "texture": "#0"}
			}
		},
		{
			"name": "iron_battleaxe_38",
			"from": [8.125, 9.875, 8],
			"to": [8.375, 10.125, 8.125],
			"faces": {
				"north": {"uv": [6.375, 6.125, 6.625, 5.875], "rotation": 180, "texture": "#0"},
				"east": {"uv": [6.5, 5.875, 6.625, 6.125], "texture": "#0"},
				"south": {"uv": [6.375, 5.875, 6.625, 6.125], "texture": "#0"},
				"west": {"uv": [6.375, 5.875, 6.5, 6.125], "texture": "#0"},
				"up": {"uv": [6.625, 5.875, 6.375, 6], "rotation": 180, "texture": "#0"},
				"down": {"uv": [6.375, 6, 6.625, 6.125], "texture": "#0"}
			}
		},
		{
			"name": "iron_battleaxe_39",
			"from": [8.875, 9.875, 8],
			"to": [9.125, 10.125, 8.125],
			"faces": {
				"north": {"uv": [8.625, 6.125, 8.875, 5.875], "rotation": 180, "texture": "#0"},
				"east": {"uv": [8.75, 5.875, 8.875, 6.125], "texture": "#0"},
				"south": {"uv": [8.625, 5.875, 8.875, 6.125], "texture": "#0"},
				"west": {"uv": [8.625, 5.875, 8.75, 6.125], "texture": "#0"},
				"up": {"uv": [8.875, 5.875, 8.625, 6], "rotation": 180, "texture": "#0"},
				"down": {"uv": [8.625, 6, 8.875, 6.125], "texture": "#0"}
			}
		},
		{
			"name": "iron_battleaxe_40",
			"from": [10.375, 9.25, 8],
			"to": [10.5, 10.125, 8.125],
			"faces": {
				"north": {"uv": [10.125, 6.75, 10.25, 5.875], "rotation": 180, "texture": "#0"},
				"east": {"uv": [10.125, 5.875, 10.25, 6.75], "texture": "#0"},
				"south": {"uv": [10.125, 5.875, 10.25, 6.75], "texture": "#0"},
				"west": {"uv": [10.125, 5.875, 10.25, 6.75], "texture": "#0"},
				"up": {"uv": [10.25, 5.875, 10.125, 6], "rotation": 180, "texture": "#0"},
				"down": {"uv": [10.125, 6.625, 10.25, 6.75], "texture": "#0"}
			}
		},
		{
			"name": "iron_battleaxe_41",
			"from": [8.25, 9.25, 8],
			"to": [8.375, 9.875, 8.125],
			"faces": {
				"north": {"uv": [6.5, 6.75, 6.625, 6.125], "rotation": 180, "texture": "#0"},
				"east": {"uv": [6.5, 6.125, 6.625, 6.75], "texture": "#0"},
				"south": {"uv": [6.5, 6.125, 6.625, 6.75], "texture": "#0"},
				"west": {"uv": [6.5, 6.125, 6.625, 6.75], "texture": "#0"},
				"up": {"uv": [6.625, 6.125, 6.5, 6.25], "rotation": 180, "texture": "#0"},
				"down": {"uv": [6.5, 6.625, 6.625, 6.75], "texture": "#0"}
			}
		},
		{
			"name": "iron_battleaxe_42",
			"from": [8.875, 9.25, 8],
			"to": [9, 9.875, 8.125],
			"faces": {
				"north": {"uv": [8.625, 6.75, 8.75, 6.125], "rotation": 180, "texture": "#0"},
				"east": {"uv": [8.625, 6.125, 8.75, 6.75], "texture": "#0"},
				"south": {"uv": [8.625, 6.125, 8.75, 6.75], "texture": "#0"},
				"west": {"uv": [8.625, 6.125, 8.75, 6.75], "texture": "#0"},
				"up": {"uv": [8.75, 6.125, 8.625, 6.25], "rotation": 180, "texture": "#0"},
				"down": {"uv": [8.625, 6.625, 8.75, 6.75], "texture": "#0"}
			}
		},
		{
			"name": "iron_battleaxe_43",
			"from": [8.125, 9.25, 8],
			"to": [8.25, 9.625, 8.125],
			"faces": {
				"north": {"uv": [6.375, 6.75, 6.5, 6.375], "rotation": 180, "texture": "#0"},
				"east": {"uv": [6.375, 6.375, 6.5, 6.75], "texture": "#0"},
				"south": {"uv": [6.375, 6.375, 6.5, 6.75], "texture": "#0"},
				"west": {"uv": [6.375, 6.375, 6.5, 6.75], "texture": "#0"},
				"up": {"uv": [6.5, 6.375, 6.375, 6.5], "rotation": 180, "texture": "#0"},
				"down": {"uv": [6.375, 6.625, 6.5, 6.75], "texture": "#0"}
			}
		},
		{
			"name": "iron_battleaxe_44",
			"from": [9, 9.25, 8],
			"to": [9.125, 9.625, 8.125],
			"faces": {
				"north": {"uv": [8.75, 6.75, 8.875, 6.375], "rotation": 180, "texture": "#0"},
				"east": {"uv": [8.75, 6.375, 8.875, 6.75], "texture": "#0"},
				"south": {"uv": [8.75, 6.375, 8.875, 6.75], "texture": "#0"},
				"west": {"uv": [8.75, 6.375, 8.875, 6.75], "texture": "#0"},
				"up": {"uv": [8.875, 6.375, 8.75, 6.5], "rotation": 180, "texture": "#0"},
				"down": {"uv": [8.75, 6.625, 8.875, 6.75], "texture": "#0"}
			}
		},
		{
			"name": "iron_battleaxe_45",
			"from": [7.875, 9.125, 8],
			"to": [8.125, 9.5, 8.125],
			"faces": {
				"north": {"uv": [6.125, 6.875, 6.375, 6.5], "rotation": 180, "texture": "#0"},
				"east": {"uv": [6.25, 6.5, 6.375, 6.875], "texture": "#0"},
				"south": {"uv": [6.125, 6.5, 6.375, 6.875], "texture": "#0"},
				"west": {"uv": [6.125, 6.5, 6.25, 6.875], "texture": "#0"},
				"up": {"uv": [6.375, 6.5, 6.125, 6.625], "rotation": 180, "texture": "#0"},
				"down": {"uv": [6.125, 6.75, 6.375, 6.875], "texture": "#0"}
			}
		},
		{
			"name": "iron_battleaxe_46",
			"from": [8.25, 9, 7.75],
			"to": [9, 9.25, 8.375],
			"faces": {
				"north": {"uv": [7.25, 6.75, 8, 6.5], "rotation": 180, "texture": "#0"},
				"east": {"uv": [7.875, 6.5, 8, 6.75], "texture": "#0"},
				"south": {"uv": [7.25, 6.5, 8, 6.75], "texture": "#0"},
				"west": {"uv": [7.25, 6.5, 7.375, 6.75], "texture": "#0"},
				"up": {"uv": [8, 6.5, 7.25, 6.625], "rotation": 180, "texture": "#0"},
				"down": {"uv": [7.25, 6.625, 8, 6.75], "texture": "#0"}
			}
		},
		{
			"name": "iron_battleaxe_47",
			"from": [9.125, 9.125, 8],
			"to": [9.375, 9.5, 8.125],
			"faces": {
				"north": {"uv": [8.875, 6.875, 9.125, 6.5], "rotation": 180, "texture": "#0"},
				"east": {"uv": [9, 6.5, 9.125, 6.875], "texture": "#0"},
				"south": {"uv": [8.875, 6.5, 9.125, 6.875], "texture": "#0"},
				"west": {"uv": [8.875, 6.5, 9, 6.875], "texture": "#0"},
				"up": {"uv": [9.125, 6.5, 8.875, 6.625], "rotation": 180, "texture": "#0"},
				"down": {"uv": [8.875, 6.75, 9.125, 6.875], "texture": "#0"}
			}
		},
		{
			"name": "iron_battleaxe_48",
			"from": [6.75, 8.5, 8.03125],
			"to": [6.875, 9.25, 8.09375],
			"faces": {
				"north": {"uv": [4.5, 7.5, 4.625, 6.75], "rotation": 180, "texture": "#0"},
				"east": {"uv": [4.5, 6.75, 4.625, 7.5], "texture": "#0"},
				"south": {"uv": [4.5, 6.75, 4.625, 7.5], "texture": "#0"},
				"west": {"uv": [4.5, 6.75, 4.625, 7.5], "texture": "#0"},
				"up": {"uv": [4.625, 6.75, 4.5, 6.875], "rotation": 180, "texture": "#0"},
				"down": {"uv": [4.5, 7.375, 4.625, 7.5], "texture": "#0"}
			}
		},
		{
			"name": "iron_battleaxe_49",
			"from": [10.375, 8.5, 8.03125],
			"to": [10.5, 9.25, 8.09375],
			"faces": {
				"north": {"uv": [10.625, 7.5, 10.75, 6.75], "rotation": 180, "texture": "#0"},
				"east": {"uv": [10.625, 6.75, 10.75, 7.5], "texture": "#0"},
				"south": {"uv": [10.625, 6.75, 10.75, 7.5], "texture": "#0"},
				"west": {"uv": [10.625, 6.75, 10.75, 7.5], "texture": "#0"},
				"up": {"uv": [10.75, 6.75, 10.625, 6.875], "rotation": 180, "texture": "#0"},
				"down": {"uv": [10.625, 7.375, 10.75, 7.5], "texture": "#0"}
			}
		},
		{
			"name": "iron_battleaxe_50",
			"from": [8.375, 2.625, 7.875],
			"to": [8.875, 9, 8.25],
			"faces": {
				"north": {"uv": [7.375, 13.375, 7.875, 7], "rotation": 180, "texture": "#0"},
				"east": {"uv": [7.75, 7, 7.875, 13.375], "texture": "#0"},
				"south": {"uv": [7.375, 7, 7.875, 13.375], "texture": "#0"},
				"west": {"uv": [7.375, 7, 7.5, 13.375], "texture": "#0"},
				"up": {"uv": [7.875, 7, 7.375, 7.125], "rotation": 180, "texture": "#0"},
				"down": {"uv": [7.375, 13.25, 7.875, 13.375], "texture": "#0"}
			}
		},
		{
			"name": "iron_battleaxe_51",
			"from": [6.875, 8.25, 8.03125],
			"to": [7, 8.875, 8.09375],
			"faces": {
				"north": {"uv": [4.625, 7.75, 4.75, 7.125], "rotation": 180, "texture": "#0"},
				"east": {"uv": [4.625, 7.125, 4.75, 7.75], "texture": "#0"},
				"south": {"uv": [4.625, 7.125, 4.75, 7.75], "texture": "#0"},
				"west": {"uv": [4.625, 7.125, 4.75, 7.75], "texture": "#0"},
				"up": {"uv": [4.75, 7.125, 4.625, 7.25], "rotation": 180, "texture": "#0"},
				"down": {"uv": [4.625, 7.625, 4.75, 7.75], "texture": "#0"}
			}
		},
		{
			"name": "iron_battleaxe_52",
			"from": [10.25, 8.25, 8.03125],
			"to": [10.375, 8.875, 8.09375],
			"faces": {
				"north": {"uv": [10.5, 7.75, 10.625, 7.125], "rotation": 180, "texture": "#0"},
				"east": {"uv": [10.5, 7.125, 10.625, 7.75], "texture": "#0"},
				"south": {"uv": [10.5, 7.125, 10.625, 7.75], "texture": "#0"},
				"west": {"uv": [10.5, 7.125, 10.625, 7.75], "texture": "#0"},
				"up": {"uv": [10.625, 7.125, 10.5, 7.25], "rotation": 180, "texture": "#0"},
				"down": {"uv": [10.5, 7.625, 10.625, 7.75], "texture": "#0"}
			}
		},
		{
			"name": "iron_battleaxe_53",
			"from": [7, 8.125, 8.03125],
			"to": [7.125, 8.625, 8.09375],
			"faces": {
				"north": {"uv": [4.75, 7.875, 4.875, 7.375], "rotation": 180, "texture": "#0"},
				"east": {"uv": [4.75, 7.375, 4.875, 7.875], "texture": "#0"},
				"south": {"uv": [4.75, 7.375, 4.875, 7.875], "texture": "#0"},
				"west": {"uv": [4.75, 7.375, 4.875, 7.875], "texture": "#0"},
				"up": {"uv": [4.875, 7.375, 4.75, 7.5], "rotation": 180, "texture": "#0"},
				"down": {"uv": [4.75, 7.75, 4.875, 7.875], "texture": "#0"}
			}
		},
		{
			"name": "iron_battleaxe_54",
			"from": [10.125, 8.125, 8.03125],
			"to": [10.25, 8.625, 8.09375],
			"faces": {
				"north": {"uv": [10.375, 7.875, 10.5, 7.375], "rotation": 180, "texture": "#0"},
				"east": {"uv": [10.375, 7.375, 10.5, 7.875], "texture": "#0"},
				"south": {"uv": [10.375, 7.375, 10.5, 7.875], "texture": "#0"},
				"west": {"uv": [10.375, 7.375, 10.5, 7.875], "texture": "#0"},
				"up": {"uv": [10.5, 7.375, 10.375, 7.5], "rotation": 180, "texture": "#0"},
				"down": {"uv": [10.375, 7.75, 10.5, 7.875], "texture": "#0"}
			}
		},
		{
			"name": "iron_battleaxe_55",
			"from": [7.125, 8, 8.03125],
			"to": [7.25, 8.375, 8.09375],
			"faces": {
				"north": {"uv": [4.875, 8, 5, 7.625], "rotation": 180, "texture": "#0"},
				"east": {"uv": [4.875, 7.625, 5, 8], "texture": "#0"},
				"south": {"uv": [4.875, 7.625, 5, 8], "texture": "#0"},
				"west": {"uv": [4.875, 7.625, 5, 8], "texture": "#0"},
				"up": {"uv": [5, 7.625, 4.875, 7.75], "rotation": 180, "texture": "#0"},
				"down": {"uv": [4.875, 7.875, 5, 8], "texture": "#0"}
			}
		},
		{
			"name": "iron_battleaxe_56",
			"from": [10, 8, 8.03125],
			"to": [10.125, 8.375, 8.09375],
			"faces": {
				"north": {"uv": [10.25, 8, 10.375, 7.625], "rotation": 180, "texture": "#0"},
				"east": {"uv": [10.25, 7.625, 10.375, 8], "texture": "#0"},
				"south": {"uv": [10.25, 7.625, 10.375, 8], "texture": "#0"},
				"west": {"uv": [10.25, 7.625, 10.375, 8], "texture": "#0"},
				"up": {"uv": [10.375, 7.625, 10.25, 7.75], "rotation": 180, "texture": "#0"},
				"down": {"uv": [10.25, 7.875, 10.375, 8], "texture": "#0"}
			}
		},
		{
			"name": "iron_battleaxe_57",
			"from": [7.25, 7.875, 8.03125],
			"to": [7.375, 8.25, 8.09375],
			"faces": {
				"north": {"uv": [5, 8.125, 5.125, 7.75], "rotation": 180, "texture": "#0"},
				"east": {"uv": [5, 7.75, 5.125, 8.125], "texture": "#0"},
				"south": {"uv": [5, 7.75, 5.125, 8.125], "texture": "#0"},
				"west": {"uv": [5, 7.75, 5.125, 8.125], "texture": "#0"},
				"up": {"uv": [5.125, 7.75, 5, 7.875], "rotation": 180, "texture": "#0"},
				"down": {"uv": [5, 8, 5.125, 8.125], "texture": "#0"}
			}
		},
		{
			"name": "iron_battleaxe_58",
			"from": [9.875, 7.875, 8.03125],
			"to": [10, 8.25, 8.09375],
			"faces": {
				"north": {"uv": [10.125, 8.125, 10.25, 7.75], "rotation": 180, "texture": "#0"},
				"east": {"uv": [10.125, 7.75, 10.25, 8.125], "texture": "#0"},
				"south": {"uv": [10.125, 7.75, 10.25, 8.125], "texture": "#0"},
				"west": {"uv": [10.125, 7.75, 10.25, 8.125], "texture": "#0"},
				"up": {"uv": [10.25, 7.75, 10.125, 7.875], "rotation": 180, "texture": "#0"},
				"down": {"uv": [10.125, 8, 10.25, 8.125], "texture": "#0"}
			}
		},
		{
			"name": "iron_battleaxe_59",
			"from": [8.25, 2.375, 7.75],
			"to": [9, 2.625, 8.375],
			"faces": {
				"north": {"uv": [7.25, 14, 8, 13.75], "rotation": 180, "texture": "#0"},
				"east": {"uv": [7.875, 13.75, 8, 14], "texture": "#0"},
				"south": {"uv": [7.25, 13.75, 8, 14], "texture": "#0"},
				"west": {"uv": [7.25, 13.75, 7.375, 14], "texture": "#0"},
				"up": {"uv": [8, 13.75, 7.25, 13.875], "rotation": 180, "texture": "#0"},
				"down": {"uv": [7.25, 13.875, 8, 14], "texture": "#0"}
			}
		},
		{
			"name": "iron_battleaxe_60",
			"from": [8.375, 2.25, 7.875],
			"to": [8.875, 2.375, 8.25],
			"faces": {
				"north": {"uv": [7.375, 14.375, 7.875, 14.25], "rotation": 180, "texture": "#0"},
				"east": {"uv": [7.75, 14.25, 7.875, 14.375], "texture": "#0"},
				"south": {"uv": [7.375, 14.25, 7.875, 14.375], "texture": "#0"},
				"west": {"uv": [7.375, 14.25, 7.5, 14.375], "texture": "#0"},
				"up": {"uv": [7.875, 14.25, 7.375, 14.375], "rotation": 180, "texture": "#0"},
				"down": {"uv": [7.375, 14.25, 7.875, 14.375], "texture": "#0"}
			}
		},
		{
			"name": "iron_battleaxe_61",
			"from": [8.25, 2, 7.75],
			"to": [9, 2.25, 8.375],
			"faces": {
				"north": {"uv": [7.25, 14.875, 8, 14.625], "rotation": 180, "texture": "#0"},
				"east": {"uv": [7.875, 14.625, 8, 14.875], "texture": "#0"},
				"south": {"uv": [7.25, 14.625, 8, 14.875], "texture": "#0"},
				"west": {"uv": [7.25, 14.625, 7.375, 14.875], "texture": "#0"},
				"up": {"uv": [8, 14.625, 7.25, 14.75], "rotation": 180, "texture": "#0"},
				"down": {"uv": [7.25, 14.75, 8, 14.875], "texture": "#0"}
			}
		},
		{
			"name": "iron_battleaxe_62",
			"from": [8.375, 1.875, 7.875],
			"to": [8.875, 2, 8.25],
			"faces": {
				"north": {"uv": [7.375, 15, 7.875, 14.875], "rotation": 180, "texture": "#0"},
				"east": {"uv": [7.75, 14.875, 7.875, 15], "texture": "#0"},
				"south": {"uv": [7.375, 14.875, 7.875, 15], "texture": "#0"},
				"west": {"uv": [7.375, 14.875, 7.5, 15], "texture": "#0"},
				"up": {"uv": [7.875, 14.875, 7.375, 15], "rotation": 180, "texture": "#0"},
				"down": {"uv": [7.375, 14.875, 7.875, 15], "texture": "#0"}
			}
		},
		{
			"name": "iron_battleaxe_63",
			"from": [8.5, 1.75, 7.875],
			"to": [8.75, 1.875, 8.25],
			"faces": {
				"north": {"uv": [7.5, 15.125, 7.75, 15], "rotation": 180, "texture": "#0"},
				"east": {"uv": [7.625, 15, 7.75, 15.125], "texture": "#0"},
				"south": {"uv": [7.5, 15, 7.75, 15.125], "texture": "#0"},
				"west": {"uv": [7.5, 15, 7.625, 15.125], "texture": "#0"},
				"up": {"uv": [7.75, 15, 7.5, 15.125], "rotation": 180, "texture": "#0"},
				"down": {"uv": [7.5, 15, 7.75, 15.125], "texture": "#0"}
			}
		}
	],
	"gui_light": "front",
	"display": {
		"thirdperson_righthand": {
			"rotation": [0, -90, 0],
			"translation": [0.25, 5.75, -0.25],
			"scale": [2.4, 2.4, 2.4]
		},
		"thirdperson_lefthand": {
			"rotation": [0, 90, 0],
			"translation": [0.25, 5.75, -0.25],
			"scale": [2.4, 2.4, 2.4]
		},
		"firstperson_righthand": {
			"rotation": [10, 90, 0],
			"translation": [-1, 7.25, 4],
			"scale": [1.4, 1.4, 1.4]
		},
		"firstperson_lefthand": {
			"rotation": [10, -90, 0],
			"translation": [-1, 7.25, 4],
			"scale": [1.4, 1.4, 1.4]
		},
		"ground": {
			"rotation": [0, 0, 45],
			"translation": [-1.25, 1.5, -0.25]
		},
		"gui": {
			"rotation": [0, 0, -45],
			"translation": [0, 1.5, 0],
			"scale": [1.6, 1.6, 1]
		},
		"head": {
			"rotation": [0, 0, 45],
			"translation": [0, 19, 0],
			"scale": [2, 2, 2]
		},
		"fixed": {
			"rotation": [0, 0, 90],
			"translation": [-7, -2.5, -2],
			"scale": [4, 4, 4]
		}
	},
	"groups": [
		{
			"name": "iron_battleaxe",
			"origin": [8, 8, 8],
			"color": 0,
			"children": [
				0,
				1,
				2,
				3,
				4,
				5,
				6,
				7,
				8,
				9,
				10,
				11,
				12,
				13,
				14,
				15,
				16,
				17,
				18,
				19,
				20,
				21,
				22,
				23,
				24,
				25,
				26,
				27,
				28,
				29,
				30,
				31,
				32,
				33,
				34,
				35,
				36,
				37,
				38,
				39,
				40,
				41,
				42,
				43,
				44,
				45,
				46,
				47,
				48,
				49,
				50,
				51,
				52,
				53,
				54,
				55,
				56,
				57,
				58,
				59,
				60,
				61,
				62,
				63
			]
		}
	]
}
