{
	"textures": {
		"0": "minecraft:3dsword/iron_sai",
		"particle": "minecraft:3dsword/iron_sai"
	},
	"elements": [
		{
			"name": "iron_sai_0",
			"from": [7.875, 6.5, 7.96875],
			"to": [8.125, 10.25, 8.03125],
			"rotation": {"angle": 0, "axis": "y", "origin": [0.375, 0, 7.9375]},
			"faces": {
				"north": {"uv": [7.75, 5, 7.5, 8.75], "texture": "#0"},
				"east": {"uv": [7.625, 5, 7.75, 8.75], "texture": "#0"},
				"south": {"uv": [7.5, 5, 7.75, 8.75], "texture": "#0"},
				"west": {"uv": [7.5, 5, 7.625, 8.75], "texture": "#0"},
				"up": {"uv": [7.5, 5, 7.75, 5.125], "texture": "#0"},
				"down": {"uv": [7.5, 8.625, 7.75, 8.75], "texture": "#0"}
			}
		},
		{
			"name": "iron_sai_1",
			"from": [7.875, 3.75, 7.9375],
			"to": [8.125, 6.5, 8.0625],
			"rotation": {"angle": 0, "axis": "y", "origin": [0.375, 0, 7.9375]},
			"faces": {
				"north": {"uv": [7.75, 9.5, 7.5, 12.25], "texture": "#0"},
				"east": {"uv": [7.625, 9.5, 7.75, 12.25], "texture": "#0"},
				"south": {"uv": [7.5, 9.5, 7.75, 12.25], "texture": "#0"},
				"west": {"uv": [7.5, 9.5, 7.625, 12.25], "texture": "#0"},
				"up": {"uv": [7.5, 9.5, 7.75, 9.625], "texture": "#0"},
				"down": {"uv": [7.5, 12.125, 7.75, 12.25], "texture": "#0"}
			}
		},
		{
			"name": "iron_sai_2",
			"from": [6.625, 5.625, 7.96875],
			"to": [6.75, 5.75, 8.03125],
			"rotation": {"angle": 0, "axis": "y", "origin": [0.375, 0, 7.9375]},
			"faces": {
				"north": {"uv": [3.375, 10.25, 3.25, 10.375], "texture": "#0"},
				"east": {"uv": [3.25, 10.25, 3.375, 10.375], "texture": "#0"},
				"south": {"uv": [3.25, 10.25, 3.375, 10.375], "texture": "#0"},
				"west": {"uv": [3.25, 10.25, 3.375, 10.375], "texture": "#0"},
				"up": {"uv": [3.25, 10.25, 3.375, 10.375], "texture": "#0"},
				"down": {"uv": [3.25, 10.25, 3.375, 10.375], "texture": "#0"}
			}
		},
		{
			"name": "iron_sai_3",
			"from": [9.25, 5.625, 7.96875],
			"to": [9.375, 5.75, 8.03125],
			"rotation": {"angle": 0, "axis": "y", "origin": [0.375, 0, 7.9375]},
			"faces": {
				"north": {"uv": [6, 10.25, 5.875, 10.375], "texture": "#0"},
				"east": {"uv": [5.875, 10.25, 6, 10.375], "texture": "#0"},
				"south": {"uv": [5.875, 10.25, 6, 10.375], "texture": "#0"},
				"west": {"uv": [5.875, 10.25, 6, 10.375], "texture": "#0"},
				"up": {"uv": [5.875, 10.25, 6, 10.375], "texture": "#0"},
				"down": {"uv": [5.875, 10.25, 6, 10.375], "texture": "#0"}
			}
		},
		{
			"name": "iron_sai_4",
			"from": [6.75, 5.5, 7.96875],
			"to": [6.875, 5.625, 8.03125],
			"rotation": {"angle": 0, "axis": "y", "origin": [0.375, 0, 7.9375]},
			"faces": {
				"north": {"uv": [3.5, 10.375, 3.375, 10.5], "texture": "#0"},
				"east": {"uv": [3.375, 10.375, 3.5, 10.5], "texture": "#0"},
				"south": {"uv": [3.375, 10.375, 3.5, 10.5], "texture": "#0"},
				"west": {"uv": [3.375, 10.375, 3.5, 10.5], "texture": "#0"},
				"up": {"uv": [3.375, 10.375, 3.5, 10.5], "texture": "#0"},
				"down": {"uv": [3.375, 10.375, 3.5, 10.5], "texture": "#0"}
			}
		},
		{
			"name": "iron_sai_5",
			"from": [9.125, 5.5, 7.96875],
			"to": [9.25, 5.625, 8.03125],
			"rotation": {"angle": 0, "axis": "y", "origin": [0.375, 0, 7.9375]},
			"faces": {
				"north": {"uv": [5.875, 10.375, 5.75, 10.5], "texture": "#0"},
				"east": {"uv": [5.75, 10.375, 5.875, 10.5], "texture": "#0"},
				"south": {"uv": [5.75, 10.375, 5.875, 10.5], "texture": "#0"},
				"west": {"uv": [5.75, 10.375, 5.875, 10.5], "texture": "#0"},
				"up": {"uv": [5.75, 10.375, 5.875, 10.5], "texture": "#0"},
				"down": {"uv": [5.75, 10.375, 5.875, 10.5], "texture": "#0"}
			}
		},
		{
			"name": "iron_sai_6",
			"from": [6.875, 4.125, 7.96875],
			"to": [7, 5.5, 8.03125],
			"rotation": {"angle": 0, "axis": "y", "origin": [0.375, 0, 7.9375]},
			"faces": {
				"north": {"uv": [3.625, 10.5, 3.5, 11.875], "texture": "#0"},
				"east": {"uv": [3.5, 10.5, 3.625, 11.875], "texture": "#0"},
				"south": {"uv": [3.5, 10.5, 3.625, 11.875], "texture": "#0"},
				"west": {"uv": [3.5, 10.5, 3.625, 11.875], "texture": "#0"},
				"up": {"uv": [3.5, 10.5, 3.625, 10.625], "texture": "#0"},
				"down": {"uv": [3.5, 11.75, 3.625, 11.875], "texture": "#0"}
			}
		},
		{
			"name": "iron_sai_7",
			"from": [9, 4.125, 7.96875],
			"to": [9.125, 5.5, 8.03125],
			"rotation": {"angle": 0, "axis": "y", "origin": [0.375, 0, 7.9375]},
			"faces": {
				"north": {"uv": [5.75, 10.5, 5.625, 11.875], "texture": "#0"},
				"east": {"uv": [5.625, 10.5, 5.75, 11.875], "texture": "#0"},
				"south": {"uv": [5.625, 10.5, 5.75, 11.875], "texture": "#0"},
				"west": {"uv": [5.625, 10.5, 5.75, 11.875], "texture": "#0"},
				"up": {"uv": [5.625, 10.5, 5.75, 10.625], "texture": "#0"},
				"down": {"uv": [5.625, 11.75, 5.75, 11.875], "texture": "#0"}
			}
		},
		{
			"name": "iron_sai_8",
			"from": [7, 4, 7.96875],
			"to": [7.125, 5.375, 8.03125],
			"rotation": {"angle": 0, "axis": "y", "origin": [0.375, 0, 7.9375]},
			"faces": {
				"north": {"uv": [3.75, 10.625, 3.625, 12], "texture": "#0"},
				"east": {"uv": [3.625, 10.625, 3.75, 12], "texture": "#0"},
				"south": {"uv": [3.625, 10.625, 3.75, 12], "texture": "#0"},
				"west": {"uv": [3.625, 10.625, 3.75, 12], "texture": "#0"},
				"up": {"uv": [3.625, 10.625, 3.75, 10.75], "texture": "#0"},
				"down": {"uv": [3.625, 11.875, 3.75, 12], "texture": "#0"}
			}
		},
		{
			"name": "iron_sai_9",
			"from": [8.875, 4, 7.96875],
			"to": [9, 5.375, 8.03125],
			"rotation": {"angle": 0, "axis": "y", "origin": [0.375, 0, 7.9375]},
			"faces": {
				"north": {"uv": [5.625, 10.625, 5.5, 12], "texture": "#0"},
				"east": {"uv": [5.5, 10.625, 5.625, 12], "texture": "#0"},
				"south": {"uv": [5.5, 10.625, 5.625, 12], "texture": "#0"},
				"west": {"uv": [5.5, 10.625, 5.625, 12], "texture": "#0"},
				"up": {"uv": [5.5, 10.625, 5.625, 10.75], "texture": "#0"},
				"down": {"uv": [5.5, 11.875, 5.625, 12], "texture": "#0"}
			}
		},
		{
			"name": "iron_sai_10",
			"from": [7.125, 4, 7.96875],
			"to": [7.25, 4.25, 8.03125],
			"rotation": {"angle": 0, "axis": "y", "origin": [0.375, 0, 7.9375]},
			"faces": {
				"north": {"uv": [3.875, 11.75, 3.75, 12], "texture": "#0"},
				"east": {"uv": [3.75, 11.75, 3.875, 12], "texture": "#0"},
				"south": {"uv": [3.75, 11.75, 3.875, 12], "texture": "#0"},
				"west": {"uv": [3.75, 11.75, 3.875, 12], "texture": "#0"},
				"up": {"uv": [3.75, 11.75, 3.875, 11.875], "texture": "#0"},
				"down": {"uv": [3.75, 11.875, 3.875, 12], "texture": "#0"}
			}
		},
		{
			"name": "iron_sai_11",
			"from": [8.75, 4, 7.96875],
			"to": [8.875, 4.25, 8.03125],
			"rotation": {"angle": 0, "axis": "y", "origin": [0.375, 0, 7.9375]},
			"faces": {
				"north": {"uv": [5.5, 11.75, 5.375, 12], "texture": "#0"},
				"east": {"uv": [5.375, 11.75, 5.5, 12], "texture": "#0"},
				"south": {"uv": [5.375, 11.75, 5.5, 12], "texture": "#0"},
				"west": {"uv": [5.375, 11.75, 5.5, 12], "texture": "#0"},
				"up": {"uv": [5.375, 11.75, 5.5, 11.875], "texture": "#0"},
				"down": {"uv": [5.375, 11.875, 5.5, 12], "texture": "#0"}
			}
		},
		{
			"name": "iron_sai_12",
			"from": [7.25, 3.75, 7.9375],
			"to": [7.375, 4.125, 8.0625],
			"rotation": {"angle": 0, "axis": "y", "origin": [0.375, 0, 7.9375]},
			"faces": {
				"north": {"uv": [7, 11.875, 6.875, 12.25], "texture": "#0"},
				"east": {"uv": [6.875, 11.875, 7, 12.25], "texture": "#0"},
				"south": {"uv": [6.875, 11.875, 7, 12.25], "texture": "#0"},
				"west": {"uv": [6.875, 11.875, 7, 12.25], "texture": "#0"},
				"up": {"uv": [6.875, 11.875, 7, 12], "texture": "#0"},
				"down": {"uv": [6.875, 12.125, 7, 12.25], "texture": "#0"}
			}
		},
		{
			"name": "iron_sai_13",
			"from": [7.75, 3.75, 7.9375],
			"to": [7.875, 4.125, 8.0625],
			"rotation": {"angle": 0, "axis": "y", "origin": [0.375, 0, 7.9375]},
			"faces": {
				"north": {"uv": [7.5, 11.875, 7.375, 12.25], "texture": "#0"},
				"east": {"uv": [7.375, 11.875, 7.5, 12.25], "texture": "#0"},
				"south": {"uv": [7.375, 11.875, 7.5, 12.25], "texture": "#0"},
				"west": {"uv": [7.375, 11.875, 7.5, 12.25], "texture": "#0"},
				"up": {"uv": [7.375, 11.875, 7.5, 12], "texture": "#0"},
				"down": {"uv": [7.375, 12.125, 7.5, 12.25], "texture": "#0"}
			}
		},
		{
			"name": "iron_sai_14",
			"from": [8.125, 3.75, 7.9375],
			"to": [8.25, 4.125, 8.0625],
			"rotation": {"angle": 0, "axis": "y", "origin": [0.375, 0, 7.9375]},
			"faces": {
				"north": {"uv": [7.875, 11.875, 7.75, 12.25], "texture": "#0"},
				"east": {"uv": [7.75, 11.875, 7.875, 12.25], "texture": "#0"},
				"south": {"uv": [7.75, 11.875, 7.875, 12.25], "texture": "#0"},
				"west": {"uv": [7.75, 11.875, 7.875, 12.25], "texture": "#0"},
				"up": {"uv": [7.75, 11.875, 7.875, 12], "texture": "#0"},
				"down": {"uv": [7.75, 12.125, 7.875, 12.25], "texture": "#0"}
			}
		},
		{
			"name": "iron_sai_15",
			"from": [8.625, 3.75, 7.9375],
			"to": [8.75, 4.125, 8.0625],
			"rotation": {"angle": 0, "axis": "y", "origin": [0.375, 0, 7.9375]},
			"faces": {
				"north": {"uv": [8.375, 11.875, 8.25, 12.25], "texture": "#0"},
				"east": {"uv": [8.25, 11.875, 8.375, 12.25], "texture": "#0"},
				"south": {"uv": [8.25, 11.875, 8.375, 12.25], "texture": "#0"},
				"west": {"uv": [8.25, 11.875, 8.375, 12.25], "texture": "#0"},
				"up": {"uv": [8.25, 11.875, 8.375, 12], "texture": "#0"},
				"down": {"uv": [8.25, 12.125, 8.375, 12.25], "texture": "#0"}
			}
		},
		{
			"name": "iron_sai_16",
			"from": [7.125, 3.875, 7.9375],
			"to": [7.25, 4, 8.0625],
			"rotation": {"angle": 0, "axis": "y", "origin": [0.375, 0, 7.9375]},
			"faces": {
				"north": {"uv": [6.875, 12, 6.75, 12.125], "texture": "#0"},
				"east": {"uv": [6.75, 12, 6.875, 12.125], "texture": "#0"},
				"south": {"uv": [6.75, 12, 6.875, 12.125], "texture": "#0"},
				"west": {"uv": [6.75, 12, 6.875, 12.125], "texture": "#0"},
				"up": {"uv": [6.75, 12, 6.875, 12.125], "texture": "#0"},
				"down": {"uv": [6.75, 12, 6.875, 12.125], "texture": "#0"}
			}
		},
		{
			"name": "iron_sai_17",
			"from": [7.375, 3.75, 7.9375],
			"to": [7.75, 4, 8.0625],
			"rotation": {"angle": 0, "axis": "y", "origin": [0.375, 0, 7.9375]},
			"faces": {
				"north": {"uv": [7.375, 12, 7, 12.25], "texture": "#0"},
				"east": {"uv": [7.25, 12, 7.375, 12.25], "texture": "#0"},
				"south": {"uv": [7, 12, 7.375, 12.25], "texture": "#0"},
				"west": {"uv": [7, 12, 7.125, 12.25], "texture": "#0"},
				"up": {"uv": [7, 12, 7.375, 12.125], "texture": "#0"},
				"down": {"uv": [7, 12.125, 7.375, 12.25], "texture": "#0"}
			}
		},
		{
			"name": "iron_sai_18",
			"from": [8.25, 3.75, 7.9375],
			"to": [8.625, 4, 8.0625],
			"rotation": {"angle": 0, "axis": "y", "origin": [0.375, 0, 7.9375]},
			"faces": {
				"north": {"uv": [8.25, 12, 7.875, 12.25], "texture": "#0"},
				"east": {"uv": [8.125, 12, 8.25, 12.25], "texture": "#0"},
				"south": {"uv": [7.875, 12, 8.25, 12.25], "texture": "#0"},
				"west": {"uv": [7.875, 12, 8, 12.25], "texture": "#0"},
				"up": {"uv": [7.875, 12, 8.25, 12.125], "texture": "#0"},
				"down": {"uv": [7.875, 12.125, 8.25, 12.25], "texture": "#0"}
			}
		},
		{
			"name": "iron_sai_19",
			"from": [8.75, 3.875, 7.9375],
			"to": [8.875, 4, 8.0625],
			"rotation": {"angle": 0, "axis": "y", "origin": [0.375, 0, 7.9375]},
			"faces": {
				"north": {"uv": [8.5, 12, 8.375, 12.125], "texture": "#0"},
				"east": {"uv": [8.375, 12, 8.5, 12.125], "texture": "#0"},
				"south": {"uv": [8.375, 12, 8.5, 12.125], "texture": "#0"},
				"west": {"uv": [8.375, 12, 8.5, 12.125], "texture": "#0"},
				"up": {"uv": [8.375, 12, 8.5, 12.125], "texture": "#0"},
				"down": {"uv": [8.375, 12, 8.5, 12.125], "texture": "#0"}
			}
		},
		{
			"name": "iron_sai_20",
			"from": [7.75, 1.75, 7.875],
			"to": [8.25, 3.75, 8.125],
			"rotation": {"angle": 0, "axis": "y", "origin": [0.375, 0, 7.9375]},
			"faces": {
				"north": {"uv": [9.625, 12.25, 9.125, 14.25], "texture": "#0"},
				"east": {"uv": [9.5, 12.25, 9.625, 14.25], "texture": "#0"},
				"south": {"uv": [9.125, 12.25, 9.625, 14.25], "texture": "#0"},
				"west": {"uv": [9.125, 12.25, 9.25, 14.25], "texture": "#0"},
				"up": {"uv": [9.125, 12.25, 9.625, 12.375], "texture": "#0"},
				"down": {"uv": [9.125, 14.125, 9.625, 14.25], "texture": "#0"}
			}
		},
		{
			"name": "iron_sai_21",
			"from": [7.75, 1.375, 7.875],
			"to": [8.25, 1.75, 8.125],
			"rotation": {"angle": 0, "axis": "y", "origin": [0.375, 0, 7.9375]},
			"faces": {
				"north": {"uv": [7.875, 14.25, 7.375, 14.625], "texture": "#0"},
				"east": {"uv": [7.75, 14.25, 7.875, 14.625], "texture": "#0"},
				"south": {"uv": [7.375, 14.25, 7.875, 14.625], "texture": "#0"},
				"west": {"uv": [7.375, 14.25, 7.5, 14.625], "texture": "#0"},
				"up": {"uv": [7.375, 14.25, 7.875, 14.375], "texture": "#0"},
				"down": {"uv": [7.375, 14.5, 7.875, 14.625], "texture": "#0"}
			}
		},
		{
			"name": "iron_sai_22",
			"from": [7.875, 1.25, 7.875],
			"to": [8.125, 1.375, 8.125],
			"rotation": {"angle": 0, "axis": "y", "origin": [0.375, 0, 7.9375]},
			"faces": {
				"north": {"uv": [7.75, 14.625, 7.5, 14.75], "texture": "#0"},
				"east": {"uv": [7.625, 14.625, 7.75, 14.75], "texture": "#0"},
				"south": {"uv": [7.5, 14.625, 7.75, 14.75], "texture": "#0"},
				"west": {"uv": [7.5, 14.625, 7.625, 14.75], "texture": "#0"},
				"up": {"uv": [7.5, 14.625, 7.75, 14.75], "texture": "#0"},
				"down": {"uv": [7.5, 14.625, 7.75, 14.75], "texture": "#0"}
			}
		}
	],
	"gui_light": "front",
	"display": {
		"thirdperson_righthand": {
			"rotation": [0, -90, 0],
			"translation": [0, 10.5, 1.5],
			"scale": [2.4, 2.4, 2.4]
		},
		"thirdperson_lefthand": {
			"rotation": [0, -90, 0],
			"translation": [0, 10.5, 1.5],
			"scale": [2.4, 2.4, 2.4]
		},
		"firstperson_righthand": {
			"rotation": [121, 7, 134],
			"translation": [-9, 8.25, 2],
			"scale": [1.4, 1.4, 1.4]
		},
		"firstperson_lefthand": {
			"rotation": [-59, 7, 59],
			"translation": [-9.25, 8.5, 3.25],
			"scale": [1.4, 1.4, 1.4]
		},
		"ground": {
			"rotation": [0, 0, 45],
			"translation": [-1.25, 1.5, 0.25]
		},
		"gui": {
			"rotation": [0, 0, -45],
			"translation": [3.5, 3.25, 0],
			"scale": [2.2, 2.2, 1]
		},
		"head": {
			"rotation": [0, 0, 45],
			"translation": [-1.25, 17.75, 0],
			"scale": [2, 2, 2]
		},
		"fixed": {
			"rotation": [0, 0, 90],
			"translation": [-7, -0.25, -0.25],
			"scale": [4, 4, 4]
		}
	},
	"groups": [
		{
			"name": "iron_sai",
			"origin": [8.375, 8, 15.9375],
			"color": 0,
			"children": [0, 1, 2, 3, 4, 5, 6, 7, 8, 9, 10, 11, 12, 13, 14, 15, 16, 17, 18, 19, 20, 21, 22]
		}
	]
}
