{
	"credit": "Made with Blockbench",
	"textures": {
		"0": "minecraft:3dsword/moonlight",
		"particle": "minecraft:3dsword/moonlight"
	},
	"elements": [
		{
			"name": "moonlight_0",
			"from": [8.3125, 15, 7.9375],
			"to": [8.4375, 15.25, 8.0625],
			"rotation": {"angle": 0, "axis": "y", "origin": [0.5625, 0, 0.0625]},
			"faces": {
				"north": {"uv": [6.75, 0.75, 6.875, 0.5], "rotation": 180, "texture": "#0"},
				"east": {"uv": [6.75, 0.5, 6.875, 0.75], "texture": "#0"},
				"south": {"uv": [6.75, 0.5, 6.875, 0.75], "texture": "#0"},
				"west": {"uv": [6.75, 0.5, 6.875, 0.75], "texture": "#0"},
				"up": {"uv": [6.875, 0.5, 6.75, 0.625], "rotation": 180, "texture": "#0"},
				"down": {"uv": [6.75, 0.625, 6.875, 0.75], "texture": "#0"}
			}
		},
		{
			"name": "moonlight_1",
			"from": [8.1875, 14.875, 7.9375],
			"to": [8.3125, 15.125, 8.0625],
			"rotation": {"angle": 0, "axis": "y", "origin": [0.5625, 0, 0.0625]},
			"faces": {
				"north": {"uv": [6.625, 0.875, 6.75, 0.625], "rotation": 180, "texture": "#0"},
				"east": {"uv": [6.625, 0.625, 6.75, 0.875], "texture": "#0"},
				"south": {"uv": [6.625, 0.625, 6.75, 0.875], "texture": "#0"},
				"west": {"uv": [6.625, 0.625, 6.75, 0.875], "texture": "#0"},
				"up": {"uv": [6.75, 0.625, 6.625, 0.75], "rotation": 180, "texture": "#0"},
				"down": {"uv": [6.625, 0.75, 6.75, 0.875], "texture": "#0"}
			}
		},
		{
			"name": "moonlight_2",
			"from": [8.0625, 14.625, 7.9375],
			"to": [8.1875, 15, 8.0625],
			"rotation": {"angle": 0, "axis": "y", "origin": [0.5625, 0, 0.0625]},
			"faces": {
				"north": {"uv": [6.5, 1.125, 6.625, 0.75], "rotation": 180, "texture": "#0"},
				"east": {"uv": [6.5, 0.75, 6.625, 1.125], "texture": "#0"},
				"south": {"uv": [6.5, 0.75, 6.625, 1.125], "texture": "#0"},
				"west": {"uv": [6.5, 0.75, 6.625, 1.125], "texture": "#0"},
				"up": {"uv": [6.625, 0.75, 6.5, 0.875], "rotation": 180, "texture": "#0"},
				"down": {"uv": [6.5, 1, 6.625, 1.125], "texture": "#0"}
			}
		},
		{
			"name": "moonlight_3",
			"from": [8.3125, 14.5, 7.875],
			"to": [8.4375, 15, 8.125],
			"rotation": {"angle": 0, "axis": "y", "origin": [0.5625, 0, 0.0625]},
			"faces": {
				"north": {"uv": [7.75, 1.25, 7.875, 0.75], "rotation": 180, "texture": "#0"},
				"east": {"uv": [7.75, 0.75, 7.875, 1.25], "texture": "#0"},
				"south": {"uv": [7.75, 0.75, 7.875, 1.25], "texture": "#0"},
				"west": {"uv": [7.75, 0.75, 7.875, 1.25], "texture": "#0"},
				"up": {"uv": [7.875, 0.75, 7.75, 0.875], "rotation": 180, "texture": "#0"},
				"down": {"uv": [7.75, 1.125, 7.875, 1.25], "texture": "#0"}
			}
		},
		{
			"name": "moonlight_4",
			"from": [7.9375, 14.125, 7.9375],
			"to": [8.0625, 14.875, 8.0625],
			"rotation": {"angle": 0, "axis": "y", "origin": [0.5625, 0, 0.0625]},
			"faces": {
				"north": {"uv": [6.375, 1.625, 6.5, 0.875], "rotation": 180, "texture": "#0"},
				"east": {"uv": [6.375, 0.875, 6.5, 1.625], "texture": "#0"},
				"south": {"uv": [6.375, 0.875, 6.5, 1.625], "texture": "#0"},
				"west": {"uv": [6.375, 0.875, 6.5, 1.625], "texture": "#0"},
				"up": {"uv": [6.5, 0.875, 6.375, 1], "rotation": 180, "texture": "#0"},
				"down": {"uv": [6.375, 1.5, 6.5, 1.625], "texture": "#0"}
			}
		},
		{
			"name": "moonlight_5",
			"from": [8.1875, 13.875, 7.875],
			"to": [8.3125, 14.875, 8.125],
			"rotation": {"angle": 0, "axis": "y", "origin": [0.5625, 0, 0.0625]},
			"faces": {
				"north": {"uv": [7.625, 1.875, 7.75, 0.875], "rotation": 180, "texture": "#0"},
				"east": {"uv": [7.625, 0.875, 7.75, 1.875], "texture": "#0"},
				"south": {"uv": [7.625, 0.875, 7.75, 1.875], "texture": "#0"},
				"west": {"uv": [7.625, 0.875, 7.75, 1.875], "texture": "#0"},
				"up": {"uv": [7.75, 0.875, 7.625, 1], "rotation": 180, "texture": "#0"},
				"down": {"uv": [7.625, 1.75, 7.75, 1.875], "texture": "#0"}
			}
		},
		{
			"name": "moonlight_6",
			"from": [7.8125, 12, 7.9375],
			"to": [7.9375, 14.625, 8.0625],
			"rotation": {"angle": 0, "axis": "y", "origin": [0.5625, 0, 0.0625]},
			"faces": {
				"north": {"uv": [6.25, 3.75, 6.375, 1.125], "rotation": 180, "texture": "#0"},
				"east": {"uv": [6.25, 1.125, 6.375, 3.75], "texture": "#0"},
				"south": {"uv": [6.25, 1.125, 6.375, 3.75], "texture": "#0"},
				"west": {"uv": [6.25, 1.125, 6.375, 3.75], "texture": "#0"},
				"up": {"uv": [6.375, 1.125, 6.25, 1.25], "rotation": 180, "texture": "#0"},
				"down": {"uv": [6.25, 3.625, 6.375, 3.75], "texture": "#0"}
			}
		},
		{
			"name": "moonlight_7",
			"from": [8.0625, 11.875, 7.875],
			"to": [8.1875, 14.625, 8.125],
			"rotation": {"angle": 0, "axis": "y", "origin": [0.5625, 0, 0.0625]},
			"faces": {
				"north": {"uv": [7.5, 3.875, 7.625, 1.125], "rotation": 180, "texture": "#0"},
				"east": {"uv": [7.5, 1.125, 7.625, 3.875], "texture": "#0"},
				"south": {"uv": [7.5, 1.125, 7.625, 3.875], "texture": "#0"},
				"west": {"uv": [7.5, 1.125, 7.625, 3.875], "texture": "#0"},
				"up": {"uv": [7.625, 1.125, 7.5, 1.25], "rotation": 180, "texture": "#0"},
				"down": {"uv": [7.5, 3.75, 7.625, 3.875], "texture": "#0"}
			}
		},
		{
			"name": "moonlight_8",
			"from": [7.9375, 4.375, 7.875],
			"to": [8.0625, 14.125, 8.125],
			"rotation": {"angle": 0, "axis": "y", "origin": [0.5625, 0, 0.0625]},
			"faces": {
				"north": {"uv": [7.375, 11.375, 7.5, 1.625], "rotation": 180, "texture": "#0"},
				"east": {"uv": [7.375, 1.625, 7.5, 11.375], "texture": "#0"},
				"south": {"uv": [7.375, 1.625, 7.5, 11.375], "texture": "#0"},
				"west": {"uv": [7.375, 1.625, 7.5, 11.375], "texture": "#0"},
				"up": {"uv": [7.5, 1.625, 7.375, 1.75], "rotation": 180, "texture": "#0"},
				"down": {"uv": [7.375, 11.25, 7.5, 11.375], "texture": "#0"}
			}
		},
		{
			"name": "moonlight_9",
			"from": [7.6875, 4.375, 7.9375],
			"to": [7.8125, 14, 8.0625],
			"rotation": {"angle": 0, "axis": "y", "origin": [0.5625, 0, 0.0625]},
			"faces": {
				"north": {"uv": [6.125, 11.375, 6.25, 1.75], "rotation": 180, "texture": "#0"},
				"east": {"uv": [6.125, 1.75, 6.25, 11.375], "texture": "#0"},
				"south": {"uv": [6.125, 1.75, 6.25, 11.375], "texture": "#0"},
				"west": {"uv": [6.125, 1.75, 6.25, 11.375], "texture": "#0"},
				"up": {"uv": [6.25, 1.75, 6.125, 1.875], "rotation": 180, "texture": "#0"},
				"down": {"uv": [6.125, 11.25, 6.25, 11.375], "texture": "#0"}
			}
		},
		{
			"name": "moonlight_10",
			"from": [7.5625, 5.875, 7.9375],
			"to": [7.6875, 12.125, 8.0625],
			"rotation": {"angle": 0, "axis": "y", "origin": [0.5625, 0, 0.0625]},
			"faces": {
				"north": {"uv": [6, 9.875, 6.125, 3.625], "rotation": 180, "texture": "#0"},
				"east": {"uv": [6, 3.625, 6.125, 9.875], "texture": "#0"},
				"south": {"uv": [6, 3.625, 6.125, 9.875], "texture": "#0"},
				"west": {"uv": [6, 3.625, 6.125, 9.875], "texture": "#0"},
				"up": {"uv": [6.125, 3.625, 6, 3.75], "rotation": 180, "texture": "#0"},
				"down": {"uv": [6, 9.75, 6.125, 9.875], "texture": "#0"}
			}
		},
		{
			"name": "moonlight_11",
			"from": [7.8125, 5.875, 7.875],
			"to": [7.9375, 12, 8.125],
			"rotation": {"angle": 0, "axis": "y", "origin": [0.5625, 0, 0.0625]},
			"faces": {
				"north": {"uv": [7.25, 9.875, 7.375, 3.75], "rotation": 180, "texture": "#0"},
				"east": {"uv": [7.25, 3.75, 7.375, 9.875], "texture": "#0"},
				"south": {"uv": [7.25, 3.75, 7.375, 9.875], "texture": "#0"},
				"west": {"uv": [7.25, 3.75, 7.375, 9.875], "texture": "#0"},
				"up": {"uv": [7.375, 3.75, 7.25, 3.875], "rotation": 180, "texture": "#0"},
				"down": {"uv": [7.25, 9.75, 7.375, 9.875], "texture": "#0"}
			}
		},
		{
			"name": "moonlight_12",
			"from": [8.0625, 4.375, 7.875],
			"to": [8.1875, 6.125, 8.125],
			"rotation": {"angle": 0, "axis": "y", "origin": [0.5625, 0, 0.0625]},
			"faces": {
				"north": {"uv": [7.5, 11.375, 7.625, 9.625], "rotation": 180, "texture": "#0"},
				"east": {"uv": [7.5, 9.625, 7.625, 11.375], "texture": "#0"},
				"south": {"uv": [7.5, 9.625, 7.625, 11.375], "texture": "#0"},
				"west": {"uv": [7.5, 9.625, 7.625, 11.375], "texture": "#0"},
				"up": {"uv": [7.625, 9.625, 7.5, 9.75], "rotation": 180, "texture": "#0"},
				"down": {"uv": [7.5, 11.25, 7.625, 11.375], "texture": "#0"}
			}
		},
		{
			"name": "moonlight_13",
			"from": [7.8125, 4.375, 7.9375],
			"to": [7.9375, 5.875, 8.0625],
			"rotation": {"angle": 0, "axis": "y", "origin": [0.5625, 0, 0.0625]},
			"faces": {
				"north": {"uv": [6.25, 11.375, 6.375, 9.875], "rotation": 180, "texture": "#0"},
				"east": {"uv": [6.25, 9.875, 6.375, 11.375], "texture": "#0"},
				"south": {"uv": [6.25, 9.875, 6.375, 11.375], "texture": "#0"},
				"west": {"uv": [6.25, 9.875, 6.375, 11.375], "texture": "#0"},
				"up": {"uv": [6.375, 9.875, 6.25, 10], "rotation": 180, "texture": "#0"},
				"down": {"uv": [6.25, 11.25, 6.375, 11.375], "texture": "#0"}
			}
		},
		{
			"name": "moonlight_14",
			"from": [7.4375, 4.125, 7.6875],
			"to": [8.4375, 4.375, 8.3125],
			"rotation": {"angle": 0, "axis": "y", "origin": [0.5625, 0, 0.0625]},
			"faces": {
				"north": {"uv": [6.875, 11.875, 7.875, 11.625], "rotation": 180, "texture": "#0"},
				"east": {"uv": [7.75, 11.625, 7.875, 11.875], "texture": "#0"},
				"south": {"uv": [6.875, 11.625, 7.875, 11.875], "texture": "#0"},
				"west": {"uv": [6.875, 11.625, 7, 11.875], "texture": "#0"},
				"up": {"uv": [7.875, 11.625, 6.875, 11.75], "rotation": 180, "texture": "#0"},
				"down": {"uv": [6.875, 11.75, 7.875, 11.875], "texture": "#0"}
			}
		},
		{
			"name": "moonlight_15",
			"from": [7.6875, 3.125, 7.8125],
			"to": [8.1875, 4.125, 8.1875],
			"rotation": {"angle": 0, "axis": "y", "origin": [0.5625, 0, 0.0625]},
			"faces": {
				"north": {"uv": [7.125, 13.125, 7.625, 12.125], "rotation": 180, "texture": "#0"},
				"east": {"uv": [7.5, 12.125, 7.625, 13.125], "texture": "#0"},
				"south": {"uv": [7.125, 12.125, 7.625, 13.125], "texture": "#0"},
				"west": {"uv": [7.125, 12.125, 7.25, 13.125], "texture": "#0"},
				"up": {"uv": [7.625, 12.125, 7.125, 12.25], "rotation": 180, "texture": "#0"},
				"down": {"uv": [7.125, 13, 7.625, 13.125], "texture": "#0"}
			}
		},
		{
			"name": "moonlight_16",
			"from": [7.8125, 1.125, 7.8125],
			"to": [8.1875, 3.125, 8.1875],
			"rotation": {"angle": 0, "axis": "y", "origin": [0.5625, 0, 0.0625]},
			"faces": {
				"north": {"uv": [7.25, 15.125, 7.625, 13.125], "rotation": 180, "texture": "#0"},
				"east": {"uv": [7.5, 13.125, 7.625, 15.125], "texture": "#0"},
				"south": {"uv": [7.25, 13.125, 7.625, 15.125], "texture": "#0"},
				"west": {"uv": [7.25, 13.125, 7.375, 15.125], "texture": "#0"},
				"up": {"uv": [7.625, 13.125, 7.25, 13.25], "rotation": 180, "texture": "#0"},
				"down": {"uv": [7.25, 15, 7.625, 15.125], "texture": "#0"}
			}
		},
		{
			"name": "moonlight_17",
			"from": [8.1875, 1.125, 7.8125],
			"to": [8.3125, 2.75, 8.1875],
			"rotation": {"angle": 0, "axis": "y", "origin": [0.5625, 0, 0.0625]},
			"faces": {
				"north": {"uv": [7.625, 15.125, 7.75, 13.5], "rotation": 180, "texture": "#0"},
				"east": {"uv": [7.625, 13.5, 7.75, 15.125], "texture": "#0"},
				"south": {"uv": [7.625, 13.5, 7.75, 15.125], "texture": "#0"},
				"west": {"uv": [7.625, 13.5, 7.75, 15.125], "texture": "#0"},
				"up": {"uv": [7.75, 13.5, 7.625, 13.625], "rotation": 180, "texture": "#0"},
				"down": {"uv": [7.625, 15, 7.75, 15.125], "texture": "#0"}
			}
		},
		{
			"name": "moonlight_18",
			"from": [7.8125, 0.875, 7.8125],
			"to": [8.3125, 1.125, 8.1875],
			"rotation": {"angle": 0, "axis": "y", "origin": [0.5625, 0, 0.0625]},
			"faces": {
				"north": {"uv": [7.25, 15.625, 7.75, 15.375], "rotation": 180, "texture": "#0"},
				"east": {"uv": [7.625, 15.375, 7.75, 15.625], "texture": "#0"},
				"south": {"uv": [7.25, 15.375, 7.75, 15.625], "texture": "#0"},
				"west": {"uv": [7.25, 15.375, 7.375, 15.625], "texture": "#0"},
				"up": {"uv": [7.75, 15.375, 7.25, 15.5], "rotation": 180, "texture": "#0"},
				"down": {"uv": [7.25, 15.5, 7.75, 15.625], "texture": "#0"}
			}
		}
	],
	"gui_light": "front",
	"display": {
		"thirdperson_righthand": {
			"rotation": [0, -90, 0],
			"translation": [0, 9.5, 1.5],
			"scale": [2.4, 2.4, 2.4]
		},
		"thirdperson_lefthand": {
			"rotation": [0, 90, 0],
			"translation": [0, 9.5, 1.5],
			"scale": [2.4, 2.4, 2.4]
		},
		"firstperson_righthand": {
			"rotation": [121, 7, 134],
			"translation": [-9, 8.25, 2],
			"scale": [1.4, 1.4, 1.4]
		},
		"firstperson_lefthand": {
			"rotation": [-59, 7, 59],
			"translation": [-9.25, 8.25, 3.25],
			"scale": [1.4, 1.4, 1.4]
		},
		"ground": {
			"rotation": [0, 0, 45],
			"translation": [0, 1.5, 0.25]
		},
		"gui": {
			"rotation": [0, 0, -45],
			"translation": [-0.25, 0, 0],
			"scale": [1.4, 1.4, 1]
		},
		"head": {
			"rotation": [0, 0, 45],
			"translation": [0, 19, 0],
			"scale": [2, 2, 2]
		},
		"fixed": {
			"rotation": [0, 0, 90],
			"translation": [1.5, 0.25, -0.5],
			"scale": [4, 4, 4]
		}
	},
	"groups": [
		{
			"name": "moonlight",
			"origin": [8.5625, 8, 8.0625],
			"color": 0,
			"children": [0, 1, 2, 3, 4, 5, 6, 7, 8, 9, 10, 11, 12, 13, 14, 15, 16, 17, 18]
		}
	]
}
