{
  "credit": "Made with Blockbench",
  "texture_size": [
    32,
    32
  ],
  "textures": {
    "0": "pelucias/hostile_mobs/overvorld/silverfish/silverfish/silverfish",
    "1": "pelucias/hostile_mobs/overvorld/silverfish/silverfish/silverfish",
    "particle": "pelucias/hostile_mobs/overvorld/silverfish/silverfish/silverfish"
  },
  "elements": [
    {
      "name": "head",
      "from": [
        6.5,
        0,
        4
      ],
      "to": [
        9.5,
        2,
        6
      ],
      "rotation": {
        "angle": 0,
        "axis": "y",
        "origin": [
          8,
          1,
          8
        ]
      },
      "faces": {
        "north": {
          "uv": [
            4,
            4,
            7,
            6
          ],
          "texture": "#0"
        },
        "east": {
          "uv": [
            7,
            4,
            9,
            6
          ],
          "texture": "#0"
        },
        "south": {
          "uv": [
            0,
            6,
            3,
            8
          ],
          "texture": "#0"
        },
        "west": {
          "uv": [
            2,
            8,
            4,
            10
          ],
          "texture": "#0"
        },
        "up": {
          "uv": [
            6,
            8,
            3,
            6
          ],
          "texture": "#0"
        },
        "down": {
          "uv": [
            9,
            6,
            6,
            8
          ],
          "texture": "#0"
        }
      }
    },
    {
      "name": "body1",
      "from": [
        6,
        0,
        6
      ],
      "to": [
        10,
        3,
        8
      ],
      "rotation": {
        "angle": 0,
        "axis": "y",
        "origin": [
          8,
          1,
          8
        ]
      },
      "faces": {
        "north": {
          "uv": [
            0,
            0,
            4,
            3
          ],
          "texture": "#0"
        },
        "east": {
          "uv": [
            0,
            8,
            2,
            11
          ],
          "texture": "#0"
        },
        "south": {
          "uv": [
            0,
            3,
            4,
            6
          ],
          "texture": "#0"
        },
        "west": {
          "uv": [
            8,
            0,
            10,
            3
          ],
          "texture": "#0"
        },
        "up": {
          "uv": [
            8,
            2,
            4,
            0
          ],
          "texture": "#0"
        },
        "down": {
          "uv": [
            8,
            2,
            4,
            4
          ],
          "texture": "#0"
        }
      }
    },
    {
      "name": "body2",
      "from": [
        7,
        0,
        8
      ],
      "to": [
        9,
        2,
        10
      ],
      "rotation": {
        "angle": 0,
        "axis": "y",
        "origin": [
          8,
          1,
          8
        ]
      },
      "faces": {
        "north": {
          "uv": [
            4,
            8,
            6,
            10
          ],
          "texture": "#0"
        },
        "east": {
          "uv": [
            6,
            8,
            8,
            10
          ],
          "texture": "#0"
        },
        "south": {
          "uv": [
            8,
            8,
            10,
            10
          ],
          "texture": "#0"
        },
        "west": {
          "uv": [
            9,
            3,
            11,
            5
          ],
          "texture": "#0"
        },
        "up": {
          "uv": [
            11,
            7,
            9,
            5
          ],
          "texture": "#0"
        },
        "down": {
          "uv": [
            12,
            0,
            10,
            2
          ],
          "texture": "#0"
        }
      }
    },
    {
      "name": "body3",
      "from": [
        7,
        0,
        10
      ],
      "to": [
        9,
        1,
        11
      ],
      "rotation": {
        "angle": 0,
        "axis": "y",
        "origin": [
          8,
          1,
          8
        ]
      },
      "faces": {
        "north": {
          "uv": [
            9,
            7,
            11,
            8
          ],
          "texture": "#0"
        },
        "east": {
          "uv": [
            8,
            3,
            9,
            4
          ],
          "texture": "#0"
        },
        "south": {
          "uv": [
            2,
            10,
            4,
            11
          ],
          "texture": "#0"
        },
        "west": {
          "uv": [
            6,
            10,
            7,
            11
          ],
          "texture": "#0"
        },
        "up": {
          "uv": [
            12,
            3,
            10,
            2
          ],
          "texture": "#0"
        },
        "down": {
          "uv": [
            6,
            10,
            4,
            11
          ],
          "texture": "#0"
        }
      }
    },
    {
      "name": "body4",
      "from": [
        7.5,
        0,
        11
      ],
      "to": [
        8.5,
        1,
        12
      ],
      "rotation": {
        "angle": 0,
        "axis": "y",
        "origin": [
          8,
          1,
          8
        ]
      },
      "faces": {
        "north": {
          "uv": [
            7,
            10,
            8,
            11
          ],
          "texture": "#0"
        },
        "east": {
          "uv": [
            8,
            10,
            9,
            11
          ],
          "texture": "#0"
        },
        "south": {
          "uv": [
            10,
            8,
            11,
            9
          ],
          "texture": "#0"
        },
        "west": {
          "uv": [
            9,
            10,
            10,
            11
          ],
          "texture": "#0"
        },
        "up": {
          "uv": [
            11,
            10,
            10,
            9
          ],
          "texture": "#0"
        },
        "down": {
          "uv": [
            11,
            10,
            10,
            11
          ],
          "texture": "#0"
        }
      }
    },
    {
      "name": "wing1",
      "from": [
        4.999,
        -0.001,
        5.999
      ],
      "to": [
        11.001,
        5.001,
        8.001
      ],
      "rotation": {
        "angle": 0,
        "axis": "y",
        "origin": [
          8,
          1,
          8
        ]
      },
      "faces": {
        "north": {
          "uv": [
            0,
            0,
            3,
            2.5
          ],
          "texture": "#1"
        },
        "east": {
          "uv": [
            3,
            0,
            4,
            2.5
          ],
          "texture": "#1"
        },
        "south": {
          "uv": [
            0,
            2.5,
            3,
            5
          ],
          "texture": "#1"
        },
        "west": {
          "uv": [
            4,
            0,
            5,
            2.5
          ],
          "texture": "#1"
        },
        "up": {
          "uv": [
            3,
            6,
            0,
            5
          ],
          "texture": "#1"
        },
        "down": {
          "uv": [
            6,
            5,
            3,
            6
          ],
          "texture": "#1"
        }
      }
    },
    {
      "name": "wing2",
      "from": [
        5,
        0,
        10.001
      ],
      "to": [
        11,
        5,
        10.001
      ],
      "rotation": {
        "angle": 0,
        "axis": "y",
        "origin": [
          8,
          1,
          8
        ]
      },
      "faces": {
        "north": {
          "uv": [
            3,
            0,
            6,
            2.5
          ],
          "texture": "#1"
        },
        "east": {
          "uv": [
            0,
            0,
            0,
            2.5
          ],
          "texture": "#1"
        },
        "south": {
          "uv": [
            3,
            2.5,
            6,
            5
          ],
          "texture": "#1"
        },
        "west": {
          "uv": [
            0,
            0,
            0,
            2.5
          ],
          "texture": "#1"
        },
        "up": {
          "uv": [
            3,
            0,
            0,
            0
          ],
          "texture": "#1"
        },
        "down": {
          "uv": [
            3,
            0,
            0,
            0
          ],
          "texture": "#1"
        }
      }
    },
    {
      "name": "wing2 inverted",
      "from": [
        11,
        5,
        8
      ],
      "to": [
        5,
        0,
        6
      ],
      "rotation": {
        "angle": 0,
        "axis": "y",
        "origin": [
          8,
          1,
          8
        ]
      },
      "faces": {
        "north": {
          "uv": [
            0,
            5,
            3,
            2.5
          ],
          "texture": "#1"
        },
        "east": {
          "uv": [
            4,
            2.5,
            5,
            0
          ],
          "texture": "#1"
        },
        "south": {
          "uv": [
            0,
            2.5,
            3,
            0
          ],
          "texture": "#1"
        },
        "west": {
          "uv": [
            3,
            2.5,
            4,
            0
          ],
          "texture": "#1"
        },
        "up": {
          "uv": [
            3,
            5,
            6,
            6
          ],
          "texture": "#1"
        },
        "down": {
          "uv": [
            0,
            6,
            3,
            5
          ],
          "texture": "#1"
        }
      }
    },
    {
      "name": "wing3 inverted",
      "from": [
        11,
        5,
        10
      ],
      "to": [
        5,
        0,
        10
      ],
      "rotation": {
        "angle": 0,
        "axis": "y",
        "origin": [
          8,
          1,
          8
        ]
      },
      "faces": {
        "north": {
          "uv": [
            3,
            5,
            6,
            2.5
          ],
          "texture": "#1"
        },
        "east": {
          "uv": [
            0,
            2.5,
            0,
            0
          ],
          "texture": "#1"
        },
        "south": {
          "uv": [
            3,
            2.5,
            6,
            0
          ],
          "texture": "#1"
        },
        "west": {
          "uv": [
            0,
            2.5,
            0,
            0
          ],
          "texture": "#1"
        },
        "up": {
          "uv": [
            0,
            0,
            3,
            0
          ],
          "texture": "#1"
        },
        "down": {
          "uv": [
            0,
            0,
            3,
            0
          ],
          "texture": "#1"
        }
      }
    },
    {
      "from": [
        6.3,
        0.8,
        3.8
      ],
      "to": [
        7.7,
        2.2,
        5.2
      ],
      "rotation": {
        "angle": 0,
        "axis": "y",
        "origin": [
          8,
          1,
          8
        ]
      },
      "faces": {
        "north": {
          "uv": [
            0,
            6,
            0.5,
            6.5
          ],
          "texture": "#1"
        },
        "east": {
          "uv": [
            2.5,
            6,
            3,
            6.5
          ],
          "texture": "#1"
        },
        "south": {
          "uv": [
            2,
            6,
            2.5,
            6.5
          ],
          "texture": "#1"
        },
        "west": {
          "uv": [
            1.5,
            6,
            2,
            6.5
          ],
          "texture": "#1"
        },
        "up": {
          "uv": [
            1,
            6,
            1.5,
            6.5
          ],
          "texture": "#1"
        },
        "down": {
          "uv": [
            0.5,
            6,
            1,
            6.5
          ],
          "texture": "#1"
        }
      }
    },
    {
      "from": [
        8.3,
        0.8,
        3.8
      ],
      "to": [
        9.7,
        2.2,
        5.2
      ],
      "rotation": {
        "angle": 0,
        "axis": "y",
        "origin": [
          8,
          1,
          8
        ]
      },
      "faces": {
        "north": {
          "uv": [
            0,
            6,
            0.5,
            6.5
          ],
          "texture": "#1"
        },
        "east": {
          "uv": [
            2.5,
            6,
            3,
            6.5
          ],
          "texture": "#1"
        },
        "south": {
          "uv": [
            2,
            6,
            2.5,
            6.5
          ],
          "texture": "#1"
        },
        "west": {
          "uv": [
            1.5,
            6,
            2,
            6.5
          ],
          "texture": "#1"
        },
        "up": {
          "uv": [
            1,
            6,
            1.5,
            6.5
          ],
          "texture": "#1"
        },
        "down": {
          "uv": [
            0.5,
            6,
            1,
            6.5
          ],
          "texture": "#1"
        }
      }
    }
  ],
  "gui_light": "front",
  "display": {
    "thirdperson_righthand": {
      "rotation": [
        78,
        0,
        0
      ],
      "translation": [
        0,
        0,
        2.25
      ],
      "scale": [
        0.4,
        0.4,
        0.4
      ]
    },
    "thirdperson_lefthand": {
      "rotation": [
        78,
        0,
        0
      ],
      "translation": [
        0,
        0,
        2.25
      ],
      "scale": [
        0.4,
        0.4,
        0.4
      ]
    },
    "firstperson_righthand": {
      "rotation": [
        156.5,
        50,
        -162
      ],
      "translation": [
        3,
        5.75,
        0.5
      ],
      "scale": [
        0.45,
        0.45,
        0.45
      ]
    },
    "firstperson_lefthand": {
      "rotation": [
        156.5,
        50,
        -162
      ],
      "translation": [
        3,
        5.75,
        0.5
      ],
      "scale": [
        0.45,
        0.45,
        0.45
      ]
    },
    "ground": {
      "translation": [
        0,
        5,
        0
      ],
      "scale": [
        0.5,
        0.5,
        0.5
      ]
    },
    "gui": {
      "rotation": [
        0,
        180,
        0
      ],
      "translation": [
        0,
        8.25,
        0
      ],
      "scale": [
        1.5,
        1.5,
        1.5
      ]
    },
    "head": {
      "translation": [
        0,
        13.25,
        0.5
      ],
      "scale": [
        0.8,
        0.8,
        0.8
      ]
    },
    "fixed": {
      "rotation": [
        -90,
        0,
        0
      ],
      "translation": [
        0,
        0,
        -12
      ],
      "scale": [
        1.5,
        1.5,
        1.5
      ]
    }
  },
  "groups": [
    {
      "name": "body",
      "origin": [
        8,
        8,
        8
      ],
      "color": 0,
      "children": [
        0,
        1,
        2,
        3,
        4
      ]
    },
    {
      "name": "wings",
      "origin": [
        8,
        8,
        8
      ],
      "color": 0,
      "children": [
        5,
        6,
        7,
        8
      ]
    },
    {
      "name": "eyes",
      "origin": [
        8,
        8,
        8
      ],
      "color": 0,
      "children": [
        9,
        10
      ]
    }
  ]
}