{
  "credit": "Made with Blockbench",
  "texture_size": [
    64,
    64
  ],
  "textures": {
    "0": "pelucias/neutral_mobs/nether/zombified_piglin/zombified_piglin/zombified_piglin",
    "particle": "pelucias/neutral_mobs/nether/zombified_piglin/zombified_piglin/zombified_piglin"
  },
  "elements": [
    {
      "name": "head",
      "from": [
        3,
        13,
        4
      ],
      "to": [
        13,
        21,
        12
      ],
      "rotation": {
        "angle": 0,
        "axis": "y",
        "origin": [
          8,
          15,
          8
        ]
      },
      "faces": {
        "north": {
          "uv": [
            0,
            0,
            2.5,
            2
          ],
          "texture": "#0"
        },
        "east": {
          "uv": [
            0,
            4,
            2,
            6
          ],
          "texture": "#0"
        },
        "south": {
          "uv": [
            0,
            2,
            2.5,
            4
          ],
          "texture": "#0"
        },
        "west": {
          "uv": [
            2,
            4,
            4,
            6
          ],
          "texture": "#0"
        },
        "up": {
          "uv": [
            5,
            2,
            2.5,
            0
          ],
          "texture": "#0"
        },
        "down": {
          "uv": [
            5,
            2,
            2.5,
            4
          ],
          "texture": "#0"
        }
      }
    },
    {
      "name": "body",
      "from": [
        5,
        6,
        6
      ],
      "to": [
        11,
        14,
        10
      ],
      "rotation": {
        "angle": 0,
        "axis": "y",
        "origin": [
          8,
          14,
          8
        ]
      },
      "faces": {
        "north": {
          "uv": [
            4,
            4,
            5.5,
            6
          ],
          "texture": "#0"
        },
        "east": {
          "uv": [
            5,
            2,
            6,
            4
          ],
          "texture": "#0"
        },
        "south": {
          "uv": [
            5,
            0,
            6.5,
            2
          ],
          "texture": "#0"
        },
        "west": {
          "uv": [
            5.5,
            4,
            6.5,
            6
          ],
          "texture": "#0"
        },
        "up": {
          "uv": [
            1.5,
            7,
            0,
            6
          ],
          "texture": "#0"
        },
        "down": {
          "uv": [
            3,
            6,
            1.5,
            7
          ],
          "texture": "#0"
        }
      }
    },
    {
      "name": "R arm",
      "from": [
        10,
        9,
        7
      ],
      "to": [
        14,
        11,
        9
      ],
      "rotation": {
        "angle": -45,
        "axis": "z",
        "origin": [
          13,
          11,
          8
        ]
      },
      "faces": {
        "north": {
          "uv": [
            6,
            3.25,
            7,
            3.75
          ],
          "texture": "#0"
        },
        "east": {
          "uv": [
            7,
            6.5,
            7.5,
            7
          ],
          "texture": "#0"
        },
        "south": {
          "uv": [
            6.5,
            1,
            7.5,
            1.5
          ],
          "texture": "#0"
        },
        "west": {
          "uv": [
            6.75,
            7,
            7.25,
            7.5
          ],
          "texture": "#0"
        },
        "up": {
          "uv": [
            7.5,
            2,
            6.5,
            1.5
          ],
          "texture": "#0"
        },
        "down": {
          "uv": [
            7.5,
            3.75,
            6.5,
            4.25
          ],
          "texture": "#0"
        }
      }
    },
    {
      "name": "L arm",
      "from": [
        3,
        10,
        7
      ],
      "to": [
        5,
        14,
        9
      ],
      "rotation": {
        "angle": -45,
        "axis": "z",
        "origin": [
          3,
          11,
          8
        ]
      },
      "faces": {
        "north": {
          "uv": [
            6.5,
            4.25,
            7,
            5.25
          ],
          "texture": "#0"
        },
        "east": {
          "uv": [
            0,
            7,
            0.5,
            8
          ],
          "texture": "#0"
        },
        "south": {
          "uv": [
            0.5,
            7,
            1,
            8
          ],
          "texture": "#0"
        },
        "west": {
          "uv": [
            1,
            7,
            1.5,
            8
          ],
          "texture": "#0"
        },
        "up": {
          "uv": [
            3.5,
            7.75,
            3,
            7.25
          ],
          "texture": "#0"
        },
        "down": {
          "uv": [
            4,
            7.25,
            3.5,
            7.75
          ],
          "texture": "#0"
        }
      }
    },
    {
      "name": "R leg",
      "from": [
        9.5,
        6.001,
        4
      ],
      "to": [
        11.5,
        8.001,
        7
      ],
      "rotation": {
        "angle": -22.5,
        "axis": "y",
        "origin": [
          10,
          7,
          5
        ]
      },
      "faces": {
        "north": {
          "uv": [
            4,
            7.25,
            4.5,
            7.75
          ],
          "texture": "#0"
        },
        "east": {
          "uv": [
            6.5,
            5.25,
            7.25,
            5.75
          ],
          "texture": "#0"
        },
        "south": {
          "uv": [
            4.5,
            7.25,
            5,
            7.75
          ],
          "texture": "#0"
        },
        "west": {
          "uv": [
            1.5,
            7,
            2.25,
            7.5
          ],
          "texture": "#0"
        },
        "up": {
          "uv": [
            7.5,
            2.75,
            7,
            2
          ],
          "texture": "#0"
        },
        "down": {
          "uv": [
            2.75,
            7,
            2.25,
            7.75
          ],
          "texture": "#0"
        }
      }
    },
    {
      "name": "L leg",
      "from": [
        4.5,
        6.001,
        4
      ],
      "to": [
        6.5,
        8.001,
        7
      ],
      "rotation": {
        "angle": 22.5,
        "axis": "y",
        "origin": [
          6,
          7,
          5
        ]
      },
      "faces": {
        "north": {
          "uv": [
            5,
            7.25,
            5.5,
            7.75
          ],
          "texture": "#0"
        },
        "east": {
          "uv": [
            7,
            2.75,
            7.75,
            3.25
          ],
          "texture": "#0"
        },
        "south": {
          "uv": [
            7.25,
            5,
            7.75,
            5.5
          ],
          "texture": "#0"
        },
        "west": {
          "uv": [
            7,
            3.25,
            7.75,
            3.75
          ],
          "texture": "#0"
        },
        "up": {
          "uv": [
            7.5,
            5,
            7,
            4.25
          ],
          "texture": "#0"
        },
        "down": {
          "uv": [
            7.5,
            5.75,
            7,
            6.5
          ],
          "texture": "#0"
        }
      }
    },
    {
      "name": "right_ear",
      "from": [
        2.5,
        14,
        6
      ],
      "to": [
        3.5,
        19,
        10
      ],
      "rotation": {
        "angle": -22.5,
        "axis": "z",
        "origin": [
          3,
          19,
          8
        ]
      },
      "faces": {
        "north": {
          "uv": [
            2.75,
            7,
            3,
            8.25
          ],
          "texture": "#0"
        },
        "east": {
          "uv": [
            6,
            2,
            7,
            3.25
          ],
          "texture": "#0"
        },
        "south": {
          "uv": [
            6,
            7,
            6.25,
            8.25
          ],
          "texture": "#0"
        },
        "west": {
          "uv": [
            3,
            6,
            4,
            7.25
          ],
          "texture": "#0"
        },
        "up": {
          "uv": [
            5.75,
            8.25,
            5.5,
            7.25
          ],
          "texture": "#0"
        },
        "down": {
          "uv": [
            6,
            7.25,
            5.75,
            8.25
          ],
          "texture": "#0"
        }
      }
    },
    {
      "name": "snout",
      "from": [
        6,
        13,
        3
      ],
      "to": [
        10,
        17,
        4
      ],
      "rotation": {
        "angle": 0,
        "axis": "y",
        "origin": [
          8,
          15,
          3.5
        ]
      },
      "faces": {
        "north": {
          "uv": [
            6,
            6,
            7,
            7
          ],
          "texture": "#0"
        },
        "east": {
          "uv": [
            7.5,
            1,
            7.75,
            2
          ],
          "texture": "#0"
        },
        "south": {
          "uv": [
            6.5,
            0,
            7.5,
            1
          ],
          "texture": "#0"
        },
        "west": {
          "uv": [
            1.5,
            7.5,
            1.75,
            8.5
          ],
          "texture": "#0"
        },
        "up": {
          "uv": [
            8.25,
            5.75,
            7.25,
            5.5
          ],
          "texture": "#0"
        },
        "down": {
          "uv": [
            8.5,
            2,
            7.5,
            2.25
          ],
          "texture": "#0"
        }
      }
    },
    {
      "name": "R eye",
      "from": [
        10,
        16,
        3.5
      ],
      "to": [
        12,
        18,
        5.5
      ],
      "rotation": {
        "angle": 0,
        "axis": "y",
        "origin": [
          11,
          18,
          4
        ]
      },
      "faces": {
        "north": {
          "uv": [
            1.75,
            7.5,
            2.25,
            8
          ],
          "texture": "#0"
        },
        "east": {
          "uv": [
            7.5,
            2.25,
            8,
            2.75
          ],
          "texture": "#0"
        },
        "south": {
          "uv": [
            7.5,
            3.75,
            8,
            4.25
          ],
          "texture": "#0"
        },
        "west": {
          "uv": [
            7.5,
            4.25,
            8,
            4.75
          ],
          "texture": "#0"
        },
        "up": {
          "uv": [
            8,
            6.25,
            7.5,
            5.75
          ],
          "texture": "#0"
        },
        "down": {
          "uv": [
            8,
            6.25,
            7.5,
            6.75
          ],
          "texture": "#0"
        }
      }
    },
    {
      "name": "L eye",
      "from": [
        4,
        16,
        3.5
      ],
      "to": [
        6,
        18,
        5.5
      ],
      "rotation": {
        "angle": 0,
        "axis": "y",
        "origin": [
          5,
          18,
          4
        ]
      },
      "faces": {
        "north": {
          "uv": [
            6.75,
            7.5,
            7.25,
            8
          ],
          "texture": "#0"
        },
        "east": {
          "uv": [
            7.5,
            6.75,
            8,
            7.25
          ],
          "texture": "#0"
        },
        "south": {
          "uv": [
            7.5,
            7.25,
            8,
            7.75
          ],
          "texture": "#0"
        },
        "west": {
          "uv": [
            7.75,
            0,
            8.25,
            0.5
          ],
          "texture": "#0"
        },
        "up": {
          "uv": [
            8.25,
            1,
            7.75,
            0.5
          ],
          "texture": "#0"
        },
        "down": {
          "uv": [
            8.25,
            1,
            7.75,
            1.5
          ],
          "texture": "#0"
        }
      }
    },
    {
      "name": "tusk L",
      "from": [
        5,
        13,
        3
      ],
      "to": [
        6,
        15,
        4
      ],
      "rotation": {
        "angle": 0,
        "axis": "y",
        "origin": [
          5.5,
          14,
          3.5
        ]
      },
      "faces": {
        "north": {
          "uv": [
            7.75,
            1.5,
            8,
            2
          ],
          "texture": "#0"
        },
        "east": {
          "uv": [
            2.25,
            7.75,
            2.5,
            8.25
          ],
          "texture": "#0"
        },
        "south": {
          "uv": [
            2.5,
            7.75,
            2.75,
            8.25
          ],
          "texture": "#0"
        },
        "west": {
          "uv": [
            7.75,
            2.75,
            8,
            3.25
          ],
          "texture": "#0"
        },
        "up": {
          "uv": [
            6.25,
            4,
            6,
            3.75
          ],
          "texture": "#0"
        },
        "down": {
          "uv": [
            6.5,
            3.75,
            6.25,
            4
          ],
          "texture": "#0"
        }
      }
    },
    {
      "name": "tusk R",
      "from": [
        10,
        13,
        3
      ],
      "to": [
        11,
        15,
        4
      ],
      "rotation": {
        "angle": 0,
        "axis": "y",
        "origin": [
          10.5,
          14,
          3.5
        ]
      },
      "faces": {
        "north": {
          "uv": [
            3,
            7.75,
            3.25,
            8.25
          ],
          "texture": "#0"
        },
        "east": {
          "uv": [
            3.25,
            7.75,
            3.5,
            8.25
          ],
          "texture": "#0"
        },
        "south": {
          "uv": [
            7.75,
            3.25,
            8,
            3.75
          ],
          "texture": "#0"
        },
        "west": {
          "uv": [
            3.5,
            7.75,
            3.75,
            8.25
          ],
          "texture": "#0"
        },
        "up": {
          "uv": [
            6.75,
            6,
            6.5,
            5.75
          ],
          "texture": "#0"
        },
        "down": {
          "uv": [
            7,
            5.75,
            6.75,
            6
          ],
          "texture": "#0"
        }
      }
    },
    {
      "from": [
        5,
        8.01,
        5
      ],
      "to": [
        11,
        8.01,
        6
      ],
      "rotation": {
        "angle": 0,
        "axis": "y",
        "origin": [
          6,
          6,
          5
        ]
      },
      "faces": {
        "north": {
          "uv": [
            0,
            0,
            1.5,
            0
          ],
          "texture": "#0"
        },
        "east": {
          "uv": [
            0,
            0,
            0.25,
            0
          ],
          "texture": "#0"
        },
        "south": {
          "uv": [
            0,
            0,
            1.5,
            0
          ],
          "texture": "#0"
        },
        "west": {
          "uv": [
            0,
            0,
            0.25,
            0
          ],
          "texture": "#0"
        },
        "up": {
          "uv": [
            5,
            1.75,
            6.5,
            2
          ],
          "texture": "#0"
        },
        "down": {
          "uv": [
            5,
            1.75,
            6.5,
            2
          ],
          "texture": "#0"
        }
      }
    }
  ],
  "gui_light": "front",
  "display": {
    "thirdperson_righthand": {
      "rotation": [
        45,
        0,
        0
      ],
      "translation": [
        0,
        -1.25,
        -2
      ],
      "scale": [
        0.51,
        0.51,
        0.51
      ]
    },
    "thirdperson_lefthand": {
      "rotation": [
        45,
        0,
        0
      ],
      "translation": [
        0,
        -1.25,
        -2
      ],
      "scale": [
        0.51,
        0.51,
        0.51
      ]
    },
    "firstperson_righthand": {
      "rotation": [
        -6,
        130,
        6
      ],
      "translation": [
        3,
        1.25,
        0
      ],
      "scale": [
        0.5,
        0.5,
        0.5
      ]
    },
    "firstperson_lefthand": {
      "rotation": [
        -6,
        130,
        6
      ],
      "translation": [
        3,
        1.25,
        0
      ],
      "scale": [
        0.5,
        0.5,
        0.5
      ]
    },
    "ground": {
      "scale": [
        0.6,
        0.6,
        0.6
      ]
    },
    "gui": {
      "rotation": [
        0,
        180,
        0
      ],
      "translation": [
        0,
        -5,
        0
      ],
      "scale": [
        0.9,
        0.9,
        0.9
      ]
    },
    "head": {
      "translation": [
        0,
        9,
        0
      ]
    },
    "fixed": {
      "rotation": [
        -90,
        0,
        0
      ],
      "translation": [
        0,
        0,
        -4
      ],
      "scale": [
        2,
        2,
        2
      ]
    }
  },
  "groups": [
    {
      "name": "group",
      "origin": [
        3,
        11,
        8
      ],
      "color": 0,
      "children": [
        0,
        1,
        2,
        3,
        4,
        5,
        6,
        7
      ]
    },
    {
      "name": "eyes",
      "origin": [
        8,
        8,
        8
      ],
      "color": 0,
      "children": [
        8,
        9
      ]
    },
    10,
    11,
    12
  ]
}