{
  "credit": "Made with Blockbench",
  "texture_size": [
    32,
    32
  ],
  "textures": {
    "0": "pelucias/hostile_mobs/nether/blaze/blaze/blaze",
    "particle": "pelucias/hostile_mobs/nether/blaze/blaze/blaze"
  },
  "elements": [
    {
      "name": "head",
      "from": [
        4,
        10,
        4
      ],
      "to": [
        12,
        18,
        12
      ],
      "rotation": {
        "angle": 0,
        "axis": "y",
        "origin": [
          8,
          14,
          8
        ]
      },
      "faces": {
        "north": {
          "uv": [
            0,
            0,
            4,
            4
          ],
          "texture": "#0"
        },
        "east": {
          "uv": [
            0,
            4,
            4,
            8
          ],
          "texture": "#0"
        },
        "south": {
          "uv": [
            4,
            0,
            8,
            4
          ],
          "texture": "#0"
        },
        "west": {
          "uv": [
            4,
            4,
            8,
            8
          ],
          "texture": "#0"
        },
        "up": {
          "uv": [
            4,
            12,
            0,
            8
          ],
          "texture": "#0"
        },
        "down": {
          "uv": [
            12,
            0,
            8,
            4
          ],
          "texture": "#0"
        }
      }
    },
    {
      "name": "body1",
      "from": [
        5,
        5,
        5
      ],
      "to": [
        11,
        10,
        11
      ],
      "rotation": {
        "angle": 0,
        "axis": "y",
        "origin": [
          8,
          6,
          8
        ]
      },
      "faces": {
        "north": {
          "uv": [
            7,
            8,
            10,
            10.5
          ],
          "texture": "#0"
        },
        "east": {
          "uv": [
            10,
            7,
            13,
            9.5
          ],
          "texture": "#0"
        },
        "south": {
          "uv": [
            10,
            9.5,
            13,
            12
          ],
          "texture": "#0"
        },
        "west": {
          "uv": [
            7,
            10.5,
            10,
            13
          ],
          "texture": "#0"
        },
        "up": {
          "uv": [
            7,
            11,
            4,
            8
          ],
          "texture": "#0"
        },
        "down": {
          "uv": [
            11,
            4,
            8,
            7
          ],
          "texture": "#0"
        }
      }
    },
    {
      "name": "body2",
      "from": [
        6,
        0,
        6
      ],
      "to": [
        10,
        5,
        10
      ],
      "rotation": {
        "angle": 0,
        "axis": "y",
        "origin": [
          8,
          1,
          8
        ]
      },
      "faces": {
        "north": {
          "uv": [
            4,
            11,
            6,
            13.5
          ],
          "texture": "#0"
        },
        "east": {
          "uv": [
            11,
            4,
            13,
            6.5
          ],
          "texture": "#0"
        },
        "south": {
          "uv": [
            0,
            12,
            2,
            14.5
          ],
          "texture": "#0"
        },
        "west": {
          "uv": [
            12,
            0,
            14,
            2.5
          ],
          "texture": "#0"
        },
        "up": {
          "uv": [
            4,
            14,
            2,
            12
          ],
          "texture": "#0"
        },
        "down": {
          "uv": [
            12,
            12,
            10,
            14
          ],
          "texture": "#0"
        }
      }
    },
    {
      "name": "rod1",
      "from": [
        3.9,
        5.4,
        3.9
      ],
      "to": [
        5.1,
        9.6,
        5.1
      ],
      "rotation": {
        "angle": 0,
        "axis": "y",
        "origin": [
          4.5,
          7.5,
          4.5
        ]
      },
      "faces": {
        "north": {
          "uv": [
            6,
            11,
            6.5,
            13
          ],
          "texture": "#0"
        },
        "east": {
          "uv": [
            6,
            11,
            6.5,
            13
          ],
          "texture": "#0"
        },
        "south": {
          "uv": [
            6,
            11,
            6.5,
            13
          ],
          "texture": "#0"
        },
        "west": {
          "uv": [
            6,
            11,
            6.5,
            13
          ],
          "texture": "#0"
        },
        "up": {
          "uv": [
            8,
            7,
            8.5,
            7.5
          ],
          "texture": "#0"
        },
        "down": {
          "uv": [
            8,
            7.5,
            8.5,
            8
          ],
          "texture": "#0"
        }
      }
    },
    {
      "name": "rod2",
      "from": [
        10.9,
        5.4,
        3.9
      ],
      "to": [
        12.1,
        9.6,
        5.1
      ],
      "rotation": {
        "angle": 0,
        "axis": "y",
        "origin": [
          11.5,
          7.5,
          4.5
        ]
      },
      "faces": {
        "north": {
          "uv": [
            6,
            11,
            6.5,
            13
          ],
          "texture": "#0"
        },
        "east": {
          "uv": [
            6,
            11,
            6.5,
            13
          ],
          "texture": "#0"
        },
        "south": {
          "uv": [
            6,
            11,
            6.5,
            13
          ],
          "texture": "#0"
        },
        "west": {
          "uv": [
            6,
            11,
            6.5,
            13
          ],
          "texture": "#0"
        },
        "up": {
          "uv": [
            8,
            7,
            8.5,
            7.5
          ],
          "texture": "#0"
        },
        "down": {
          "uv": [
            8,
            7.5,
            8.5,
            8
          ],
          "texture": "#0"
        }
      }
    },
    {
      "name": "rod3",
      "from": [
        3.9,
        5.4,
        10.9
      ],
      "to": [
        5.1,
        9.6,
        12.1
      ],
      "rotation": {
        "angle": 0,
        "axis": "y",
        "origin": [
          4.5,
          7.5,
          11.5
        ]
      },
      "faces": {
        "north": {
          "uv": [
            12,
            12,
            12.5,
            14
          ],
          "texture": "#0"
        },
        "east": {
          "uv": [
            12,
            12,
            12.5,
            14
          ],
          "texture": "#0"
        },
        "south": {
          "uv": [
            12,
            12,
            12.5,
            14
          ],
          "texture": "#0"
        },
        "west": {
          "uv": [
            12,
            12,
            12.5,
            14
          ],
          "texture": "#0"
        },
        "up": {
          "uv": [
            8,
            7,
            8.5,
            7.5
          ],
          "texture": "#0"
        },
        "down": {
          "uv": [
            8,
            7.5,
            8.5,
            8
          ],
          "texture": "#0"
        }
      }
    },
    {
      "name": "rod4",
      "from": [
        10.9,
        5.4,
        10.9
      ],
      "to": [
        12.1,
        9.6,
        12.1
      ],
      "rotation": {
        "angle": 0,
        "axis": "y",
        "origin": [
          11.5,
          7.5,
          11.5
        ]
      },
      "faces": {
        "north": {
          "uv": [
            6.5,
            11,
            7,
            13
          ],
          "texture": "#0"
        },
        "east": {
          "uv": [
            6.5,
            11,
            7,
            13
          ],
          "texture": "#0"
        },
        "south": {
          "uv": [
            6.5,
            11,
            7,
            13
          ],
          "texture": "#0"
        },
        "west": {
          "uv": [
            6.5,
            11,
            7,
            13
          ],
          "texture": "#0"
        },
        "up": {
          "uv": [
            8,
            7,
            8.5,
            7.5
          ],
          "texture": "#0"
        },
        "down": {
          "uv": [
            8,
            7.5,
            8.5,
            8
          ],
          "texture": "#0"
        }
      }
    },
    {
      "name": "rod5",
      "from": [
        4.4,
        4.9,
        7.4
      ],
      "to": [
        5.6,
        9.1,
        8.6
      ],
      "rotation": {
        "angle": 0,
        "axis": "y",
        "origin": [
          5,
          7,
          8
        ]
      },
      "faces": {
        "north": {
          "uv": [
            6.5,
            11,
            7,
            13
          ],
          "texture": "#0"
        },
        "east": {
          "uv": [
            6.5,
            11,
            7,
            13
          ],
          "texture": "#0"
        },
        "south": {
          "uv": [
            6.5,
            11,
            7,
            13
          ],
          "texture": "#0"
        },
        "west": {
          "uv": [
            6.5,
            11,
            7,
            13
          ],
          "texture": "#0"
        },
        "up": {
          "uv": [
            8,
            7,
            8.5,
            7.5
          ],
          "texture": "#0"
        },
        "down": {
          "uv": [
            8,
            7.5,
            8.5,
            8
          ],
          "texture": "#0"
        }
      }
    },
    {
      "name": "rod6",
      "from": [
        7.4,
        4.9,
        10.4
      ],
      "to": [
        8.6,
        9.1,
        11.6
      ],
      "rotation": {
        "angle": 0,
        "axis": "y",
        "origin": [
          8,
          7,
          11
        ]
      },
      "faces": {
        "north": {
          "uv": [
            12.5,
            12,
            13,
            14
          ],
          "texture": "#0"
        },
        "east": {
          "uv": [
            12.5,
            12,
            13,
            14
          ],
          "texture": "#0"
        },
        "south": {
          "uv": [
            12.5,
            12,
            13,
            14
          ],
          "texture": "#0"
        },
        "west": {
          "uv": [
            12.5,
            12,
            13,
            14
          ],
          "texture": "#0"
        },
        "up": {
          "uv": [
            8,
            7,
            8.5,
            7.5
          ],
          "texture": "#0"
        },
        "down": {
          "uv": [
            8,
            7.5,
            8.5,
            8
          ],
          "texture": "#0"
        }
      }
    },
    {
      "name": "rod7",
      "from": [
        10.4,
        4.9,
        7.4
      ],
      "to": [
        11.6,
        9.1,
        8.6
      ],
      "rotation": {
        "angle": 0,
        "axis": "y",
        "origin": [
          11,
          7,
          8
        ]
      },
      "faces": {
        "north": {
          "uv": [
            12,
            12,
            12.5,
            14
          ],
          "texture": "#0"
        },
        "east": {
          "uv": [
            12,
            12,
            12.5,
            14
          ],
          "texture": "#0"
        },
        "south": {
          "uv": [
            12,
            12,
            12.5,
            14
          ],
          "texture": "#0"
        },
        "west": {
          "uv": [
            12,
            12,
            12.5,
            14
          ],
          "texture": "#0"
        },
        "up": {
          "uv": [
            8,
            7,
            8.5,
            7.5
          ],
          "texture": "#0"
        },
        "down": {
          "uv": [
            8,
            7.5,
            8.5,
            8
          ],
          "texture": "#0"
        }
      }
    },
    {
      "name": "rod8",
      "from": [
        7.4,
        4.9,
        4.4
      ],
      "to": [
        8.6,
        9.1,
        5.6
      ],
      "rotation": {
        "angle": 0,
        "axis": "y",
        "origin": [
          8,
          7,
          5
        ]
      },
      "faces": {
        "north": {
          "uv": [
            6,
            11,
            6.5,
            13
          ],
          "texture": "#0"
        },
        "east": {
          "uv": [
            6.5,
            11,
            7,
            13
          ],
          "texture": "#0"
        },
        "south": {
          "uv": [
            12,
            12,
            12.5,
            14
          ],
          "texture": "#0"
        },
        "west": {
          "uv": [
            12.5,
            12,
            13,
            14
          ],
          "texture": "#0"
        },
        "up": {
          "uv": [
            8.5,
            7.5,
            8,
            7
          ],
          "texture": "#0"
        },
        "down": {
          "uv": [
            8.5,
            7.5,
            8,
            8
          ],
          "texture": "#0"
        }
      }
    },
    {
      "name": "rod9",
      "from": [
        7.4,
        0.4,
        9.9
      ],
      "to": [
        8.6,
        4.6,
        11.1
      ],
      "rotation": {
        "angle": 0,
        "axis": "y",
        "origin": [
          8,
          2,
          10.5
        ]
      },
      "faces": {
        "north": {
          "uv": [
            6,
            11,
            6.5,
            13
          ],
          "texture": "#0"
        },
        "east": {
          "uv": [
            6,
            11,
            6.5,
            13
          ],
          "texture": "#0"
        },
        "south": {
          "uv": [
            6,
            11,
            6.5,
            13
          ],
          "texture": "#0"
        },
        "west": {
          "uv": [
            6,
            11,
            6.5,
            13
          ],
          "texture": "#0"
        },
        "up": {
          "uv": [
            8,
            7,
            8.5,
            7.5
          ],
          "texture": "#0"
        },
        "down": {
          "uv": [
            8,
            7.5,
            8.5,
            8
          ],
          "texture": "#0"
        }
      }
    },
    {
      "name": "rod10",
      "from": [
        9.9,
        0.4,
        7.4
      ],
      "to": [
        11.1,
        4.6,
        8.6
      ],
      "rotation": {
        "angle": 0,
        "axis": "y",
        "origin": [
          11,
          2,
          8
        ]
      },
      "faces": {
        "north": {
          "uv": [
            12,
            12,
            12.5,
            14
          ],
          "texture": "#0"
        },
        "east": {
          "uv": [
            12,
            12,
            12.5,
            14
          ],
          "texture": "#0"
        },
        "south": {
          "uv": [
            12,
            12,
            12.5,
            14
          ],
          "texture": "#0"
        },
        "west": {
          "uv": [
            12,
            12,
            12.5,
            14
          ],
          "texture": "#0"
        },
        "up": {
          "uv": [
            8,
            7,
            8.5,
            7.5
          ],
          "texture": "#0"
        },
        "down": {
          "uv": [
            8,
            7.5,
            8.5,
            8
          ],
          "texture": "#0"
        }
      }
    },
    {
      "name": "rod11",
      "from": [
        7.4,
        0.4,
        4.9
      ],
      "to": [
        8.6,
        4.6,
        6.1
      ],
      "rotation": {
        "angle": 0,
        "axis": "y",
        "origin": [
          8,
          2,
          5.5
        ]
      },
      "faces": {
        "north": {
          "uv": [
            6.5,
            11,
            7,
            13
          ],
          "texture": "#0"
        },
        "east": {
          "uv": [
            6.5,
            11,
            7,
            13
          ],
          "texture": "#0"
        },
        "south": {
          "uv": [
            6.5,
            11,
            7,
            13
          ],
          "texture": "#0"
        },
        "west": {
          "uv": [
            6.5,
            11,
            7,
            13
          ],
          "texture": "#0"
        },
        "up": {
          "uv": [
            8,
            7,
            8.5,
            7.5
          ],
          "texture": "#0"
        },
        "down": {
          "uv": [
            8,
            7.5,
            8.5,
            8
          ],
          "texture": "#0"
        }
      }
    },
    {
      "name": "rod12",
      "from": [
        4.9,
        0.4,
        7.4
      ],
      "to": [
        6.1,
        4.6,
        8.6
      ],
      "rotation": {
        "angle": 0,
        "axis": "y",
        "origin": [
          6,
          2,
          8
        ]
      },
      "faces": {
        "north": {
          "uv": [
            6.5,
            11,
            7,
            13
          ],
          "texture": "#0"
        },
        "east": {
          "uv": [
            6.5,
            11,
            7,
            13
          ],
          "texture": "#0"
        },
        "south": {
          "uv": [
            6.5,
            11,
            7,
            13
          ],
          "texture": "#0"
        },
        "west": {
          "uv": [
            6.5,
            11,
            7,
            13
          ],
          "texture": "#0"
        },
        "up": {
          "uv": [
            8,
            7,
            8.5,
            7.5
          ],
          "texture": "#0"
        },
        "down": {
          "uv": [
            8,
            7.5,
            8.5,
            8
          ],
          "texture": "#0"
        }
      }
    },
    {
      "name": "L eye",
      "from": [
        5,
        13,
        3.5
      ],
      "to": [
        7,
        15,
        4.5
      ],
      "rotation": {
        "angle": 0,
        "axis": "y",
        "origin": [
          6,
          14,
          4
        ]
      },
      "faces": {
        "north": {
          "uv": [
            15,
            15,
            16,
            16
          ],
          "texture": "#0"
        },
        "east": {
          "uv": [
            15,
            14,
            15.5,
            15
          ],
          "texture": "#0"
        },
        "south": {
          "uv": [
            14,
            14,
            15,
            15
          ],
          "texture": "#0"
        },
        "west": {
          "uv": [
            15.5,
            14,
            16,
            15
          ],
          "texture": "#0"
        },
        "up": {
          "uv": [
            14,
            15,
            15,
            15.5
          ],
          "texture": "#0"
        },
        "down": {
          "uv": [
            14,
            15.5,
            15,
            16
          ],
          "texture": "#0"
        }
      }
    },
    {
      "name": "R eye",
      "from": [
        9,
        13,
        3.5
      ],
      "to": [
        11,
        15,
        4.5
      ],
      "rotation": {
        "angle": 0,
        "axis": "y",
        "origin": [
          10,
          14,
          4
        ]
      },
      "faces": {
        "north": {
          "uv": [
            15,
            15,
            16,
            16
          ],
          "texture": "#0"
        },
        "east": {
          "uv": [
            15,
            14,
            15.5,
            15
          ],
          "texture": "#0"
        },
        "south": {
          "uv": [
            14,
            14,
            15,
            15
          ],
          "texture": "#0"
        },
        "west": {
          "uv": [
            15.5,
            14,
            16,
            15
          ],
          "texture": "#0"
        },
        "up": {
          "uv": [
            14,
            15,
            15,
            15.5
          ],
          "texture": "#0"
        },
        "down": {
          "uv": [
            14,
            15.5,
            15,
            16
          ],
          "texture": "#0"
        }
      }
    }
  ],
  "gui_light": "front",
  "display": {
    "thirdperson_righthand": {
      "rotation": [
        45,
        0,
        0
      ],
      "translation": [
        0,
        0.75,
        -0.75
      ],
      "scale": [
        0.51,
        0.51,
        0.51
      ]
    },
    "thirdperson_lefthand": {
      "rotation": [
        45,
        0,
        0
      ],
      "translation": [
        0,
        0.75,
        -0.75
      ],
      "scale": [
        0.51,
        0.51,
        0.51
      ]
    },
    "firstperson_righthand": {
      "rotation": [
        -6,
        130,
        6
      ],
      "translation": [
        3,
        3.25,
        0
      ],
      "scale": [
        0.5,
        0.5,
        0.5
      ]
    },
    "firstperson_lefthand": {
      "rotation": [
        -6,
        130,
        6
      ],
      "translation": [
        3,
        3.25,
        0
      ],
      "scale": [
        0.5,
        0.5,
        0.5
      ]
    },
    "ground": {
      "translation": [
        0,
        5,
        0
      ],
      "scale": [
        0.6,
        0.6,
        0.6
      ]
    },
    "gui": {
      "rotation": [
        3,
        180,
        0
      ],
      "translation": [
        0,
        -1,
        0
      ],
      "scale": [
        0.8,
        0.8,
        0.8
      ]
    },
    "head": {
      "translation": [
        0,
        14.75,
        0
      ]
    },
    "fixed": {
      "rotation": [
        -90,
        0,
        0
      ],
      "translation": [
        0,
        0,
        -16.25
      ],
      "scale": [
        2,
        2,
        2
      ]
    }
  },
  "groups": [
    {
      "name": "body",
      "origin": [
        8,
        8,
        8
      ],
      "color": 0,
      "children": [
        0,
        1,
        2,
        3,
        4,
        5,
        6,
        7,
        8,
        9,
        10,
        11,
        12,
        13,
        14
      ]
    },
    {
      "name": "eyes",
      "origin": [
        8,
        8,
        8
      ],
      "color": 0,
      "children": [
        15,
        16
      ]
    }
  ]
}