{
  "credit": "Made with Blockbench",
  "texture_size": [
    32,
    32
  ],
  "textures": {
    "1": "pelucias/hostile_mobs/overvorld/drowned/drowned/drowned_plushie1",
    "particle": "pelucias/hostile_mobs/overvorld/drowned/drowned/drowned_plushie1"
  },
  "elements": [
    {
      "name": "head",
      "from": [
        4,
        13,
        4
      ],
      "to": [
        12,
        21,
        12
      ],
      "rotation": {
        "angle": 0,
        "axis": "y",
        "origin": [
          8,
          15,
          8
        ]
      },
      "faces": {
        "north": {
          "uv": [
            0,
            0,
            4,
            4
          ],
          "texture": "#particle"
        },
        "east": {
          "uv": [
            0,
            4,
            4,
            8
          ],
          "texture": "#particle"
        },
        "south": {
          "uv": [
            4,
            0,
            8,
            4
          ],
          "texture": "#particle"
        },
        "west": {
          "uv": [
            4,
            4,
            8,
            8
          ],
          "texture": "#particle"
        },
        "up": {
          "uv": [
            4,
            12,
            0,
            8
          ],
          "texture": "#particle"
        },
        "down": {
          "uv": [
            12,
            0,
            8,
            4
          ],
          "texture": "#particle"
        }
      }
    },
    {
      "name": "head2",
      "from": [
        4.2,
        13.2,
        4.2
      ],
      "to": [
        11.8,
        20.8,
        11.8
      ],
      "rotation": {
        "angle": 0,
        "axis": "y",
        "origin": [
          4,
          13,
          4
        ]
      },
      "faces": {
        "north": {
          "uv": [
            0,
            0,
            4,
            4
          ],
          "texture": "#1"
        },
        "east": {
          "uv": [
            0,
            4,
            4,
            8
          ],
          "texture": "#1"
        },
        "south": {
          "uv": [
            4,
            0,
            8,
            4
          ],
          "texture": "#1"
        },
        "west": {
          "uv": [
            4,
            4,
            8,
            8
          ],
          "texture": "#1"
        },
        "up": {
          "uv": [
            4,
            12,
            0,
            8
          ],
          "texture": "#1"
        },
        "down": {
          "uv": [
            12,
            0,
            8,
            4
          ],
          "texture": "#1"
        }
      }
    },
    {
      "name": "body",
      "from": [
        5,
        6,
        6
      ],
      "to": [
        11,
        14,
        10
      ],
      "rotation": {
        "angle": 0,
        "axis": "y",
        "origin": [
          8,
          14,
          8
        ]
      },
      "faces": {
        "north": {
          "uv": [
            4,
            8,
            7,
            12
          ],
          "texture": "#particle"
        },
        "east": {
          "uv": [
            7,
            8,
            9,
            12
          ],
          "texture": "#particle"
        },
        "south": {
          "uv": [
            8,
            4,
            11,
            8
          ],
          "texture": "#particle"
        },
        "west": {
          "uv": [
            9,
            8,
            11,
            12
          ],
          "texture": "#particle"
        },
        "up": {
          "uv": [
            14,
            6,
            11,
            4
          ],
          "texture": "#particle"
        },
        "down": {
          "uv": [
            14,
            6,
            11,
            8
          ],
          "texture": "#particle"
        }
      }
    },
    {
      "name": "body2",
      "from": [
        5.2,
        6.2,
        6.2
      ],
      "to": [
        10.8,
        13.8,
        9.8
      ],
      "rotation": {
        "angle": 0,
        "axis": "y",
        "origin": [
          5,
          6,
          6
        ]
      },
      "faces": {
        "north": {
          "uv": [
            4,
            8,
            7,
            12
          ],
          "texture": "#1"
        },
        "east": {
          "uv": [
            7,
            8,
            9,
            12
          ],
          "texture": "#1"
        },
        "south": {
          "uv": [
            8,
            4,
            11,
            8
          ],
          "texture": "#1"
        },
        "west": {
          "uv": [
            9,
            8,
            11,
            12
          ],
          "texture": "#1"
        },
        "up": {
          "uv": [
            14,
            6,
            11,
            4
          ],
          "texture": "#1"
        },
        "down": {
          "uv": [
            14,
            6,
            11,
            8
          ],
          "texture": "#1"
        }
      }
    },
    {
      "name": "R arm",
      "from": [
        10,
        9,
        7
      ],
      "to": [
        14,
        11,
        9
      ],
      "rotation": {
        "angle": -45,
        "axis": "z",
        "origin": [
          13,
          11,
          8
        ]
      },
      "faces": {
        "north": {
          "uv": [
            11,
            8,
            13,
            9
          ],
          "texture": "#particle"
        },
        "east": {
          "uv": [
            13,
            1,
            14,
            2
          ],
          "texture": "#particle"
        },
        "south": {
          "uv": [
            11,
            9,
            13,
            10
          ],
          "texture": "#particle"
        },
        "west": {
          "uv": [
            3,
            13,
            4,
            14
          ],
          "texture": "#particle"
        },
        "up": {
          "uv": [
            13,
            11,
            11,
            10
          ],
          "texture": "#particle"
        },
        "down": {
          "uv": [
            13,
            11,
            11,
            12
          ],
          "texture": "#particle"
        }
      }
    },
    {
      "name": "L arm",
      "from": [
        3,
        10,
        7
      ],
      "to": [
        5,
        14,
        9
      ],
      "rotation": {
        "angle": -45,
        "axis": "z",
        "origin": [
          3,
          11,
          8
        ]
      },
      "faces": {
        "north": {
          "uv": [
            0,
            12,
            1,
            14
          ],
          "texture": "#particle"
        },
        "east": {
          "uv": [
            12,
            0,
            13,
            2
          ],
          "texture": "#particle"
        },
        "south": {
          "uv": [
            1,
            12,
            2,
            14
          ],
          "texture": "#particle"
        },
        "west": {
          "uv": [
            2,
            12,
            3,
            14
          ],
          "texture": "#particle"
        },
        "up": {
          "uv": [
            7.5,
            14,
            6.5,
            13
          ],
          "texture": "#particle"
        },
        "down": {
          "uv": [
            14,
            8,
            13,
            9
          ],
          "texture": "#particle"
        }
      }
    },
    {
      "name": "R leg",
      "from": [
        9.5,
        6.001,
        4
      ],
      "to": [
        11.5,
        8.001,
        7
      ],
      "rotation": {
        "angle": -22.5,
        "axis": "y",
        "origin": [
          10,
          7,
          5
        ]
      },
      "faces": {
        "north": {
          "uv": [
            10,
            12,
            11,
            13
          ],
          "texture": "#particle"
        },
        "east": {
          "uv": [
            12,
            2,
            13.5,
            3
          ],
          "texture": "#particle"
        },
        "south": {
          "uv": [
            11,
            12,
            12,
            13
          ],
          "texture": "#particle"
        },
        "west": {
          "uv": [
            3,
            12,
            4.5,
            13
          ],
          "texture": "#particle"
        },
        "up": {
          "uv": [
            5.5,
            13.5,
            4.5,
            12
          ],
          "texture": "#particle"
        },
        "down": {
          "uv": [
            6.5,
            12,
            5.5,
            13.5
          ],
          "texture": "#particle"
        }
      }
    },
    {
      "name": "L leg",
      "from": [
        4.5,
        6.001,
        4
      ],
      "to": [
        6.5,
        8.001,
        7
      ],
      "rotation": {
        "angle": 22.5,
        "axis": "y",
        "origin": [
          6,
          7,
          5
        ]
      },
      "faces": {
        "north": {
          "uv": [
            12,
            12,
            13,
            13
          ],
          "texture": "#particle"
        },
        "east": {
          "uv": [
            12,
            3,
            13.5,
            4
          ],
          "texture": "#particle"
        },
        "south": {
          "uv": [
            13,
            0,
            14,
            1
          ],
          "texture": "#particle"
        },
        "west": {
          "uv": [
            6.5,
            12,
            8,
            13
          ],
          "texture": "#particle"
        },
        "up": {
          "uv": [
            9,
            13.5,
            8,
            12
          ],
          "texture": "#particle"
        },
        "down": {
          "uv": [
            10,
            12,
            9,
            13.5
          ],
          "texture": "#particle"
        }
      }
    },
    {
      "name": "head inverted",
      "from": [
        12,
        21,
        12
      ],
      "to": [
        4,
        13,
        4
      ],
      "rotation": {
        "angle": 0,
        "axis": "y",
        "origin": [
          8,
          15,
          8
        ]
      },
      "faces": {
        "north": {
          "uv": [
            4,
            4,
            8,
            0
          ],
          "texture": "#particle"
        },
        "east": {
          "uv": [
            4,
            8,
            8,
            4
          ],
          "texture": "#particle"
        },
        "south": {
          "uv": [
            0,
            4,
            4,
            0
          ],
          "texture": "#particle"
        },
        "west": {
          "uv": [
            0,
            8,
            4,
            4
          ],
          "texture": "#particle"
        },
        "up": {
          "uv": [
            8,
            0,
            12,
            4
          ],
          "texture": "#particle"
        },
        "down": {
          "uv": [
            0,
            12,
            4,
            8
          ],
          "texture": "#particle"
        }
      }
    },
    {
      "name": "body inverted",
      "from": [
        11,
        14,
        10
      ],
      "to": [
        5,
        6,
        6
      ],
      "rotation": {
        "angle": 0,
        "axis": "y",
        "origin": [
          8,
          14,
          8
        ]
      },
      "faces": {
        "north": {
          "uv": [
            8,
            8,
            11,
            4
          ],
          "texture": "#particle"
        },
        "east": {
          "uv": [
            9,
            12,
            11,
            8
          ],
          "texture": "#particle"
        },
        "south": {
          "uv": [
            4,
            12,
            7,
            8
          ],
          "texture": "#particle"
        },
        "west": {
          "uv": [
            7,
            12,
            9,
            8
          ],
          "texture": "#particle"
        },
        "up": {
          "uv": [
            11,
            6,
            14,
            8
          ],
          "texture": "#particle"
        },
        "down": {
          "uv": [
            11,
            6,
            14,
            4
          ],
          "texture": "#particle"
        }
      }
    },
    {
      "name": "R eye",
      "from": [
        9,
        15,
        3.5
      ],
      "to": [
        11,
        17,
        5.5
      ],
      "rotation": {
        "angle": 0,
        "axis": "y",
        "origin": [
          10,
          17,
          4
        ]
      },
      "faces": {
        "north": {
          "uv": [
            13,
            9,
            14,
            10
          ],
          "texture": "#particle"
        },
        "east": {
          "uv": [
            10,
            13,
            11,
            14
          ],
          "texture": "#particle"
        },
        "south": {
          "uv": [
            13,
            10,
            14,
            11
          ],
          "texture": "#particle"
        },
        "west": {
          "uv": [
            11,
            13,
            12,
            14
          ],
          "texture": "#particle"
        },
        "up": {
          "uv": [
            14,
            12,
            13,
            11
          ],
          "texture": "#particle"
        },
        "down": {
          "uv": [
            13,
            13,
            12,
            14
          ],
          "texture": "#particle"
        }
      }
    },
    {
      "name": "L eye",
      "from": [
        5,
        15,
        3.5
      ],
      "to": [
        7,
        17,
        5.5
      ],
      "rotation": {
        "angle": 0,
        "axis": "y",
        "origin": [
          6,
          17,
          4
        ]
      },
      "faces": {
        "north": {
          "uv": [
            13,
            12,
            14,
            13
          ],
          "texture": "#particle"
        },
        "east": {
          "uv": [
            13,
            13,
            14,
            14
          ],
          "texture": "#particle"
        },
        "south": {
          "uv": [
            13.5,
            2,
            14.5,
            3
          ],
          "texture": "#particle"
        },
        "west": {
          "uv": [
            13.5,
            3,
            14.5,
            4
          ],
          "texture": "#particle"
        },
        "up": {
          "uv": [
            5,
            14.5,
            4,
            13.5
          ],
          "texture": "#particle"
        },
        "down": {
          "uv": [
            6,
            13.5,
            5,
            14.5
          ],
          "texture": "#particle"
        }
      }
    }
  ],
  "gui_light": "front",
  "display": {
    "thirdperson_righthand": {
      "rotation": [
        45,
        0,
        0
      ],
      "translation": [
        0,
        -1.25,
        -2
      ],
      "scale": [
        0.51,
        0.51,
        0.51
      ]
    },
    "thirdperson_lefthand": {
      "rotation": [
        45,
        0,
        0
      ],
      "translation": [
        0,
        -1.25,
        -2
      ],
      "scale": [
        0.51,
        0.51,
        0.51
      ]
    },
    "firstperson_righthand": {
      "rotation": [
        -6,
        130,
        6
      ],
      "translation": [
        3,
        1.25,
        0
      ],
      "scale": [
        0.5,
        0.5,
        0.5
      ]
    },
    "firstperson_lefthand": {
      "rotation": [
        -6,
        130,
        6
      ],
      "translation": [
        3,
        1.25,
        0
      ],
      "scale": [
        0.5,
        0.5,
        0.5
      ]
    },
    "ground": {
      "scale": [
        0.6,
        0.6,
        0.6
      ]
    },
    "gui": {
      "rotation": [
        0,
        180,
        0
      ],
      "translation": [
        0,
        -5.25,
        0
      ],
      "scale": [
        0.9,
        0.9,
        0.9
      ]
    },
    "head": {
      "translation": [
        0,
        9,
        0
      ]
    },
    "fixed": {
      "rotation": [
        -90,
        0,
        0
      ],
      "translation": [
        0,
        0,
        -4
      ],
      "scale": [
        2,
        2,
        2
      ]
    }
  },
  "groups": [
    {
      "name": "group",
      "origin": [
        3,
        11,
        8
      ],
      "color": 0,
      "children": [
        0,
        1,
        2,
        3,
        4,
        5,
        6,
        7,
        8,
        9
      ]
    },
    {
      "name": "eyes",
      "origin": [
        8,
        8,
        8
      ],
      "color": 0,
      "children": [
        10,
        11
      ]
    }
  ]
}