{
  "credit": "Made with Blockbench",
  "texture_size": [
    64,
    64
  ],
  "textures": {
    "1": "pelucias/hostile_mobs/overvorld/zombie_villagers/snow/snow_zombie_villager/snow_zombie_villager",
    "particle": "minecraft:pelucias/hostile_mobs/overvorld/zombie_villagers/snow/snow_zombie_villager/snow_zombie_villager"
  },
  "elements": [
    {
      "name": "head",
      "from": [
        4,
        13,
        4
      ],
      "to": [
        12,
        23,
        12
      ],
      "rotation": {
        "angle": 0,
        "axis": "y",
        "origin": [
          8,
          15,
          8
        ]
      },
      "faces": {
        "north": {
          "uv": [
            0,
            0,
            2,
            2.5
          ],
          "texture": "#1"
        },
        "east": {
          "uv": [
            2,
            0,
            4,
            2.5
          ],
          "texture": "#1"
        },
        "south": {
          "uv": [
            0,
            2.5,
            2,
            5
          ],
          "texture": "#1"
        },
        "west": {
          "uv": [
            2,
            2.5,
            4,
            5
          ],
          "texture": "#1"
        },
        "up": {
          "uv": [
            6,
            2,
            4,
            0
          ],
          "texture": "#1"
        },
        "down": {
          "uv": [
            6,
            2,
            4,
            4
          ],
          "texture": "#1"
        }
      }
    },
    {
      "name": "hat",
      "from": [
        3.499,
        12.499,
        3.499
      ],
      "to": [
        12.501,
        23.501,
        12.501
      ],
      "rotation": {
        "angle": 0,
        "axis": "y",
        "origin": [
          8,
          15,
          8
        ]
      },
      "faces": {
        "north": {
          "uv": [
            10,
            0,
            12,
            2.5
          ],
          "texture": "#1"
        },
        "east": {
          "uv": [
            12,
            0,
            14,
            2.5
          ],
          "texture": "#1"
        },
        "south": {
          "uv": [
            10,
            2.5,
            12,
            5
          ],
          "texture": "#1"
        },
        "west": {
          "uv": [
            12,
            2.5,
            14,
            5
          ],
          "texture": "#1"
        },
        "up": {
          "uv": [
            16,
            2,
            14,
            0
          ],
          "texture": "#1"
        },
        "down": {
          "uv": [
            16,
            2,
            14,
            4
          ],
          "texture": "#1"
        }
      }
    },
    {
      "name": "nose",
      "from": [
        7,
        12,
        2
      ],
      "to": [
        9,
        16,
        4
      ],
      "rotation": {
        "angle": 0,
        "axis": "y",
        "origin": [
          8,
          15,
          3
        ]
      },
      "faces": {
        "north": {
          "uv": [
            4,
            6,
            4.5,
            7
          ],
          "texture": "#1"
        },
        "east": {
          "uv": [
            4.5,
            6,
            5,
            7
          ],
          "texture": "#1"
        },
        "south": {
          "uv": [
            5,
            6,
            5.5,
            7
          ],
          "texture": "#1"
        },
        "west": {
          "uv": [
            5.5,
            6,
            6,
            7
          ],
          "texture": "#1"
        },
        "up": {
          "uv": [
            6,
            7.5,
            5.5,
            7
          ],
          "texture": "#1"
        },
        "down": {
          "uv": [
            7.5,
            5.5,
            7,
            6
          ],
          "texture": "#1"
        }
      }
    },
    {
      "name": "body",
      "from": [
        5,
        6,
        6
      ],
      "to": [
        11,
        14,
        10
      ],
      "rotation": {
        "angle": 0,
        "axis": "y",
        "origin": [
          8,
          14,
          8
        ]
      },
      "faces": {
        "north": {
          "uv": [
            4,
            4,
            5.5,
            6
          ],
          "texture": "#1"
        },
        "east": {
          "uv": [
            1.5,
            5,
            2.5,
            7
          ],
          "texture": "#1"
        },
        "south": {
          "uv": [
            0,
            5,
            1.5,
            7
          ],
          "texture": "#1"
        },
        "west": {
          "uv": [
            2.5,
            5,
            3.5,
            7
          ],
          "texture": "#1"
        },
        "up": {
          "uv": [
            7,
            5,
            5.5,
            4
          ],
          "texture": "#1"
        },
        "down": {
          "uv": [
            7,
            5,
            5.5,
            6
          ],
          "texture": "#1"
        }
      }
    },
    {
      "name": "R arm",
      "from": [
        10,
        9,
        7
      ],
      "to": [
        14,
        11,
        9
      ],
      "rotation": {
        "angle": -45,
        "axis": "z",
        "origin": [
          13,
          11,
          8
        ]
      },
      "faces": {
        "north": {
          "uv": [
            6,
            0,
            7,
            0.5
          ],
          "texture": "#1"
        },
        "east": {
          "uv": [
            7,
            1,
            7.5,
            1.5
          ],
          "texture": "#1"
        },
        "south": {
          "uv": [
            6,
            0.5,
            7,
            1
          ],
          "texture": "#1"
        },
        "west": {
          "uv": [
            1.5,
            7,
            2,
            7.5
          ],
          "texture": "#1"
        },
        "up": {
          "uv": [
            7,
            1.5,
            6,
            1
          ],
          "texture": "#1"
        },
        "down": {
          "uv": [
            7,
            1.5,
            6,
            2
          ],
          "texture": "#1"
        }
      }
    },
    {
      "name": "L arm",
      "from": [
        3,
        10,
        7
      ],
      "to": [
        5,
        14,
        9
      ],
      "rotation": {
        "angle": -45,
        "axis": "z",
        "origin": [
          3,
          11,
          8
        ]
      },
      "faces": {
        "north": {
          "uv": [
            3.5,
            5,
            4,
            6
          ],
          "texture": "#1"
        },
        "east": {
          "uv": [
            6,
            2,
            6.5,
            3
          ],
          "texture": "#1"
        },
        "south": {
          "uv": [
            6,
            3,
            6.5,
            4
          ],
          "texture": "#1"
        },
        "west": {
          "uv": [
            3.5,
            6,
            4,
            7
          ],
          "texture": "#1"
        },
        "up": {
          "uv": [
            7.5,
            2,
            7,
            1.5
          ],
          "texture": "#1"
        },
        "down": {
          "uv": [
            2.5,
            7,
            2,
            7.5
          ],
          "texture": "#1"
        }
      }
    },
    {
      "name": "R leg",
      "from": [
        9.5,
        6.001,
        4
      ],
      "to": [
        11.5,
        8.001,
        7
      ],
      "rotation": {
        "angle": -22.5,
        "axis": "y",
        "origin": [
          10,
          7,
          5
        ]
      },
      "faces": {
        "north": {
          "uv": [
            7,
            0,
            7.5,
            0.5
          ],
          "texture": "#1"
        },
        "east": {
          "uv": [
            6,
            6,
            6.75,
            6.5
          ],
          "texture": "#1"
        },
        "south": {
          "uv": [
            0.5,
            7,
            1,
            7.5
          ],
          "texture": "#1"
        },
        "west": {
          "uv": [
            6.5,
            2,
            7.25,
            2.5
          ],
          "texture": "#1"
        },
        "up": {
          "uv": [
            7,
            3.25,
            6.5,
            2.5
          ],
          "texture": "#1"
        },
        "down": {
          "uv": [
            7,
            3.25,
            6.5,
            4
          ],
          "texture": "#1"
        }
      }
    },
    {
      "name": "L leg",
      "from": [
        4.5,
        6.001,
        4
      ],
      "to": [
        6.5,
        8.001,
        7
      ],
      "rotation": {
        "angle": 22.5,
        "axis": "y",
        "origin": [
          6,
          7,
          5
        ]
      },
      "faces": {
        "north": {
          "uv": [
            7,
            0.5,
            7.5,
            1
          ],
          "texture": "#1"
        },
        "east": {
          "uv": [
            6,
            6.5,
            6.75,
            7
          ],
          "texture": "#1"
        },
        "south": {
          "uv": [
            1,
            7,
            1.5,
            7.5
          ],
          "texture": "#1"
        },
        "west": {
          "uv": [
            6.75,
            6,
            7.5,
            6.5
          ],
          "texture": "#1"
        },
        "up": {
          "uv": [
            7.25,
            7.25,
            6.75,
            6.5
          ],
          "texture": "#1"
        },
        "down": {
          "uv": [
            0.5,
            7,
            0,
            7.75
          ],
          "texture": "#1"
        }
      }
    },
    {
      "from": [
        6,
        5.999,
        5
      ],
      "to": [
        10,
        5.999,
        6
      ],
      "rotation": {
        "angle": 0,
        "axis": "y",
        "origin": [
          8,
          5.999,
          5.5
        ]
      },
      "faces": {
        "north": {
          "uv": [
            0,
            0,
            1,
            0
          ],
          "texture": "#1"
        },
        "east": {
          "uv": [
            0,
            0,
            0.25,
            0
          ],
          "texture": "#1"
        },
        "south": {
          "uv": [
            0,
            0,
            1,
            0
          ],
          "texture": "#1"
        },
        "west": {
          "uv": [
            0,
            0,
            0.25,
            0
          ],
          "texture": "#1"
        },
        "up": {
          "uv": [
            8.25,
            2.5,
            7.25,
            2.25
          ],
          "texture": "#1"
        },
        "down": {
          "uv": [
            8.25,
            2.25,
            7.25,
            2.5
          ],
          "texture": "#1"
        }
      }
    },
    {
      "from": [
        6,
        8.007,
        5
      ],
      "to": [
        10,
        8.007,
        6
      ],
      "rotation": {
        "angle": 0,
        "axis": "y",
        "origin": [
          8,
          7.999,
          5.5
        ]
      },
      "faces": {
        "north": {
          "uv": [
            0,
            0,
            1,
            0
          ],
          "texture": "#1"
        },
        "east": {
          "uv": [
            0,
            0,
            0.25,
            0
          ],
          "texture": "#1"
        },
        "south": {
          "uv": [
            0,
            0,
            1,
            0
          ],
          "texture": "#1"
        },
        "west": {
          "uv": [
            0,
            0,
            0.25,
            0
          ],
          "texture": "#1"
        },
        "up": {
          "uv": [
            7,
            7.5,
            6,
            7.25
          ],
          "texture": "#1"
        },
        "down": {
          "uv": [
            7,
            7.25,
            6,
            7.5
          ],
          "texture": "#1"
        }
      }
    },
    {
      "name": "hat inverted",
      "from": [
        12.501,
        23.501,
        12.501
      ],
      "to": [
        3.499,
        12.499,
        3.499
      ],
      "rotation": {
        "angle": 0,
        "axis": "y",
        "origin": [
          8,
          15,
          8
        ]
      },
      "faces": {
        "north": {
          "uv": [
            10,
            5,
            12,
            2.5
          ],
          "texture": "#1"
        },
        "east": {
          "uv": [
            12,
            5,
            14,
            2.5
          ],
          "texture": "#1"
        },
        "south": {
          "uv": [
            10,
            2.5,
            12,
            0
          ],
          "texture": "#1"
        },
        "west": {
          "uv": [
            12,
            2.5,
            14,
            0
          ],
          "texture": "#1"
        },
        "up": {
          "uv": [
            14,
            2,
            16,
            4
          ],
          "texture": "#1"
        },
        "down": {
          "uv": [
            14,
            2,
            16,
            0
          ],
          "texture": "#1"
        }
      }
    },
    {
      "name": "R eye",
      "from": [
        9,
        15,
        3.5
      ],
      "to": [
        11,
        17,
        5.5
      ],
      "rotation": {
        "angle": 0,
        "axis": "y",
        "origin": [
          10,
          17,
          4
        ]
      },
      "faces": {
        "north": {
          "uv": [
            2.5,
            7,
            3,
            7.5
          ],
          "texture": "#1"
        },
        "east": {
          "uv": [
            7,
            2.5,
            7.5,
            3
          ],
          "texture": "#1"
        },
        "south": {
          "uv": [
            3,
            7,
            3.5,
            7.5
          ],
          "texture": "#1"
        },
        "west": {
          "uv": [
            7,
            3,
            7.5,
            3.5
          ],
          "texture": "#1"
        },
        "up": {
          "uv": [
            4,
            7.5,
            3.5,
            7
          ],
          "texture": "#1"
        },
        "down": {
          "uv": [
            7.5,
            3.5,
            7,
            4
          ],
          "texture": "#1"
        }
      }
    },
    {
      "name": "L eye",
      "from": [
        5,
        15,
        3.5
      ],
      "to": [
        7,
        17,
        5.5
      ],
      "rotation": {
        "angle": 0,
        "axis": "y",
        "origin": [
          6,
          17,
          4
        ]
      },
      "faces": {
        "north": {
          "uv": [
            4,
            7,
            4.5,
            7.5
          ],
          "texture": "#1"
        },
        "east": {
          "uv": [
            7,
            4,
            7.5,
            4.5
          ],
          "texture": "#1"
        },
        "south": {
          "uv": [
            4.5,
            7,
            5,
            7.5
          ],
          "texture": "#1"
        },
        "west": {
          "uv": [
            7,
            4.5,
            7.5,
            5
          ],
          "texture": "#1"
        },
        "up": {
          "uv": [
            5.5,
            7.5,
            5,
            7
          ],
          "texture": "#1"
        },
        "down": {
          "uv": [
            7.5,
            5,
            7,
            5.5
          ],
          "texture": "#1"
        }
      }
    }
  ],
  "gui_light": "front",
  "display": {
    "thirdperson_righthand": {
      "rotation": [
        45,
        0,
        0
      ],
      "translation": [
        0,
        -1.25,
        -2
      ],
      "scale": [
        0.51,
        0.51,
        0.51
      ]
    },
    "thirdperson_lefthand": {
      "rotation": [
        45,
        0,
        0
      ],
      "translation": [
        0,
        -1.25,
        -2
      ],
      "scale": [
        0.51,
        0.51,
        0.51
      ]
    },
    "firstperson_righthand": {
      "rotation": [
        -6,
        130,
        6
      ],
      "translation": [
        3,
        1.25,
        0
      ],
      "scale": [
        0.5,
        0.5,
        0.5
      ]
    },
    "firstperson_lefthand": {
      "rotation": [
        -6,
        130,
        6
      ],
      "translation": [
        3,
        1.25,
        0
      ],
      "scale": [
        0.5,
        0.5,
        0.5
      ]
    },
    "ground": {
      "scale": [
        0.6,
        0.6,
        0.6
      ]
    },
    "gui": {
      "rotation": [
        0,
        180,
        0
      ],
      "translation": [
        0,
        -5.25,
        0
      ],
      "scale": [
        0.8,
        0.8,
        0.8
      ]
    },
    "head": {
      "translation": [
        0,
        9,
        0
      ]
    },
    "fixed": {
      "rotation": [
        -90,
        0,
        0
      ],
      "translation": [
        0,
        0,
        -4
      ],
      "scale": [
        2,
        2,
        2
      ]
    }
  },
  "groups": [
    {
      "name": "group",
      "origin": [
        3,
        11,
        8
      ],
      "color": 0,
      "children": [
        0,
        1,
        2,
        3,
        4,
        5,
        6,
        7,
        8,
        9,
        10
      ]
    },
    {
      "name": "eyes",
      "origin": [
        8,
        8,
        8
      ],
      "color": 0,
      "children": [
        11,
        12
      ]
    }
  ]
}