{
  "parent": "minecraft:item/handheld",
  "textures": {
    "layer0": "minecraft:item/carrot_on_a_stick",
    "particle": "minecraft:item/carrot_on_a_stick"
  },
  "overrides": [
    {
      "predicate": {
        "custom_model_data": 112183
      },
      "model": "minecraft:pelucias/hostile_mobs/nether/hoglin/hoglin"
    },
    {
      "predicate": {
        "custom_model_data": 150473
      },
      "model": "minecraft:pelucias/hostile_mobs/overvorld/illagers/evoker/evoker"
    },
    {
      "predicate": {
        "custom_model_data": 167522
      },
      "model": "minecraft:pelucias/secret_plushies/herobrine/herobrine"
    },
    {
      "predicate": {
        "custom_model_data": 169963
      },
      "model": "minecraft:pelucias/hostile_mobs/overvorld/creaking/creaking"
    },
    {
      "predicate": {
        "custom_model_data": 193811
      },
      "model": "minecraft:pelucias/hostile_mobs/overvorld/zoglin/zoglin"
    },
    {
      "predicate": {
        "custom_model_data": 216732
      },
      "model": "minecraft:pelucias/hostile_mobs/overvorld/slimes/medium_slime"
    },
    {
      "predicate": {
        "custom_model_data": 231153
      },
      "model": "minecraft:pelucias/neutral_mobs/end/enderman/enderman"
    },
    {
      "predicate": {
        "custom_model_data": 263225
      },
      "model": "minecraft:pelucias/hostile_mobs/nether/magma_cubes/medium_magma_cube"
    },
    {
      "predicate": {
        "custom_model_data": 266287
      },
      "model": "minecraft:pelucias/hostile_mobs/overvorld/slimes/small_slime"
    },
    {
      "predicate": {
        "custom_model_data": 272988
      },
      "model": "minecraft:pelucias/hostile_mobs/overvorld/illagers/ravager/ravager"
    },
    {
      "predicate": {
        "custom_model_data": 280713
      },
      "model": "minecraft:pelucias/hostile_mobs/overvorld/warden/warden"
    },
    {
      "predicate": {
        "custom_model_data": 283291
      },
      "model": "minecraft:pelucias/hostile_mobs/overvorld/silverfish/silverfish"
    },
    {
      "predicate": {
        "custom_model_data": 321101
      },
      "model": "minecraft:pelucias/hostile_mobs/overvorld/drowned/drowned"
    },
    {
      "predicate": {
        "custom_model_data": 328405
      },
      "model": "minecraft:pelucias/hostile_mobs/overvorld/zombie/zombie"
    },
    {
      "predicate": {
        "custom_model_data": 330682
      },
      "model": "minecraft:pelucias/hostile_mobs/overvorld/zombie_villagers/snow/snow_zombie_villager"
    },
    {
      "predicate": {
        "custom_model_data": 332540
      },
      "model": "minecraft:pelucias/secret_plushies/spikypeach/spikypeach"
    },
    {
      "predicate": {
        "custom_model_data": 341968
      },
      "model": "minecraft:pelucias/secret_plushies/illusioner/illusioner"
    },
    {
      "predicate": {
        "custom_model_data": 343477
      },
      "model": "minecraft:pelucias/hostile_mobs/overvorld/phantom/phantom"
    },
    {
      "predicate": {
        "custom_model_data": 382897
      },
      "model": "minecraft:pelucias/hostile_mobs/nether/blaze/blaze"
    },
    {
      "predicate": {
        "custom_model_data": 414430
      },
      "model": "minecraft:pelucias/hostile_mobs/overvorld/zombie_villagers/desert/desert_zombie_villager"
    },
    {
      "predicate": {
        "custom_model_data": 418837
      },
      "model": "minecraft:pelucias/secret_plushies/poisonous_potato_zombie/poisonous_potato_zombie"
    },
    {
      "predicate": {
        "custom_model_data": 423033
      },
      "model": "minecraft:pelucias/hostile_mobs/overvorld/illagers/witch/witch"
    },
    {
      "predicate": {
        "custom_model_data": 435069
      },
      "model": "minecraft:pelucias/hostile_mobs/nether/ghast/ghast"
    },
    {
      "predicate": {
        "custom_model_data": 443697
      },
      "model": "minecraft:pelucias/hostile_mobs/nether/piglin_brute/piglin_brute"
    },
    {
      "predicate": {
        "custom_model_data": 472616
      },
      "model": "minecraft:pelucias/hostile_mobs/overvorld/zombie_villagers/jungle/jungle_zombie_villager"
    },
    {
      "predicate": {
        "custom_model_data": 489232
      },
      "model": "minecraft:pelucias/hostile_mobs/overvorld/elder_guardian/elder_guardian"
    },
    {
      "predicate": {
        "custom_model_data": 492272
      },
      "model": "minecraft:pelucias/hostile_mobs/end/endermite/endermite"
    },
    {
      "predicate": {
        "custom_model_data": 512816
      },
      "model": "minecraft:pelucias/neutral_mobs/nether/zombified_piglin/zombified_piglin"
    },
    {
      "predicate": {
        "custom_model_data": 519965
      },
      "model": "minecraft:pelucias/secret_plushies/entity303/entity303"
    },
    {
      "predicate": {
        "custom_model_data": 526182
      },
      "model": "minecraft:pelucias/hostile_mobs/overvorld/stray/stray"
    },
    {
      "predicate": {
        "custom_model_data": 528455
      },
      "model": "minecraft:pelucias/hostile_mobs/nether/magma_cubes/large_magma_cube"
    },
    {
      "predicate": {
        "custom_model_data": 540837
      },
      "model": "minecraft:pelucias/hostile_mobs/overvorld/creeper/creeper"
    },
    {
      "predicate": {
        "custom_model_data": 560142
      },
      "model": "minecraft:pelucias/neutral_mobs/overvorld/cave_spider/cave_spider"
    },
    {
      "predicate": {
        "custom_model_data": 568979
      },
      "model": "minecraft:pelucias/hostile_mobs/overvorld/illagers/vindicator/vindicator"
    },
    {
      "predicate": {
        "custom_model_data": 574022
      },
      "model": "minecraft:pelucias/neutral_mobs/overvorld/spider/spider"
    },
    {
      "predicate": {
        "custom_model_data": 576352
      },
      "model": "minecraft:pelucias/hostile_mobs/nether/magma_cubes/small_magma_cube"
    },
    {
      "predicate": {
        "custom_model_data": 627268
      },
      "model": "minecraft:pelucias/hostile_mobs/overvorld/zombie_villagers/plains/plains_zombie_villager"
    },
    {
      "predicate": {
        "custom_model_data": 637722
      },
      "model": "minecraft:pelucias/secret_plushies/rainbow_creeper/rainbow_creeper"
    },
    {
      "predicate": {
        "custom_model_data": 651795
      },
      "model": "minecraft:pelucias/hostile_mobs/overvorld/zombie_villagers/taiga/taiga_zombie_villager"
    },
    {
      "predicate": {
        "custom_model_data": 678287
      },
      "model": "minecraft:pelucias/secret_plushies/jack-o-zombie/jack-o-zombie"
    },
    {
      "predicate": {
        "custom_model_data": 685098
      },
      "model": "minecraft:pelucias/hostile_mobs/overvorld/zombie_villagers/swamp/swamp_zombie_villager"
    },
    {
      "predicate": {
        "custom_model_data": 685125
      },
      "model": "minecraft:pelucias/hostile_mobs/end/shulker/shulker"
    },
    {
      "predicate": {
        "custom_model_data": 715463
      },
      "model": "minecraft:pelucias/hostile_mobs/overvorld/slimes/large_slime"
    },
    {
      "predicate": {
        "custom_model_data": 737502
      },
      "model": "minecraft:pelucias/hostile_mobs/overvorld/husk/husk"
    },
    {
      "predicate": {
        "custom_model_data": 747225
      },
      "model": "minecraft:pelucias/hostile_mobs/overvorld/illagers/pillager/pillager"
    },
    {
      "predicate": {
        "custom_model_data": 750178
      },
      "model": "minecraft:pelucias/hostile_mobs/overvorld/illagers/vex/vex"
    },
    {
      "predicate": {
        "custom_model_data": 754911
      },
      "model": "minecraft:pelucias/hostile_mobs/overvorld/guardian/guardian"
    },
    {
      "predicate": {
        "custom_model_data": 771682
      },
      "model": "minecraft:pelucias/hostile_mobs/overvorld/zombie_villagers/savanna/savanna_zombie_villager"
    },
    {
      "predicate": {
        "custom_model_data": 829504
      },
      "model": "minecraft:pelucias/secret_plushies/15th_anniversary/15th_anniversary"
    },
    {
      "predicate": {
        "custom_model_data": 942651
      },
      "model": "minecraft:pelucias/hostile_mobs/nether/wither_skeleton/wither_skeleton"
    },
    {
      "predicate": {
        "custom_model_data": 946925
      },
      "model": "minecraft:pelucias/neutral_mobs/nether/piglin/piglin"
    },
    {
      "predicate": {
        "custom_model_data": 961990
      },
      "model": "minecraft:pelucias/hostile_mobs/overvorld/bogged/bogged"
    },
    {
      "predicate": {
        "custom_model_data": 966196
      },
      "model": "minecraft:pelucias/secret_plushies/jack-o-skeleton/jack-o-skeleton"
    },
    {
      "predicate": {
        "custom_model_data": 984153
      },
      "model": "minecraft:pelucias/hostile_mobs/overvorld/skeleton/skeleton"
    },
    {
      "predicate": {
        "custom_model_data": 985047
      },
      "model": "minecraft:pelucias/hostile_mobs/overvorld/breeze/breeze"
    }
  ]
}