{
  "parent": "minecraft:item/handheld",
  "textures": {
    "layer0": "minecraft:item/diamond_sword",
    "particle": "minecraft:item/diamond_sword"
  },
  "overrides": [
    {
      "predicate": {
        "custom_model_data": 364822
      },
      "model": "minecraft:item/diamante/rubi"
    },
    {
      "predicate": {
        "custom_model_data": 583291
      },
      "model": "minecraft:item/diamante/ancoran"
    },
    {
      "predicate": {
        "custom_model_data": 742915
      },
      "model": "minecraft:item/diamante/eletroblade"
    },
    {
      "predicate": {
        "custom_model_data": 928144
      },
      "model": "minecraft:item/diamante/rubra"
    },
    {
      "predicate": {
        "custom_model_data": 935000
      },
      "model": "minecraft:item/arcanas/arcana_lv1"
    },
    {
      "predicate": {
        "custom_model_data": 949835
      },
      "model": "minecraft:item/arcanas/arcana_lv2"
    },
    {
      "predicate": {
        "custom_model_data": 953534
      },
      "model": "minecraft:item/arcanas/arcana_lv3"
    }
  ]
}