{
  "parent": "minecraft:item/handheld",
  "textures": {
    "layer0": "minecraft:item/netherite_sword",
    "particle": "minecraft:item/netherite_sword"
  },
  "overrides": [
    {
      "predicate": {
        "custom_model_data": 1294
      },
      "model": "item/netherite/ryron"
    },
    {
      "predicate": {
        "custom_model_data": 584732
      },
      "model": "item/netherite/esfera_do_invernal"
    },
    {
      "predicate": {
        "custom_model_data": 912478
      },
      "model": "item/netherite/azoth_infernal"
    },
    {
      "predicate": {
        "custom_model_data": 1013060
      },
      "model": "minecraft:3dsword/azure_sabre_blocking"
    },
    {
      "predicate": {
        "custom_model_data": 1090714
      },
      "model": "minecraft:3dsword/nature_sword"
    },
    {
      "predicate": {
        "custom_model_data": 1313726
      },
      "model": "minecraft:3dsword/iron_sai"
    },
    {
      "predicate": {
        "custom_model_data": 1407450
      },
      "model": "minecraft:3dsword/black_iron_clobberer"
    },
    {
      "predicate": {
        "custom_model_data": 1504615
      },
      "model": "minecraft:3dsword/piercer"
    },
    {
      "predicate": {
        "custom_model_data": 1551505
      },
      "model": "minecraft:3dsword/uchigatana"
    },
    {
      "predicate": {
        "custom_model_data": 1871909
      },
      "model": "minecraft:3dsword/crimson_lance"
    },
    {
      "predicate": {
        "custom_model_data": 2015734
      },
      "model": "minecraft:3dsword/invisible_shield"
    },
    {
      "predicate": {
        "custom_model_data": 2037389
      },
      "model": "minecraft:3dsword/iron_battle_axe"
    },
    {
      "predicate": {
        "custom_model_data": 2134035
      },
      "model": "minecraft:3dsword/iron_sai_blocking"
    },
    {
      "predicate": {
        "custom_model_data": 2383444
      },
      "model": "minecraft:3dsword/wooden_bludgeon"
    },
    {
      "predicate": {
        "custom_model_data": 2457097
      },
      "model": "minecraft:3dsword/iron_polearm"
    },
    {
      "predicate": {
        "custom_model_data": 2559868
      },
      "model": "minecraft:3dsword/heavenly_partisan"
    },
    {
      "predicate": {
        "custom_model_data": 2578774
      },
      "model": "minecraft:3dsword/azure_dagger_blocking"
    },
    {
      "predicate": {
        "custom_model_data": 2630938
      },
      "model": "minecraft:3dsword/iron_dagger"
    },
    {
      "predicate": {
        "custom_model_data": 2698829
      },
      "model": "minecraft:3dsword/gloomsteel_greataxe"
    },
    {
      "predicate": {
        "custom_model_data": 2791385
      },
      "model": "minecraft:3dsword/black_iron_greatsword"
    },
    {
      "predicate": {
        "custom_model_data": 2962867
      },
      "model": "minecraft:3dsword/zenith"
    },
    {
      "predicate": {
        "custom_model_data": 3015686
      },
      "model": "minecraft:3dsword/valhakyra"
    },
    {
      "predicate": {
        "custom_model_data": 3027440
      },
      "model": "minecraft:3dsword/revenants_gravecleaver"
    },
    {
      "predicate": {
        "custom_model_data": 3060188
      },
      "model": "minecraft:3dsword/viridian_greataxe"
    },
    {
      "predicate": {
        "custom_model_data": 3442416
      },
      "model": "minecraft:3dsword/demonic_sword"
    },
    {
      "predicate": {
        "custom_model_data": 3482922
      },
      "model": "minecraft:3dsword/sacrificial_cleaver"
    },
    {
      "predicate": {
        "custom_model_data": 3591088
      },
      "model": "minecraft:3dsword/talonbrand"
    },
    {
      "predicate": {
        "custom_model_data": 3632370
      },
      "model": "minecraft:3dsword/black_iron_greataxe"
    },
    {
      "predicate": {
        "custom_model_data": 3899146
      },
      "model": "minecraft:3dsword/ethereal_frostblade"
    },
    {
      "predicate": {
        "custom_model_data": 3910568
      },
      "model": "minecraft:3dsword/spider_sword"
    },
    {
      "predicate": {
        "custom_model_data": 4105637
      },
      "model": "minecraft:3dsword/vindicator"
    },
    {
      "predicate": {
        "custom_model_data": 4315912
      },
      "model": "minecraft:3dsword/azure_sabre"
    },
    {
      "predicate": {
        "custom_model_data": 4550377
      },
      "model": "minecraft:3dsword/vengeance_blade_blocking"
    },
    {
      "predicate": {
        "custom_model_data": 4862988
      },
      "model": "minecraft:3dsword/vindicator_blocking"
    },
    {
      "predicate": {
        "custom_model_data": 4870339
      },
      "model": "minecraft:3dsword/gloomsteel_katana"
    },
    {
      "predicate": {
        "custom_model_data": 5215043
      },
      "model": "minecraft:3dsword/demonslayers_greatsword"
    },
    {
      "predicate": {
        "custom_model_data": 5294959
      },
      "model": "minecraft:3dsword/azure_greataxe"
    },
    {
      "predicate": {
        "custom_model_data": 5402744
      },
      "model": "minecraft:3dsword/crystal_frostscythe"
    },
    {
      "predicate": {
        "custom_model_data": 5448778
      },
      "model": "minecraft:3dsword/grand_claymore"
    },
    {
      "predicate": {
        "custom_model_data": 5468044
      },
      "model": "minecraft:3dsword/vengeance_blade"
    },
    {
      "predicate": {
        "custom_model_data": 5610889
      },
      "model": "minecraft:3dsword/treacherous_bludgeon"
    },
    {
      "predicate": {
        "custom_model_data": 5694776
      },
      "model": "minecraft:3dsword/oculus"
    },
    {
      "predicate": {
        "custom_model_data": 5779221
      },
      "model": "minecraft:3dsword/wooden_tonfa"
    },
    {
      "predicate": {
        "custom_model_data": 5782757
      },
      "model": "minecraft:3dsword/nocturne"
    },
    {
      "predicate": {
        "custom_model_data": 5790348
      },
      "model": "minecraft:3dsword/azure_greatsword"
    },
    {
      "predicate": {
        "custom_model_data": 6185391
      },
      "model": "minecraft:3dsword/runic_piercer"
    },
    {
      "predicate": {
        "custom_model_data": 6422137
      },
      "model": "minecraft:3dsword/flamberge"
    },
    {
      "predicate": {
        "custom_model_data": 6460030
      },
      "model": "minecraft:3dsword/dragon_sword"
    },
    {
      "predicate": {
        "custom_model_data": 6470450
      },
      "model": "minecraft:3dsword/crystal_frostblade"
    },
    {
      "predicate": {
        "custom_model_data": 6491206
      },
      "model": "minecraft:3dsword/azure_scythe"
    },
    {
      "predicate": {
        "custom_model_data": 6512397
      },
      "model": "minecraft:3dsword/opaline_lance"
    },
    {
      "predicate": {
        "custom_model_data": 6560653
      },
      "model": "minecraft:3dsword/winterthorn"
    },
    {
      "predicate": {
        "custom_model_data": 6627957
      },
      "model": "minecraft:3dsword/claymore"
    },
    {
      "predicate": {
        "custom_model_data": 6872217
      },
      "model": "minecraft:3dsword/crimson_cleaver"
    },
    {
      "predicate": {
        "custom_model_data": 6901279
      },
      "model": "minecraft:3dsword/moonlight_blocking"
    },
    {
      "predicate": {
        "custom_model_data": 6903781
      },
      "model": "minecraft:3dsword/revenants_gravescepter"
    },
    {
      "predicate": {
        "custom_model_data": 6947381
      },
      "model": "minecraft:3dsword/amethyst_greatblade"
    },
    {
      "predicate": {
        "custom_model_data": 6983082
      },
      "model": "minecraft:3dsword/calamity_blade"
    },
    {
      "predicate": {
        "custom_model_data": 7012880
      },
      "model": "minecraft:3dsword/treacherous_cleaver"
    },
    {
      "predicate": {
        "custom_model_data": 7037871
      },
      "model": "minecraft:3dsword/ravenous_blade"
    },
    {
      "predicate": {
        "custom_model_data": 7071140
      },
      "model": "minecraft:3dsword/iron_halberd"
    },
    {
      "predicate": {
        "custom_model_data": 7112191
      },
      "model": "minecraft:3dsword/crescent_greataxe"
    },
    {
      "predicate": {
        "custom_model_data": 7338084
      },
      "model": "minecraft:3dsword/iron_mace"
    },
    {
      "predicate": {
        "custom_model_data": 7396385
      },
      "model": "minecraft:3dsword/gilded_phoenix_greataxe"
    },
    {
      "predicate": {
        "custom_model_data": 7445303
      },
      "model": "minecraft:3dsword/berserkers_greataxe"
    },
    {
      "predicate": {
        "custom_model_data": 7689994
      },
      "model": "minecraft:3dsword/emerald_greatcleaver"
    },
    {
      "predicate": {
        "custom_model_data": 7759447
      },
      "model": "minecraft:3dsword/calamity_blade_thin"
    },
    {
      "predicate": {
        "custom_model_data": 7849225
      },
      "model": "minecraft:3dsword/skeleton_axe"
    },
    {
      "predicate": {
        "custom_model_data": 7869155
      },
      "model": "minecraft:3dsword/phantomguard_partisan"
    },
    {
      "predicate": {
        "custom_model_data": 8028578
      },
      "model": "minecraft:3dsword/lycanbane"
    },
    {
      "predicate": {
        "custom_model_data": 8074667
      },
      "model": "minecraft:3dsword/azure_dagger"
    },
    {
      "predicate": {
        "custom_model_data": 8127946
      },
      "model": "minecraft:3dsword/windreaper"
    },
    {
      "predicate": {
        "custom_model_data": 8285403
      },
      "model": "minecraft:3dsword/wooden_tonfa_blocking"
    },
    {
      "predicate": {
        "custom_model_data": 8354791
      },
      "model": "minecraft:3dsword/iron_greataxe"
    },
    {
      "predicate": {
        "custom_model_data": 8388802
      },
      "model": "minecraft:3dsword/uchigatana_blocking"
    },
    {
      "predicate": {
        "custom_model_data": 8392782
      },
      "model": "minecraft:3dsword/solstice"
    },
    {
      "predicate": {
        "custom_model_data": 8490845
      },
      "model": "minecraft:3dsword/phantomguard_greatsword"
    },
    {
      "predicate": {
        "custom_model_data": 8534681
      },
      "model": "minecraft:3dsword/iron_hay_sickle"
    },
    {
      "predicate": {
        "custom_model_data": 8571493
      },
      "model": "minecraft:3dsword/iron_broadsword"
    },
    {
      "predicate": {
        "custom_model_data": 8631398
      },
      "model": "minecraft:3dsword/demons_blood_blade"
    },
    {
      "predicate": {
        "custom_model_data": 8666314
      },
      "model": "minecraft:3dsword/zenith_blocking"
    },
    {
      "predicate": {
        "custom_model_data": 8699749
      },
      "model": "minecraft:3dsword/berserkers_cleaver"
    },
    {
      "predicate": {
        "custom_model_data": 8707525
      },
      "model": "minecraft:3dsword/gloomsteel_knife"
    },
    {
      "predicate": {
        "custom_model_data": 8755065
      },
      "model": "minecraft:3dsword/treacherous_axe"
    },
    {
      "predicate": {
        "custom_model_data": 8823006
      },
      "model": "minecraft:3dsword/gloomsteel_knife_blocking"
    },
    {
      "predicate": {
        "custom_model_data": 9116346
      },
      "model": "minecraft:3dsword/vesper"
    },
    {
      "predicate": {
        "custom_model_data": 9208370
      },
      "model": "minecraft:3dsword/void_oculus"
    },
    {
      "predicate": {
        "custom_model_data": 9514382
      },
      "model": "minecraft:3dsword/iron_dagger_blocking"
    },
    {
      "predicate": {
        "custom_model_data": 9725325
      },
      "model": "minecraft:3dsword/revenants_darkscepter"
    },
    {
      "predicate": {
        "custom_model_data": 9904641
      },
      "model": "minecraft:3dsword/gloomsteel_katana_blocking"
    },
    {
      "predicate": {
        "custom_model_data": 9933795
      },
      "model": "minecraft:3dsword/moonlight"
    },
    {
      "predicate": {
        "custom_model_data": 9941407
      },
      "model": "minecraft:3dsword/ancient_greatslab"
    }
  ]
}