{
  "parent": "minecraft:item/handheld",
  "textures": {
    "layer0": "minecraft:item/stick",
    "particle": "minecraft:item/stick"
  },
  "overrides": [
    {
      "predicate": {
        "custom_model_data": 12704
      },
      "model": "minecraft:icones/economico"
    },
    {
      "predicate": {
        "custom_model_data": 13058
      },
      "model": "minecraft:icones/setaparabaixoaesquer"
    },
    {
      "predicate": {
        "custom_model_data": 15984
      },
      "model": "minecraft:icones/aviso"
    },
    {
      "predicate": {
        "custom_model_data": 28491
      },
      "model": "minecraft:icones/seta_esquerda"
    },
    {
      "predicate": {
        "custom_model_data": 29475
      },
      "model": "minecraft:icones/lista"
    },
    {
      "predicate": {
        "custom_model_data": 34019
      },
      "model": "minecraft:icones/cancelar"
    },
    {
      "predicate": {
        "custom_model_data": 48392
      },
      "model": "minecraft:icones/adicionar"
    },
    {
      "predicate": {
        "custom_model_data": 50287
      },
      "model": "minecraft:icones/seta_direita"
    },
    {
      "predicate": {
        "custom_model_data": 56830
      },
      "model": "minecraft:icones/lar"
    },
    {
      "predicate": {
        "custom_model_data": 63012
      },
      "model": "minecraft:icones/marcadeverificacao"
    },
    {
      "predicate": {
        "custom_model_data": 70215
      },
      "model": "minecraft:icones/botaoapagar"
    },
    {
      "predicate": {
        "custom_model_data": 71903
      },
      "model": "minecraft:icones/removerusuario"
    },
    {
      "predicate": {
        "custom_model_data": 84651
      },
      "model": "minecraft:icones/listadeafazeres"
    },
    {
      "predicate": {
        "custom_model_data": 91420
      },
      "model": "minecraft:icones/setaparabaixoadireit"
    },
    {
      "predicate": {
        "custom_model_data": 91563
      },
      "model": "minecraft:icones/coroa"
    }
  ]
}