{
	"format_version": "1.21.6",
	"credit": "Made with Blockbench",
	"texture_size": [32, 32],
	"textures": {
		"1": "minecraft:demon_slayer/katana/obanai",
		"particle": "minecraft:demon_slayer/katana/obanai"
	},
	"elements": [
		{
			"from": [7, 3, 7.895],
			"to": [7.5, 4, 8.105],
			"light_emission": 15,
			"rotation": {"angle": 0, "axis": "y", "origin": [1, 1, -0.5]},
			"faces": {
				"north": {"uv": [0, 15, 0.5, 15.5], "texture": "#1"},
				"east": {"uv": [0.5, 15, 1, 15.5], "texture": "#1"},
				"south": {"uv": [0, 15, 0.5, 15.5], "texture": "#1"},
				"west": {"uv": [0, 15, 0.5, 15.5], "texture": "#1"},
				"up": {"uv": [0, 14.5, 0.5, 15], "texture": "#1"},
				"down": {"uv": [0.5, 15, 1, 15.5], "texture": "#1"}
			}
		},
		{
			"from": [8.5, 10.43642, 7.9002],
			"to": [9, 11.93642, 8.0997],
			"light_emission": 15,
			"rotation": {"angle": 0, "axis": "y", "origin": [2.5, 8.93642, -0.505]},
			"faces": {
				"north": {"uv": [0, 2.5, 0.5, 4], "texture": "#1"},
				"east": {"uv": [0, 2.5, 0.5, 4], "texture": "#1"},
				"south": {"uv": [0, 2.5, 0.5, 4], "texture": "#1"},
				"west": {"uv": [0.5, 15, 1, 15.5], "texture": "#1"},
				"up": {"uv": [0, 14.5, 0.5, 15], "texture": "#1"},
				"down": {"uv": [0.5, 15, 1, 15.5], "texture": "#1"}
			}
		},
		{
			"from": [7.5, 10.43642, 7.9002],
			"to": [8.5, 11.93642, 8.0997],
			"rotation": {"angle": 0, "axis": "y", "origin": [1, 8.93642, -0.505]},
			"faces": {
				"north": {"uv": [0.5, 2.5, 1.5, 4], "texture": "#1"},
				"east": {"uv": [0.5, 15, 1.5, 15.5], "texture": "#1"},
				"south": {"uv": [0.5, 2.5, 1.5, 4], "texture": "#1"},
				"west": {"uv": [0.5, 15, 1.5, 15.5], "texture": "#1"},
				"up": {"uv": [0.5, 15, 1.5, 15.5], "texture": "#1"},
				"down": {"uv": [0.5, 15, 1.5, 15.5], "texture": "#1"}
			}
		},
		{
			"from": [7, 10.43642, 7.895],
			"to": [7.5, 11.93642, 8.105],
			"light_emission": 15,
			"rotation": {"angle": 0, "axis": "y", "origin": [1, 8.93642, -0.5]},
			"faces": {
				"north": {"uv": [0, 2.5, 0.5, 4], "texture": "#1"},
				"east": {"uv": [0.5, 15, 1, 15.5], "texture": "#1"},
				"south": {"uv": [0, 2.5, 0.5, 4], "texture": "#1"},
				"west": {"uv": [0, 2.5, 0.5, 4], "texture": "#1"},
				"up": {"uv": [0, 14.5, 0.5, 15], "texture": "#1"},
				"down": {"uv": [0.5, 15, 1, 15.5], "texture": "#1"}
			}
		},
		{
			"from": [8.5, 3, 7.9],
			"to": [9, 4, 8.1],
			"light_emission": 15,
			"rotation": {"angle": 0, "axis": "y", "origin": [2.5, 1, -0.5]},
			"faces": {
				"north": {"uv": [0, 15, 0.5, 15.5], "texture": "#1"},
				"east": {"uv": [0, 15, 0.5, 15.5], "texture": "#1"},
				"south": {"uv": [0, 15, 0.5, 15.5], "texture": "#1"},
				"west": {"uv": [0.5, 15, 1, 15.5], "texture": "#1"},
				"up": {"uv": [0, 14.5, 0.5, 15], "texture": "#1"},
				"down": {"uv": [0.5, 15, 1, 15.5], "texture": "#1"}
			}
		},
		{
			"from": [7.5, 3, 7.9],
			"to": [8.5, 4, 8.1],
			"rotation": {"angle": 0, "axis": "y", "origin": [1, 1, -0.5]},
			"faces": {
				"north": {"uv": [0.5, 14.5, 1.5, 15], "texture": "#1"},
				"east": {"uv": [0.5, 14.5, 1.5, 15], "texture": "#1"},
				"south": {"uv": [0.5, 14.5, 1.5, 15], "texture": "#1"},
				"west": {"uv": [0.5, 14.5, 1.5, 15], "texture": "#1"},
				"up": {"uv": [0.5, 15, 1.5, 15.5], "texture": "#1"},
				"down": {"uv": [0.5, 15, 1.5, 15.5], "texture": "#1"}
			}
		},
		{
			"from": [7.99857, 4.02017, 7.895],
			"to": [8.49857, 7.17017, 8.105],
			"light_emission": 15,
			"rotation": {"angle": -22.5, "axis": "z", "origin": [7.44857, 6.52017, 7.888]},
			"faces": {
				"north": {"uv": [0, 10.75, 0.5, 14], "texture": "#1"},
				"east": {"uv": [0, 15, 0.5, 14.5], "texture": "#1"},
				"south": {"uv": [0, 10.75, 0.5, 14], "texture": "#1"},
				"west": {"uv": [0, 10.75, 0.5, 14], "texture": "#1"},
				"up": {"uv": [0, 14.5, 0.5, 15], "texture": "#1"},
				"down": {"uv": [0, 14.5, 0.5, 15], "texture": "#1"}
			}
		},
		{
			"from": [9.38439, 3.44615, 7.90025],
			"to": [9.88439, 6.94615, 8.09975],
			"light_emission": 15,
			"rotation": {"angle": -22.5, "axis": "z", "origin": [8.83439, 5.94615, 7.888]},
			"faces": {
				"north": {"uv": [0, 10.4, 0.5, 14], "texture": "#1"},
				"east": {"uv": [0, 10.4, 0.5, 14], "texture": "#1"},
				"south": {"uv": [0, 10.4, 0.5, 14], "texture": "#1"},
				"west": {"uv": [0, 15, 0.5, 14.5], "texture": "#1"},
				"up": {"uv": [0, 14.5, 0.5, 15], "texture": "#1"},
				"down": {"uv": [0, 14.5, 0.5, 15], "texture": "#1"}
			}
		},
		{
			"from": [7.7647, 7.8057, 7.895],
			"to": [8.7647, 10.9057, 8.105],
			"rotation": {"angle": 22.5, "axis": "z", "origin": [8.8147, 10.1057, 7.995]},
			"faces": {
				"north": {"uv": [1.5, 4.5, 0.5, 8], "texture": "#1"},
				"east": {"uv": [0.5, 15, 0, 14.5], "texture": "#1"},
				"south": {"uv": [1.5, 4.5, 0.5, 8], "texture": "#1"},
				"west": {"uv": [0.5, 15, 0, 14.5], "texture": "#1"},
				"up": {"uv": [0.5, 15, 0, 14.5], "texture": "#1"},
				"down": {"uv": [1, 14, 0.5, 14.5], "texture": "#1"}
			}
		},
		{
			"from": [8.2147, 7.8057, 7.87],
			"to": [8.3147, 10.9057, 8.13],
			"light_emission": 15,
			"rotation": {"angle": 22.5, "axis": "z", "origin": [8.8147, 10.1057, 7.995]},
			"faces": {
				"north": {"uv": [1.5, 0, 1, 1.5], "texture": "#1"},
				"east": {"uv": [0.5, 15, 0, 14.5], "texture": "#1"},
				"south": {"uv": [1.5, 0, 1, 0.5], "texture": "#1"},
				"west": {"uv": [0.5, 15, 0, 14.5], "texture": "#1"},
				"up": {"uv": [0.5, 15, 0, 14.5], "texture": "#1"},
				"down": {"uv": [1, 14, 0.5, 14.5], "texture": "#1"}
			}
		},
		{
			"from": [8.2147, 15.65722, 7.87],
			"to": [8.3147, 19.40722, 8.13],
			"light_emission": 15,
			"rotation": {"angle": 22.5, "axis": "z", "origin": [8.8147, 17.95722, 7.995]},
			"faces": {
				"north": {"uv": [1.5, 0, 1, 1.5], "texture": "#1"},
				"east": {"uv": [0.5, 15, 0, 14.5], "texture": "#1"},
				"south": {"uv": [1.5, 0, 1, 0.5], "texture": "#1"},
				"west": {"uv": [0.5, 15, 0, 14.5], "texture": "#1"},
				"up": {"uv": [0.5, 15, 0, 14.5], "texture": "#1"},
				"down": {"uv": [1, 14, 0.5, 14.5], "texture": "#1"}
			}
		},
		{
			"from": [7.81288, 23.9897, 7.87],
			"to": [7.91288, 25.3397, 8.13],
			"light_emission": 15,
			"rotation": {"angle": 22.5, "axis": "z", "origin": [8.41288, 26.2897, 7.995]},
			"faces": {
				"north": {"uv": [1.5, 0, 1, 1.5], "texture": "#1"},
				"east": {"uv": [0.5, 15, 0, 14.5], "texture": "#1"},
				"south": {"uv": [1.5, 0, 1, 0.5], "texture": "#1"},
				"west": {"uv": [0.5, 15, 0, 14.5], "texture": "#1"},
				"up": {"uv": [0.5, 15, 0, 14.5], "texture": "#1"},
				"down": {"uv": [1, 14, 0.5, 14.5], "texture": "#1"}
			}
		},
		{
			"from": [8.78873, 11.31051, 7.87],
			"to": [8.88873, 14.41051, 8.13],
			"light_emission": 15,
			"rotation": {"angle": -22.5, "axis": "z", "origin": [9.38873, 13.61051, 7.995]},
			"faces": {
				"north": {"uv": [1.5, 0, 1, 1.5], "texture": "#1"},
				"east": {"uv": [0.5, 15, 0, 14.5], "texture": "#1"},
				"south": {"uv": [1.5, 0, 1, 0.5], "texture": "#1"},
				"west": {"uv": [0.5, 15, 0, 14.5], "texture": "#1"},
				"up": {"uv": [0.5, 15, 0, 14.5], "texture": "#1"},
				"down": {"uv": [1, 14, 0.5, 14.5], "texture": "#1"}
			}
		},
		{
			"from": [8.53998, 19.76254, 7.87],
			"to": [8.63998, 22.46254, 8.13],
			"light_emission": 15,
			"rotation": {"angle": -22.5, "axis": "z", "origin": [9.13998, 22.06254, 7.995]},
			"faces": {
				"north": {"uv": [1.5, 0, 1, 1.5], "texture": "#1"},
				"east": {"uv": [0.5, 15, 0, 14.5], "texture": "#1"},
				"south": {"uv": [1.5, 0, 1, 0.5], "texture": "#1"},
				"west": {"uv": [0.5, 15, 0, 14.5], "texture": "#1"},
				"up": {"uv": [0.5, 15, 0, 14.5], "texture": "#1"},
				"down": {"uv": [1, 14, 0.5, 14.5], "texture": "#1"}
			}
		},
		{
			"from": [7.95423, 10.61519, 7.87],
			"to": [8.05423, 11.71519, 8.13],
			"light_emission": 15,
			"rotation": {"angle": 0, "axis": "z", "origin": [8.55423, 10.91519, 7.995]},
			"faces": {
				"north": {"uv": [1.5, 1.5, 1, 0], "texture": "#1"},
				"east": {"uv": [0.5, 15, 0, 14.5], "texture": "#1"},
				"south": {"uv": [1.5, 0.5, 1, 0], "texture": "#1"},
				"west": {"uv": [0.5, 15, 0, 14.5], "texture": "#1"},
				"up": {"uv": [0.5, 15, 0, 14.5], "texture": "#1"},
				"down": {"uv": [1, 14, 0.5, 14.5], "texture": "#1"}
			}
		},
		{
			"from": [9.13293, 7.18944, 7.87],
			"to": [9.23293, 7.78944, 8.13],
			"light_emission": 15,
			"rotation": {"angle": 0, "axis": "y", "origin": [9.73293, 6.98944, 7.995]},
			"faces": {
				"north": {"uv": [1.5, 1.5, 1, 0], "texture": "#1"},
				"east": {"uv": [0.5, 15, 0, 14.5], "texture": "#1"},
				"south": {"uv": [1.5, 0.5, 1, 0], "texture": "#1"},
				"west": {"uv": [0.5, 15, 0, 14.5], "texture": "#1"},
				"up": {"uv": [0.5, 15, 0, 14.5], "texture": "#1"},
				"down": {"uv": [1, 14, 0.5, 14.5], "texture": "#1"}
			}
		},
		{
			"from": [7.70548, 19.06723, 7.87],
			"to": [7.80548, 20.16723, 8.13],
			"light_emission": 15,
			"rotation": {"angle": 0, "axis": "y", "origin": [8.30548, 19.36723, 7.995]},
			"faces": {
				"north": {"uv": [1.5, 1.5, 1, 0], "texture": "#1"},
				"east": {"uv": [0.5, 15, 0, 14.5], "texture": "#1"},
				"south": {"uv": [1.5, 0.5, 1, 0], "texture": "#1"},
				"west": {"uv": [0.5, 15, 0, 14.5], "texture": "#1"},
				"up": {"uv": [0.5, 15, 0, 14.5], "texture": "#1"},
				"down": {"uv": [1, 14, 0.5, 14.5], "texture": "#1"}
			}
		},
		{
			"from": [8.73111, 22.62344, 7.87],
			"to": [8.83111, 23.97344, 8.13],
			"light_emission": 15,
			"rotation": {"angle": 0, "axis": "y", "origin": [9.33111, 22.92344, 7.995]},
			"faces": {
				"north": {"uv": [1.5, 1.5, 1, 0], "texture": "#1"},
				"east": {"uv": [0.5, 15, 0, 14.5], "texture": "#1"},
				"south": {"uv": [1.5, 0.5, 1, 0], "texture": "#1"},
				"west": {"uv": [0.5, 15, 0, 14.5], "texture": "#1"},
				"up": {"uv": [0.5, 15, 0, 14.5], "texture": "#1"},
				"down": {"uv": [1, 14, 0.5, 14.5], "texture": "#1"}
			}
		},
		{
			"from": [8.2221, 25.18241, 7.87],
			"to": [8.3221, 26.50741, 8.13],
			"light_emission": 15,
			"rotation": {"angle": 0, "axis": "y", "origin": [8.8221, 25.48241, 7.995]},
			"faces": {
				"north": {"uv": [1.5, 1.5, 1, 0], "texture": "#1"},
				"east": {"uv": [0.5, 15, 0, 14.5], "texture": "#1"},
				"south": {"uv": [1.5, 0.5, 1, 0], "texture": "#1"},
				"west": {"uv": [0.5, 15, 0, 14.5], "texture": "#1"},
				"up": {"uv": [0.5, 15, 0, 14.5], "texture": "#1"},
				"down": {"uv": [1, 14, 0.5, 14.5], "texture": "#1"}
			}
		},
		{
			"from": [9.13293, 14.54095, 7.87],
			"to": [9.23293, 15.64095, 8.13],
			"light_emission": 15,
			"rotation": {"angle": 0, "axis": "y", "origin": [9.73293, 14.84095, 7.995]},
			"faces": {
				"north": {"uv": [1.5, 1.5, 1, 0], "texture": "#1"},
				"east": {"uv": [0.5, 15, 0, 14.5], "texture": "#1"},
				"south": {"uv": [1.5, 0.5, 1, 0], "texture": "#1"},
				"west": {"uv": [0.5, 15, 0, 14.5], "texture": "#1"},
				"up": {"uv": [0.5, 15, 0, 14.5], "texture": "#1"},
				"down": {"uv": [1, 14, 0.5, 14.5], "texture": "#1"}
			}
		},
		{
			"from": [8.68858, 7.98839, 7.898],
			"to": [9.18858, 11.08839, 8.103],
			"light_emission": 15,
			"rotation": {"angle": 22.5, "axis": "z", "origin": [9.73858, 10.48839, 7.888]},
			"faces": {
				"north": {"uv": [0.5, 4.75, 0, 8.2], "texture": "#1"},
				"east": {"uv": [0.5, 4.75, 0, 8.2], "texture": "#1"},
				"south": {"uv": [0.5, 4.75, 0, 8.2], "texture": "#1"},
				"west": {"uv": [0.5, 15, 0, 14.5], "texture": "#1"},
				"up": {"uv": [0.5, 14.5, 0, 15], "texture": "#1"},
				"down": {"uv": [0.5, 14.5, 0, 15], "texture": "#1"}
			}
		},
		{
			"from": [7.30276, 7.81436, 7.895],
			"to": [7.80276, 10.91436, 8.105],
			"light_emission": 15,
			"rotation": {"angle": 22.5, "axis": "z", "origin": [8.35276, 9.91436, 7.88275]},
			"faces": {
				"north": {"uv": [0.5, 4.4, 0, 7.75], "texture": "#1"},
				"east": {"uv": [0.5, 15, 0, 14.5], "texture": "#1"},
				"south": {"uv": [0.5, 4.4, 0, 7.75], "texture": "#1"},
				"west": {"uv": [0.5, 4.4, 0, 7.75], "texture": "#1"},
				"up": {"uv": [0.5, 14.5, 0, 15], "texture": "#1"},
				"down": {"uv": [0.5, 14.5, 0, 15], "texture": "#1"}
			}
		},
		{
			"from": [8.27039, 19.12717, 7.9002],
			"to": [8.77039, 20.42717, 8.0997],
			"light_emission": 15,
			"rotation": {"angle": 0, "axis": "y", "origin": [2.27039, 17.42717, -0.5102]},
			"faces": {
				"north": {"uv": [0, 2.5, 0.5, 4], "texture": "#1"},
				"east": {"uv": [0, 2.5, 0.5, 4], "texture": "#1"},
				"south": {"uv": [0, 2.5, 0.5, 4], "texture": "#1"},
				"west": {"uv": [0.5, 15, 1, 15.5], "texture": "#1"},
				"up": {"uv": [0, 14.5, 0.5, 15], "texture": "#1"},
				"down": {"uv": [0.5, 15, 1, 15.5], "texture": "#1"}
			}
		},
		{
			"from": [7.27039, 19.02717, 7.895],
			"to": [8.27039, 20.32717, 8.0945],
			"rotation": {"angle": 0, "axis": "y", "origin": [0.77039, 17.42717, -0.5102]},
			"faces": {
				"north": {"uv": [2.5, 4.5, 3.5, 6], "texture": "#1"},
				"east": {"uv": [0.5, 15, 1.5, 15.5], "texture": "#1"},
				"south": {"uv": [2.5, 4.5, 3.5, 6], "texture": "#1"},
				"west": {"uv": [0.5, 15, 1.5, 15.5], "texture": "#1"},
				"up": {"uv": [0.5, 15, 1.5, 15.5], "texture": "#1"},
				"down": {"uv": [0.5, 15, 1.5, 15.5], "texture": "#1"}
			}
		},
		{
			"from": [6.77039, 18.92717, 7.895],
			"to": [7.27039, 20.42717, 8.105],
			"light_emission": 15,
			"rotation": {"angle": 0, "axis": "y", "origin": [0.77039, 17.42717, -0.5]},
			"faces": {
				"north": {"uv": [0, 2.65, 0.5, 4], "texture": "#1"},
				"east": {"uv": [0.5, 15, 1, 15.5], "texture": "#1"},
				"south": {"uv": [0, 2.65, 0.5, 4], "texture": "#1"},
				"west": {"uv": [0, 2.65, 0.5, 4], "texture": "#1"},
				"up": {"uv": [0, 14.5, 0.5, 15], "texture": "#1"},
				"down": {"uv": [0.5, 15, 1, 15.5], "texture": "#1"}
			}
		},
		{
			"from": [7.84123, 15.75735, 7.895],
			"to": [8.84123, 19.55735, 8.105],
			"rotation": {"angle": 22.5, "axis": "z", "origin": [8.89123, 17.85735, 7.995]},
			"faces": {
				"north": {"uv": [5, 8.75, 4, 12], "texture": "#1"},
				"east": {"uv": [0.5, 15, 0, 14.5], "texture": "#1"},
				"south": {"uv": [5, 8.75, 4, 12], "texture": "#1"},
				"west": {"uv": [0.5, 15, 0, 14.5], "texture": "#1"},
				"up": {"uv": [0.5, 15, 0, 14.5], "texture": "#1"},
				"down": {"uv": [1, 14, 0.5, 14.5], "texture": "#1"}
			}
		},
		{
			"from": [8.68858, 15.92481, 7.895],
			"to": [9.18858, 19.72481, 8.1],
			"light_emission": 15,
			"rotation": {"angle": 22.5, "axis": "z", "origin": [9.73858, 18.42481, 7.885]},
			"faces": {
				"north": {"uv": [2.5, 9.05, 2, 11.95], "texture": "#1"},
				"east": {"uv": [2.5, 9.05, 2, 11.95], "texture": "#1"},
				"south": {"uv": [2.5, 9.05, 2, 11.95], "texture": "#1"},
				"west": {"uv": [0.5, 15, 0, 14.5], "texture": "#1"},
				"up": {"uv": [0.5, 14.5, 0, 15], "texture": "#1"},
				"down": {"uv": [0.5, 14.5, 0, 15], "texture": "#1"}
			}
		},
		{
			"from": [7.45583, 15.78123, 7.895],
			"to": [7.95583, 19.48123, 8.105],
			"light_emission": 15,
			"rotation": {"angle": 22.5, "axis": "z", "origin": [8.50583, 17.48123, 7.88275]},
			"faces": {
				"north": {"uv": [2.5, 8.5, 2, 11.95], "texture": "#1"},
				"east": {"uv": [0.5, 15, 0, 14.5], "texture": "#1"},
				"south": {"uv": [2.5, 8.5, 2, 11.95], "texture": "#1"},
				"west": {"uv": [2.5, 8.5, 2, 11.95], "texture": "#1"},
				"up": {"uv": [0.5, 14.5, 0, 15], "texture": "#1"},
				"down": {"uv": [0.5, 14.5, 0, 15], "texture": "#1"}
			}
		},
		{
			"from": [8.42245, 3.63749, 7.898],
			"to": [9.42245, 7.03749, 8.103],
			"rotation": {"angle": -22.5, "axis": "z", "origin": [8.37245, 6.13749, 7.998]},
			"faces": {
				"north": {"uv": [0.5, 10.5, 1.5, 14], "texture": "#1"},
				"east": {"uv": [0, 15, 0.5, 14.5], "texture": "#1"},
				"south": {"uv": [0.5, 10.5, 1.5, 14], "texture": "#1"},
				"west": {"uv": [0, 15, 0.5, 14.5], "texture": "#1"},
				"up": {"uv": [0, 15, 0.5, 14.5], "texture": "#1"},
				"down": {"uv": [0.5, 14, 1, 14.5], "texture": "#1"}
			}
		},
		{
			"from": [9.68715, 14.40463, 7.895],
			"to": [10.18715, 15.90463, 8.105],
			"light_emission": 15,
			"rotation": {"angle": 0, "axis": "y", "origin": [3.68715, 12.90463, -0.49975]},
			"faces": {
				"north": {"uv": [2, 6.5, 2.5, 8.1], "texture": "#1"},
				"east": {"uv": [2, 6.5, 2.5, 8.1], "texture": "#1"},
				"south": {"uv": [2, 6.5, 2.5, 8.1], "texture": "#1"},
				"west": {"uv": [0.5, 15, 1, 15.5], "texture": "#1"},
				"up": {"uv": [0, 14.5, 0.5, 15], "texture": "#1"},
				"down": {"uv": [0.5, 15, 1, 15.5], "texture": "#1"}
			}
		},
		{
			"from": [8.68715, 14.50463, 7.9002],
			"to": [9.68715, 15.90463, 8.0997],
			"rotation": {"angle": 0, "axis": "y", "origin": [2.18715, 12.80463, -0.50495]},
			"faces": {
				"north": {"uv": [2.5, 6.5, 3.5, 8], "texture": "#1"},
				"east": {"uv": [0.5, 15, 1.5, 15.5], "texture": "#1"},
				"south": {"uv": [2.5, 6.5, 3.5, 8], "texture": "#1"},
				"west": {"uv": [0.5, 15, 1.5, 15.5], "texture": "#1"},
				"up": {"uv": [0.5, 15, 1.5, 15.5], "texture": "#1"},
				"down": {"uv": [0.5, 15, 1.5, 15.5], "texture": "#1"}
			}
		},
		{
			"from": [8.18715, 14.50463, 7.9002],
			"to": [8.68715, 15.90463, 8.0997],
			"light_emission": 15,
			"rotation": {"angle": 0, "axis": "y", "origin": [2.18715, 12.70463, -0.49995]},
			"faces": {
				"north": {"uv": [2, 6.7, 2.5, 7.9], "texture": "#1"},
				"east": {"uv": [0.5, 15, 1, 15.5], "texture": "#1"},
				"south": {"uv": [2, 6.7, 2.5, 7.9], "texture": "#1"},
				"west": {"uv": [2, 6.7, 2.5, 7.9], "texture": "#1"},
				"up": {"uv": [0, 14.5, 0.5, 15], "texture": "#1"},
				"down": {"uv": [0.5, 15, 1, 15.5], "texture": "#1"}
			}
		},
		{
			"from": [9.38439, 11.78257, 7.9002],
			"to": [9.88439, 14.88257, 8.0997],
			"light_emission": 15,
			"rotation": {"angle": -22.5, "axis": "z", "origin": [8.83439, 13.88257, 7.88275]},
			"faces": {
				"north": {"uv": [2, 8.6, 2.5, 12], "texture": "#1"},
				"east": {"uv": [2, 8.6, 2.5, 12], "texture": "#1"},
				"south": {"uv": [2, 8.6, 2.5, 12], "texture": "#1"},
				"west": {"uv": [0, 15, 0.5, 14.5], "texture": "#1"},
				"up": {"uv": [0, 14.5, 0.5, 15], "texture": "#1"},
				"down": {"uv": [0, 14.5, 0.5, 15], "texture": "#1"}
			}
		},
		{
			"from": [7.99857, 11.9566, 7.895],
			"to": [8.49857, 15.1066, 8.105],
			"light_emission": 15,
			"rotation": {"angle": -22.5, "axis": "z", "origin": [7.44857, 14.4566, 7.888]},
			"faces": {
				"north": {"uv": [2, 9.3, 2.5, 12], "texture": "#1"},
				"east": {"uv": [0, 15, 0.5, 14.5], "texture": "#1"},
				"south": {"uv": [2, 9.3, 2.5, 12], "texture": "#1"},
				"west": {"uv": [2, 9.3, 2.5, 12], "texture": "#1"},
				"up": {"uv": [0, 14.5, 0.5, 15], "texture": "#1"},
				"down": {"uv": [0, 14.5, 0.5, 15], "texture": "#1"}
			}
		},
		{
			"from": [8.42245, 11.77391, 7.895],
			"to": [9.42245, 14.97391, 8.1],
			"rotation": {"angle": -22.5, "axis": "z", "origin": [8.37245, 14.07391, 7.995]},
			"faces": {
				"north": {"uv": [2.5, 8.7, 3.5, 12], "texture": "#1"},
				"east": {"uv": [0, 15, 0.5, 14.5], "texture": "#1"},
				"south": {"uv": [2.5, 8.7, 3.5, 12], "texture": "#1"},
				"west": {"uv": [0, 15, 0.5, 14.5], "texture": "#1"},
				"up": {"uv": [0, 15, 0.5, 14.5], "texture": "#1"},
				"down": {"uv": [0.5, 14, 1, 14.5], "texture": "#1"}
			}
		},
		{
			"from": [9.00171, 20.30377, 7.895],
			"to": [9.50171, 23.00377, 8.0945],
			"light_emission": 15,
			"rotation": {"angle": -22.5, "axis": "z", "origin": [8.45171, 22.00377, 7.87755]},
			"faces": {
				"north": {"uv": [2, 8.95, 2.5, 12], "texture": "#1"},
				"east": {"uv": [2, 8.95, 2.5, 12], "texture": "#1"},
				"south": {"uv": [2, 8.95, 2.5, 12], "texture": "#1"},
				"west": {"uv": [0, 15, 0.5, 14.5], "texture": "#1"},
				"up": {"uv": [0, 14.5, 0.5, 15], "texture": "#1"},
				"down": {"uv": [0, 14.5, 0.5, 15], "texture": "#1"}
			}
		},
		{
			"from": [7.76897, 20.44735, 7.895],
			"to": [8.26897, 23.24735, 8.105],
			"light_emission": 15,
			"rotation": {"angle": -22.5, "axis": "z", "origin": [7.21897, 22.94735, 7.888]},
			"faces": {
				"north": {"uv": [2, 9.8, 2.5, 12], "texture": "#1"},
				"east": {"uv": [0, 15, 0.5, 14.5], "texture": "#1"},
				"south": {"uv": [2, 9.8, 2.5, 12], "texture": "#1"},
				"west": {"uv": [2, 9.8, 2.5, 12], "texture": "#1"},
				"up": {"uv": [0, 14.5, 0.5, 15], "texture": "#1"},
				"down": {"uv": [0, 14.5, 0.5, 15], "texture": "#1"}
			}
		},
		{
			"from": [8.11631, 20.17989, 7.895],
			"to": [9.11631, 23.07989, 8.1],
			"rotation": {"angle": -22.5, "axis": "z", "origin": [8.06631, 22.37989, 7.995]},
			"faces": {
				"north": {"uv": [5.5, 8.65, 6.5, 12], "texture": "#1"},
				"east": {"uv": [0, 15, 0.5, 14.5], "texture": "#1"},
				"south": {"uv": [5.5, 8.6, 6.5, 12], "texture": "#1"},
				"west": {"uv": [0, 15, 0.5, 14.5], "texture": "#1"},
				"up": {"uv": [0, 15, 0.5, 14.5], "texture": "#1"},
				"down": {"uv": [0.5, 14, 1, 14.5], "texture": "#1"}
			}
		},
		{
			"from": [8.30426, 22.62479, 7.895],
			"to": [9.30426, 23.92479, 8.1],
			"rotation": {"angle": 0, "axis": "z", "origin": [8.80426, 24.07479, 7.9975]},
			"faces": {
				"north": {"uv": [5.5, 8.15, 6.5, 9.5], "texture": "#1"},
				"east": {"uv": [0, 15, 0.5, 14.5], "texture": "#1"},
				"south": {"uv": [5.5, 8.15, 6.5, 9.5], "texture": "#1"},
				"west": {"uv": [0, 15, 0.5, 14.5], "texture": "#1"},
				"up": {"uv": [0, 15, 0.5, 14.5], "texture": "#1"},
				"down": {"uv": [0.5, 14, 1, 14.5], "texture": "#1"}
			}
		},
		{
			"from": [7.47784, 23.55652, 7.895],
			"to": [8.40284, 25.35652, 8.1],
			"rotation": {"angle": 22.5, "axis": "z", "origin": [7.92784, 26.00652, 7.9975]},
			"faces": {
				"north": {"uv": [5.5, 7.15, 6.5, 9.5], "texture": "#1"},
				"east": {"uv": [0, 15, 0.5, 14.5], "texture": "#1"},
				"south": {"uv": [5.5, 7.15, 6.5, 9.5], "texture": "#1"},
				"west": {"uv": [0, 15, 0.5, 14.5], "texture": "#1"},
				"up": {"uv": [0, 15, 0.5, 14.5], "texture": "#1"},
				"down": {"uv": [0.5, 14, 1, 14.5], "texture": "#1"}
			}
		},
		{
			"from": [9.68715, 6.46821, 7.895],
			"to": [10.18715, 7.96821, 8.105],
			"light_emission": 15,
			"rotation": {"angle": 0, "axis": "y", "origin": [3.68715, 4.96821, -0.49975]},
			"faces": {
				"north": {"uv": [0, 8.5, 0.5, 10.1], "texture": "#1"},
				"east": {"uv": [0, 8.5, 0.5, 10.1], "texture": "#1"},
				"south": {"uv": [0, 8.5, 0.5, 10.1], "texture": "#1"},
				"west": {"uv": [0.5, 15, 1, 15.5], "texture": "#1"},
				"up": {"uv": [0, 14.5, 0.5, 15], "texture": "#1"},
				"down": {"uv": [0.5, 15, 1, 15.5], "texture": "#1"}
			}
		},
		{
			"from": [8.68715, 6.56821, 7.9002],
			"to": [9.68715, 7.96821, 8.0997],
			"rotation": {"angle": 0, "axis": "y", "origin": [2.18715, 4.96821, -0.49975]},
			"faces": {
				"north": {"uv": [0.5, 8.5, 1.5, 10], "texture": "#1"},
				"east": {"uv": [0.5, 15, 1.5, 15.5], "texture": "#1"},
				"south": {"uv": [0.5, 8.5, 1.5, 10], "texture": "#1"},
				"west": {"uv": [0.5, 15, 1.5, 15.5], "texture": "#1"},
				"up": {"uv": [0.5, 15, 1.5, 15.5], "texture": "#1"},
				"down": {"uv": [0.5, 15, 1.5, 15.5], "texture": "#1"}
			}
		},
		{
			"from": [8.18715, 6.66821, 7.9002],
			"to": [8.68715, 7.96821, 8.0997],
			"light_emission": 15,
			"rotation": {"angle": 0, "axis": "y", "origin": [2.18715, 4.96821, -0.49475]},
			"faces": {
				"north": {"uv": [0, 8.5, 0.5, 9.9], "texture": "#1"},
				"east": {"uv": [0.5, 15, 1, 15.5], "texture": "#1"},
				"south": {"uv": [0, 8.5, 0.5, 9.9], "texture": "#1"},
				"west": {"uv": [0, 8.5, 0.5, 9.9], "texture": "#1"},
				"up": {"uv": [0, 14.5, 0.5, 15], "texture": "#1"},
				"down": {"uv": [0.5, 15, 1, 15.5], "texture": "#1"}
			}
		},
		{
			"from": [8.7685, 25.22031, 7.895],
			"to": [9.2685, 26.97031, 8.098],
			"light_emission": 15,
			"rotation": {"angle": 0, "axis": "z", "origin": [8.2685, 26.73143, 7.777]},
			"faces": {
				"north": {"uv": [5, 5.5, 5.5, 7.5], "texture": "#1"},
				"east": {"uv": [5, 5.5, 5.5, 7.5], "texture": "#1"},
				"south": {"uv": [5, 5.5, 5.5, 7.5], "texture": "#1"},
				"west": {"uv": [1.5, 5, 1.55, 6.5], "texture": "#1"},
				"up": {"uv": [0.5, 14, 0, 14.5], "texture": "#1"},
				"down": {"uv": [4, 15.5, 2, 16], "texture": "#1"}
			}
		},
		{
			"from": [9.30447, 22.52583, 7.895],
			"to": [9.80447, 24.02583, 8.098],
			"light_emission": 15,
			"rotation": {"angle": 0, "axis": "y", "origin": [8.80447, 25.03695, 7.777]},
			"faces": {
				"north": {"uv": [5, 5.5, 5.5, 8.5], "texture": "#1"},
				"east": {"uv": [5, 5.5, 5.5, 8.5], "texture": "#1"},
				"south": {"uv": [5, 5.5, 5.5, 8.5], "texture": "#1"},
				"west": {"uv": [1.5, 5, 1.55, 6.5], "texture": "#1"},
				"up": {"uv": [0.5, 14, 0, 14.5], "texture": "#1"},
				"down": {"uv": [4, 15.5, 2, 16], "texture": "#1"}
			}
		},
		{
			"from": [7.80385, 22.8227, 7.895],
			"to": [8.30385, 23.9477, 8.098],
			"light_emission": 15,
			"rotation": {"angle": 0, "axis": "y", "origin": [7.30385, 25.33382, 7.777]},
			"faces": {
				"north": {"uv": [5, 5.5, 5.5, 8], "texture": "#1"},
				"east": {"uv": [5, 5.5, 5.5, 8], "texture": "#1"},
				"south": {"uv": [5, 5.5, 5.5, 8], "texture": "#1"},
				"west": {"uv": [5, 5.5, 5.5, 8], "texture": "#1"},
				"up": {"uv": [0.5, 14, 0, 14.5], "texture": "#1"},
				"down": {"uv": [4, 15.5, 2, 16], "texture": "#1"}
			}
		},
		{
			"from": [8.41962, 23.452, 7.895],
			"to": [8.91962, 24.952, 8.098],
			"light_emission": 15,
			"rotation": {"angle": 22.5, "axis": "z", "origin": [7.91962, 25.96312, 7.777]},
			"faces": {
				"north": {"uv": [5, 5.5, 5.5, 7], "texture": "#1"},
				"east": {"uv": [5, 5.5, 5.5, 7], "texture": "#1"},
				"south": {"uv": [5, 5.5, 5.5, 7], "texture": "#1"},
				"west": {"uv": [3.5, 15.5, 4, 16], "texture": "#1"},
				"up": {"uv": [3, 15.5, 3.5, 16], "texture": "#1"},
				"down": {"uv": [3, 15.5, 3.5, 16], "texture": "#1"}
			}
		},
		{
			"from": [6.93685, 23.39038, 7.895],
			"to": [7.39685, 24.96538, 8.098],
			"light_emission": 15,
			"rotation": {"angle": 22.5, "axis": "z", "origin": [6.46185, 25.9265, 7.777]},
			"faces": {
				"north": {"uv": [5, 5.5, 5.5, 7], "texture": "#1"},
				"east": {"uv": [5, 5.5, 5.5, 7], "texture": "#1"},
				"south": {"uv": [5, 5.5, 5.5, 7], "texture": "#1"},
				"west": {"uv": [5, 5.5, 5.5, 7], "texture": "#1"},
				"up": {"uv": [3, 15.5, 3.5, 16], "texture": "#1"},
				"down": {"uv": [3, 15.5, 3.5, 16], "texture": "#1"}
			}
		},
		{
			"from": [7.2685, 25.22031, 7.895],
			"to": [7.7685, 26.97031, 8.098],
			"light_emission": 15,
			"rotation": {"angle": 0, "axis": "z", "origin": [6.7685, 26.43143, 7.777]},
			"faces": {
				"north": {"uv": [5, 4.9, 5.5, 7.5], "texture": "#1"},
				"east": {"uv": [0.5, 14, 0, 14.5], "texture": "#1"},
				"south": {"uv": [5, 4.9, 5.5, 7.5], "texture": "#1"},
				"west": {"uv": [5, 4.9, 5.5, 7.5], "texture": "#1"},
				"up": {"uv": [0.5, 14, 0, 14.5], "texture": "#1"},
				"down": {"uv": [4, 15.5, 2, 16], "texture": "#1"}
			}
		},
		{
			"from": [7.7685, 25.22031, 7.895],
			"to": [8.7685, 26.97031, 8.098],
			"rotation": {"angle": 0, "axis": "z", "origin": [7.2685, 26.63143, 7.777]},
			"faces": {
				"north": {"uv": [5.5, 5.5, 6.5, 7.4], "texture": "#1"},
				"east": {"uv": [0.5, 14, 0, 14.5], "texture": "#1"},
				"south": {"uv": [5.5, 5.5, 6.5, 7.9], "texture": "#1"},
				"west": {"uv": [1.5, 5, 1.55, 6.5], "texture": "#1"},
				"up": {"uv": [0.5, 14, 0, 14.5], "texture": "#1"},
				"down": {"uv": [4, 15.5, 2, 16], "texture": "#1"}
			}
		},
		{
			"from": [7.2685, 26.97031, 7.895],
			"to": [9.2685, 28.97031, 8.098],
			"light_emission": 15,
			"rotation": {"angle": 0, "axis": "z", "origin": [8.2685, 26.73143, 7.777]},
			"faces": {
				"north": {"uv": [5, 3.5, 7, 5.5], "texture": "#1"},
				"east": {"uv": [5.45, 3.5, 5, 5.5], "texture": "#1"},
				"south": {"uv": [7, 3.5, 5, 5.5], "texture": "#1"},
				"west": {"uv": [6.5, 3.5, 7, 5.5], "texture": "#1"},
				"up": {"uv": [7, 3.5, 5, 4], "texture": "#1"},
				"down": {"uv": [7, 6.5, 5, 7], "texture": "#1"}
			}
		},
		{
			"from": [8.2685, 28.97031, 7.895],
			"to": [9.2685, 27.97031, 8.098],
			"light_emission": 15,
			"rotation": {"angle": 0, "axis": "z", "origin": [8.2685, 27.63143, 7.777]},
			"faces": {
				"north": {"uv": [6, 3.5, 5, 4.5], "texture": "#1"},
				"east": {"uv": [6, 3.5, 5, 4.5], "texture": "#1"},
				"south": {"uv": [6, 3.5, 5, 4.5], "texture": "#1"},
				"west": {"uv": [6.5, 3.5, 6.925, 4.5], "texture": "#1"},
				"up": {"uv": [6.5, 3.5, 6.9, 4.5], "texture": "#1"},
				"down": {"uv": [6, 3.5, 5, 4.5], "texture": "#1"}
			}
		},
		{
			"from": [7, -6.2, 7.65],
			"to": [9, 1, 8.35],
			"rotation": {"angle": 0, "axis": "y", "origin": [1, -0.1, -0.5]},
			"faces": {
				"north": {"uv": [11.5, 0, 12.5, 3.5], "texture": "#1"},
				"east": {"uv": [11.5, 0, 12, 3.5], "texture": "#1"},
				"south": {"uv": [12.5, 0, 11.5, 3.5], "texture": "#1"},
				"west": {"uv": [12, 0, 12.5, 3.5], "texture": "#1"},
				"up": {"uv": [6, 0.5, 5.5, 0], "texture": "#1"},
				"down": {"uv": [6, 0.5, 5.5, 1], "texture": "#1"}
			}
		},
		{
			"from": [6.95, -6.6, 7.6],
			"to": [9.05, -6.1, 8.4],
			"rotation": {"angle": 0, "axis": "y", "origin": [1, -0.1, -0.5]},
			"faces": {
				"north": {"uv": [15, 0, 16, 0.5], "texture": "#1"},
				"east": {"uv": [15, 0, 15.5, 0.5], "texture": "#1"},
				"south": {"uv": [16, 0, 15, 0.5], "texture": "#1"},
				"west": {"uv": [15.5, 0, 16, 0.5], "texture": "#1"},
				"up": {"uv": [16, 0, 15, 0.5], "texture": "#1"},
				"down": {"uv": [16, 0, 15, 0.5], "texture": "#1"}
			}
		},
		{
			"name": "guard",
			"from": [5.5, 1, 5.5],
			"to": [10.5, 2, 10.5],
			"rotation": {"angle": 0, "axis": "y", "origin": [-11, 0.5, -0.5]},
			"faces": {
				"north": {"uv": [2, 0, 4.5, 0.5], "texture": "#1"},
				"east": {"uv": [2, 0, 4.5, 0.5], "texture": "#1"},
				"south": {"uv": [2, 0, 4.5, 0.5], "texture": "#1"},
				"west": {"uv": [2, 0, 4.5, 0.5], "texture": "#1"},
				"up": {"uv": [2, 0.5, 4.5, 3], "texture": "#1"},
				"down": {"uv": [2, 0.5, 4.5, 3], "texture": "#1"}
			}
		},
		{
			"name": "guard_inner_cubes",
			"from": [7.5, 2, 6.5],
			"to": [8.5, 1, 7.5],
			"rotation": {"angle": 0, "axis": "y", "origin": [-11, 0.5, -0.5]},
			"faces": {
				"north": {"uv": [3, 0.5, 3.5, 1], "texture": "#1"},
				"east": {"uv": [3, 0.5, 3.5, 1], "texture": "#1"},
				"south": {"uv": [3, 1.5, 3.5, 2], "texture": "#1"},
				"west": {"uv": [3, 0.5, 3.5, 1], "texture": "#1"},
				"up": {"uv": [4, 0.5, 4.5, 1], "texture": "#1"},
				"down": {"uv": [4, 0.5, 4.5, 1], "texture": "#1"}
			}
		},
		{
			"name": "guard_inner_cubes",
			"from": [7.5, 2, 8.5],
			"to": [8.5, 1, 9.5],
			"rotation": {"angle": 0, "axis": "y", "origin": [-11, 0.5, 0]},
			"faces": {
				"north": {"uv": [3, 1.5, 3.5, 2], "texture": "#1"},
				"east": {"uv": [3, 0.5, 3.5, 1], "texture": "#1"},
				"south": {"uv": [3, 0.5, 3.5, 1], "texture": "#1"},
				"west": {"uv": [3, 0.5, 3.5, 1], "texture": "#1"},
				"up": {"uv": [4, 0.5, 4.5, 1], "texture": "#1"},
				"down": {"uv": [4, 0.5, 4.5, 1], "texture": "#1"}
			}
		},
		{
			"name": "guard_inner_cubes",
			"from": [5.5, 2, 7.5],
			"to": [6.5, 1, 8.5],
			"rotation": {"angle": 0, "axis": "y", "origin": [29, 0.5, -0.5]},
			"faces": {
				"north": {"uv": [3, 0.5, 2.5, 1], "texture": "#1"},
				"east": {"uv": [3.5, 1.5, 3, 2], "texture": "#1"},
				"south": {"uv": [2.5, 1, 2, 1.5], "texture": "#1"},
				"west": {"uv": [3.5, 0, 3, 0.5], "texture": "#1"},
				"up": {"uv": [4.5, 0.5, 4, 1], "texture": "#1"},
				"down": {"uv": [4.5, 0.5, 4, 1], "texture": "#1"}
			}
		},
		{
			"name": "guard_inner_cubes",
			"from": [9.5, 2, 7.5],
			"to": [10.5, 1, 8.5],
			"rotation": {"angle": 0, "axis": "y", "origin": [-11, 0.5, -0.5]},
			"faces": {
				"north": {"uv": [4.5, 1, 4, 1.5], "texture": "#1"},
				"east": {"uv": [3, 0, 3.5, 0.5], "texture": "#1"},
				"south": {"uv": [2.5, 0.5, 3, 1], "texture": "#1"},
				"west": {"uv": [3, 1.5, 3.5, 2], "texture": "#1"},
				"up": {"uv": [4, 0.5, 4.5, 1], "texture": "#1"},
				"down": {"uv": [4, 0.5, 4, 1], "texture": "#1"}
			}
		},
		{
			"name": "guard_inner_cubes",
			"from": [9.5, 2, 5.5],
			"to": [10.5, 1, 6.5],
			"rotation": {"angle": 0, "axis": "y", "origin": [-11, 0.5, -0.5]},
			"faces": {
				"north": {"uv": [4, 0, 4.5, 0.5], "texture": "#1"},
				"east": {"uv": [4, 0, 4.5, 0.5], "texture": "#1"},
				"south": {"uv": [4.5, 1, 4, 1.5], "texture": "#1"},
				"west": {"uv": [4.5, 1, 4, 1.5], "texture": "#1"},
				"up": {"uv": [4, 0.5, 4.5, 1], "texture": "#1"},
				"down": {"uv": [4, 0.5, 4.5, 1], "texture": "#1"}
			}
		},
		{
			"name": "guard_inner_cubes",
			"from": [5.5, 2, 5.5],
			"to": [6.5, 1, 6.5],
			"rotation": {"angle": 0, "axis": "y", "origin": [29, 0.5, -0.5]},
			"faces": {
				"north": {"uv": [4.5, 0, 4, 0.5], "texture": "#1"},
				"east": {"uv": [4.5, 1, 4, 1.5], "texture": "#1"},
				"south": {"uv": [4.5, 1, 4, 1.5], "texture": "#1"},
				"west": {"uv": [4.5, 0, 4, 0.5], "texture": "#1"},
				"up": {"uv": [4.5, 0.5, 4, 1], "texture": "#1"},
				"down": {"uv": [4.5, 0.5, 4, 1], "texture": "#1"}
			}
		},
		{
			"name": "guard_inner_cubes",
			"from": [5.5, 2, 9.5],
			"to": [6.5, 1, 10.5],
			"rotation": {"angle": 0, "axis": "y", "origin": [29, 0.5, 15.5]},
			"faces": {
				"north": {"uv": [4.5, 1, 4, 1.5], "texture": "#1"},
				"east": {"uv": [4.5, 1, 4, 1.5], "texture": "#1"},
				"south": {"uv": [4, 0, 4.5, 0.5], "texture": "#1"},
				"west": {"uv": [4, 0, 4.5, 0.5], "texture": "#1"},
				"up": {"uv": [4.5, 1, 4, 0.5], "texture": "#1"},
				"down": {"uv": [4.5, 1, 4, 0.5], "texture": "#1"}
			}
		},
		{
			"name": "guard_inner_cubes",
			"from": [9.5, 2, 9.5],
			"to": [10.5, 1, 10.5],
			"rotation": {"angle": 0, "axis": "y", "origin": [-11, 0.5, 15.5]},
			"faces": {
				"north": {"uv": [4.5, 1, 4, 1.5], "texture": "#1"},
				"east": {"uv": [4.5, 0, 4, 0.5], "texture": "#1"},
				"south": {"uv": [4.5, 0, 4, 0.5], "texture": "#1"},
				"west": {"uv": [4, 0.5, 3.5, 1], "texture": "#1"},
				"up": {"uv": [4, 1, 4.5, 0.5], "texture": "#1"},
				"down": {"uv": [4, 1, 4.5, 0.5], "texture": "#1"}
			}
		},
		{
			"from": [7, 2, 7.9],
			"to": [9, 3, 8.1],
			"rotation": {"angle": 0, "axis": "y", "origin": [1, 1, -0.5]},
			"faces": {
				"north": {"uv": [0, 15.5, 2, 16], "texture": "#1"},
				"east": {"uv": [0, 15.5, 0.5, 16], "texture": "#1"},
				"south": {"uv": [2, 15.5, 0, 16], "texture": "#1"},
				"west": {"uv": [1.5, 15.5, 2, 16], "texture": "#1"},
				"up": {"uv": [2, 15.5, 0, 15.5], "texture": "#1"},
				"down": {"uv": [1, 3, 0, 2.5], "texture": "#1"}
			}
		}
	],
	"display": {
		"thirdperson_righthand": {
			"rotation": [90, 90, -90],
			"translation": [0, 7.75, 2.5]
		},
		"thirdperson_lefthand": {
			"rotation": [160, 90, 15],
			"translation": [0, -12, 3.5]
		},
		"firstperson_righthand": {
			"rotation": [0, 79.5, 0],
			"translation": [8, 0, -8]
		},
		"firstperson_lefthand": {
			"rotation": [-17.57, 74.6, -165.66],
			"translation": [9.5, -7.5, -8]
		},
		"ground": {
			"translation": [-0.5, 11.25, -0.25]
		},
		"gui": {
			"rotation": [-142.92, -40.98, -117.18],
			"translation": [-0.5, 0.5, 0],
			"scale": [0.5, 0.5, 0.5]
		},
		"head": {
			"scale": [0, 0, 0]
		},
		"fixed": {
			"translation": [2.25, -7.5, -2.25],
			"scale": [2, 2, 2]
		}
	},
	"groups": [
		{
			"name": "Blade",
			"origin": [8.90999, 22.06698, 7.78],
			"color": 0,
			"children": [
				0,
				1,
				2,
				3,
				4,
				5,
				6,
				7,
				8,
				9,
				10,
				11,
				12,
				13,
				14,
				15,
				16,
				17,
				18,
				19,
				20,
				21,
				22,
				23,
				24,
				25,
				26,
				27,
				28,
				29,
				30,
				31,
				32,
				33,
				34,
				35,
				36,
				37,
				38,
				39,
				40,
				41,
				42,
				43,
				44,
				45,
				46,
				47,
				48,
				49,
				50,
				51
			]
		},
		{
			"name": "Handle",
			"origin": [8, 8, 8],
			"color": 0,
			"children": [52, 53, 54, 55, 56, 57, 58, 59, 60, 61, 62, 63]
		}
	]
}