{
  "credit": "Made with Blockbench",
  "textures": {
    "0": "pelucias/hostile_mobs/overvorld/creaking/creaking/creaking",
    "1": "pelucias/hostile_mobs/overvorld/creaking/creaking/creaking",
    "particle": "pelucias/hostile_mobs/overvorld/creaking/creaking/creaking"
  },
  "elements": [
    {
      "name": "head 1",
      "from": [
        5,
        14,
        4
      ],
      "to": [
        11,
        24,
        10
      ],
      "rotation": {
        "angle": 0,
        "axis": "y",
        "origin": [
          9,
          16,
          8
        ]
      },
      "faces": {
        "north": {
          "uv": [
            4,
            0,
            5.5,
            2.5
          ],
          "texture": "#0"
        },
        "east": {
          "uv": [
            4,
            2.5,
            5.5,
            5
          ],
          "texture": "#0"
        },
        "south": {
          "uv": [
            4,
            5,
            5.5,
            7.5
          ],
          "texture": "#0"
        },
        "west": {
          "uv": [
            5.5,
            0,
            7,
            2.5
          ],
          "texture": "#0"
        },
        "up": {
          "uv": [
            7,
            4,
            5.5,
            2.5
          ],
          "texture": "#0"
        },
        "down": {
          "uv": [
            7,
            4,
            5.5,
            5.5
          ],
          "texture": "#0"
        }
      }
    },
    {
      "name": "head 2",
      "from": [
        5,
        24,
        4
      ],
      "to": [
        11,
        27,
        10
      ],
      "rotation": {
        "angle": 0,
        "axis": "y",
        "origin": [
          9,
          16,
          8
        ]
      },
      "faces": {
        "north": {
          "uv": [
            7,
            4,
            8.5,
            4.75
          ],
          "texture": "#0"
        },
        "east": {
          "uv": [
            7,
            4.75,
            8.5,
            5.5
          ],
          "texture": "#0"
        },
        "south": {
          "uv": [
            5.5,
            7,
            7,
            7.75
          ],
          "texture": "#0"
        },
        "west": {
          "uv": [
            7,
            5.5,
            8.5,
            6.25
          ],
          "texture": "#0"
        },
        "up": {
          "uv": [
            7,
            7,
            5.5,
            5.5
          ],
          "texture": "#0"
        },
        "down": {
          "uv": [
            1.5,
            7,
            0,
            8.5
          ],
          "texture": "#0"
        }
      }
    },
    {
      "name": "head 3 R",
      "from": [
        11,
        14,
        6.999
      ],
      "to": [
        19,
        28,
        6.999
      ],
      "rotation": {
        "angle": 0,
        "axis": "y",
        "origin": [
          11,
          14,
          7
        ]
      },
      "faces": {
        "north": {
          "uv": [
            0,
            0,
            2,
            3.5
          ],
          "texture": "#0"
        },
        "east": {
          "uv": [
            0,
            0,
            0,
            3.5
          ],
          "texture": "#0"
        },
        "south": {
          "uv": [
            2,
            0,
            4,
            3.5
          ],
          "texture": "#0"
        },
        "west": {
          "uv": [
            0,
            0,
            0,
            3.5
          ],
          "texture": "#0"
        },
        "up": {
          "uv": [
            2,
            0,
            0,
            0
          ],
          "texture": "#0"
        },
        "down": {
          "uv": [
            2,
            0,
            0,
            0
          ],
          "texture": "#0"
        }
      }
    },
    {
      "name": "head 3 L",
      "from": [
        -3,
        13,
        6.999
      ],
      "to": [
        5,
        27,
        6.999
      ],
      "rotation": {
        "angle": 0,
        "axis": "y",
        "origin": [
          -3,
          13,
          7
        ]
      },
      "faces": {
        "north": {
          "uv": [
            0,
            3.5,
            2,
            7
          ],
          "texture": "#0"
        },
        "east": {
          "uv": [
            0,
            0,
            0,
            3.5
          ],
          "texture": "#0"
        },
        "south": {
          "uv": [
            2,
            3.5,
            4,
            7
          ],
          "texture": "#0"
        },
        "west": {
          "uv": [
            0,
            0,
            0,
            3.5
          ],
          "texture": "#0"
        },
        "up": {
          "uv": [
            2,
            0,
            0,
            0
          ],
          "texture": "#0"
        },
        "down": {
          "uv": [
            2,
            0,
            0,
            0
          ],
          "texture": "#0"
        }
      }
    },
    {
      "name": "body 1",
      "from": [
        6,
        9,
        6
      ],
      "to": [
        10,
        13,
        10
      ],
      "rotation": {
        "angle": 0,
        "axis": "y",
        "origin": [
          7,
          14,
          8
        ]
      },
      "faces": {
        "north": {
          "uv": [
            7,
            6.25,
            8,
            7.25
          ],
          "texture": "#0"
        },
        "east": {
          "uv": [
            7,
            7.25,
            8,
            8.25
          ],
          "texture": "#0"
        },
        "south": {
          "uv": [
            3.5,
            7.5,
            4.5,
            8.5
          ],
          "texture": "#0"
        },
        "west": {
          "uv": [
            4.5,
            7.5,
            5.5,
            8.5
          ],
          "texture": "#0"
        },
        "up": {
          "uv": [
            6.5,
            8.75,
            5.5,
            7.75
          ],
          "texture": "#0"
        },
        "down": {
          "uv": [
            9,
            0,
            8,
            1
          ],
          "texture": "#0"
        }
      }
    },
    {
      "name": "body 1.5",
      "from": [
        6,
        13,
        6
      ],
      "to": [
        10,
        14,
        10
      ],
      "rotation": {
        "angle": 0,
        "axis": "y",
        "origin": [
          7,
          15,
          8
        ]
      },
      "faces": {
        "north": {
          "uv": [
            9.25,
            8.5,
            10.25,
            8.75
          ],
          "texture": "#0"
        },
        "east": {
          "uv": [
            9.25,
            8.25,
            10.25,
            8.5
          ],
          "texture": "#0"
        },
        "south": {
          "uv": [
            9.25,
            9,
            10.25,
            9.25
          ],
          "texture": "#0"
        },
        "west": {
          "uv": [
            9.25,
            8.75,
            10.25,
            9
          ],
          "texture": "#0"
        },
        "up": {
          "uv": [
            10.25,
            8.25,
            9.25,
            7.25
          ],
          "texture": "#0"
        },
        "down": {
          "uv": [
            10.25,
            6.25,
            9.25,
            7.25
          ],
          "texture": "#0"
        }
      }
    },
    {
      "name": "body 2",
      "from": [
        2,
        5,
        6
      ],
      "to": [
        6,
        13,
        10
      ],
      "rotation": {
        "angle": 0,
        "axis": "y",
        "origin": [
          3,
          9,
          8
        ]
      },
      "faces": {
        "north": {
          "uv": [
            7,
            0,
            8,
            2
          ],
          "texture": "#0"
        },
        "east": {
          "uv": [
            1.5,
            7,
            2.5,
            9
          ],
          "texture": "#0"
        },
        "south": {
          "uv": [
            7,
            2,
            8,
            4
          ],
          "texture": "#0"
        },
        "west": {
          "uv": [
            2.5,
            7,
            3.5,
            9
          ],
          "texture": "#0"
        },
        "up": {
          "uv": [
            9,
            2,
            8,
            1
          ],
          "texture": "#0"
        },
        "down": {
          "uv": [
            9,
            2,
            8,
            3
          ],
          "texture": "#0"
        }
      }
    },
    {
      "name": "R arm 1",
      "from": [
        9,
        9,
        7
      ],
      "to": [
        14,
        11,
        9
      ],
      "rotation": {
        "angle": -45,
        "axis": "z",
        "origin": [
          13,
          11,
          8
        ]
      },
      "faces": {
        "north": {
          "uv": [
            8,
            3,
            9.25,
            3.5
          ],
          "texture": "#0"
        },
        "east": {
          "uv": [
            3.5,
            7,
            4,
            7.5
          ],
          "texture": "#0"
        },
        "south": {
          "uv": [
            8,
            3.5,
            9.25,
            4
          ],
          "texture": "#0"
        },
        "west": {
          "uv": [
            5.5,
            8.75,
            6,
            9.25
          ],
          "texture": "#0"
        },
        "up": {
          "uv": [
            9.25,
            6.75,
            8,
            6.25
          ],
          "texture": "#0"
        },
        "down": {
          "uv": [
            9.25,
            6.75,
            8,
            7.25
          ],
          "texture": "#0"
        }
      }
    },
    {
      "name": "R arm 2",
      "from": [
        14,
        9,
        7
      ],
      "to": [
        15,
        11,
        9
      ],
      "rotation": {
        "angle": -45,
        "axis": "z",
        "origin": [
          13,
          11,
          8
        ]
      },
      "faces": {
        "north": {
          "uv": [
            1.25,
            8.5,
            1.5,
            9
          ],
          "texture": "#0"
        },
        "east": {
          "uv": [
            6,
            8.75,
            6.5,
            9.25
          ],
          "texture": "#0"
        },
        "south": {
          "uv": [
            9,
            2,
            9.25,
            2.5
          ],
          "texture": "#0"
        },
        "west": {
          "uv": [
            7.5,
            8.75,
            8,
            9.25
          ],
          "texture": "#0"
        },
        "up": {
          "uv": [
            2.75,
            9.5,
            2.5,
            9
          ],
          "texture": "#0"
        },
        "down": {
          "uv": [
            9.25,
            2.5,
            9,
            3
          ],
          "texture": "#0"
        }
      }
    },
    {
      "name": "L arm 1",
      "from": [
        -1,
        11,
        7
      ],
      "to": [
        1,
        15,
        9
      ],
      "rotation": {
        "angle": -45,
        "axis": "z",
        "origin": [
          -1,
          11,
          8
        ]
      },
      "faces": {
        "north": {
          "uv": [
            8.5,
            4,
            9,
            5
          ],
          "texture": "#0"
        },
        "east": {
          "uv": [
            4.5,
            8.5,
            5,
            9.5
          ],
          "texture": "#0"
        },
        "south": {
          "uv": [
            5,
            8.5,
            5.5,
            9.5
          ],
          "texture": "#0"
        },
        "west": {
          "uv": [
            8.5,
            5,
            9,
            6
          ],
          "texture": "#0"
        },
        "up": {
          "uv": [
            8.5,
            9.25,
            8,
            8.75
          ],
          "texture": "#0"
        },
        "down": {
          "uv": [
            9.25,
            8.25,
            8.75,
            8.75
          ],
          "texture": "#0"
        }
      }
    },
    {
      "name": "L arm 2",
      "from": [
        -1,
        15,
        7
      ],
      "to": [
        1,
        16,
        9
      ],
      "rotation": {
        "angle": -45,
        "axis": "z",
        "origin": [
          -1,
          11,
          8
        ]
      },
      "faces": {
        "north": {
          "uv": [
            8.5,
            6,
            9,
            6.25
          ],
          "texture": "#0"
        },
        "east": {
          "uv": [
            2.75,
            9,
            3.25,
            9.25
          ],
          "texture": "#0"
        },
        "south": {
          "uv": [
            9,
            4,
            9.5,
            4.25
          ],
          "texture": "#0"
        },
        "west": {
          "uv": [
            9,
            4.25,
            9.5,
            4.5
          ],
          "texture": "#0"
        },
        "up": {
          "uv": [
            9,
            9.25,
            8.5,
            8.75
          ],
          "texture": "#0"
        },
        "down": {
          "uv": [
            0.5,
            9,
            0,
            9.5
          ],
          "texture": "#0"
        }
      }
    },
    {
      "name": "L arm 3",
      "from": [
        -1,
        10,
        7
      ],
      "to": [
        1,
        11,
        9
      ],
      "rotation": {
        "angle": -45,
        "axis": "z",
        "origin": [
          -1,
          11,
          8
        ]
      },
      "faces": {
        "north": {
          "uv": [
            9,
            4.5,
            9.5,
            4.75
          ],
          "texture": "#0"
        },
        "east": {
          "uv": [
            9,
            4.75,
            9.5,
            5
          ],
          "texture": "#0"
        },
        "south": {
          "uv": [
            9,
            5,
            9.5,
            5.25
          ],
          "texture": "#0"
        },
        "west": {
          "uv": [
            9,
            5.25,
            9.5,
            5.5
          ],
          "texture": "#0"
        },
        "up": {
          "uv": [
            9.5,
            0.5,
            9,
            0
          ],
          "texture": "#0"
        },
        "down": {
          "uv": [
            1,
            9,
            0.5,
            9.5
          ],
          "texture": "#0"
        }
      }
    },
    {
      "name": "R leg 1",
      "from": [
        6.5,
        5.001,
        8
      ],
      "to": [
        8.5,
        7.001,
        9
      ],
      "rotation": {
        "angle": -22.5,
        "axis": "y",
        "origin": [
          7,
          6,
          5
        ]
      },
      "faces": {
        "north": {
          "uv": [
            9,
            0.5,
            9.5,
            1
          ],
          "texture": "#0"
        },
        "east": {
          "uv": [
            3.25,
            9,
            3.5,
            9.5
          ],
          "texture": "#0"
        },
        "south": {
          "uv": [
            1,
            9,
            1.5,
            9.5
          ],
          "texture": "#0"
        },
        "west": {
          "uv": [
            9,
            5.5,
            9.25,
            6
          ],
          "texture": "#0"
        },
        "up": {
          "uv": [
            9.5,
            6.25,
            9,
            6
          ],
          "texture": "#0"
        },
        "down": {
          "uv": [
            7,
            9,
            6.5,
            9.25
          ],
          "texture": "#0"
        }
      }
    },
    {
      "name": "R leg 2",
      "from": [
        6.5,
        5.001,
        3
      ],
      "to": [
        8.5,
        7.001,
        8
      ],
      "rotation": {
        "angle": -22.5,
        "axis": "y",
        "origin": [
          7,
          6,
          5
        ]
      },
      "faces": {
        "north": {
          "uv": [
            9,
            1,
            9.5,
            1.5
          ],
          "texture": "#0"
        },
        "east": {
          "uv": [
            8,
            7.25,
            9.25,
            7.75
          ],
          "texture": "#0"
        },
        "south": {
          "uv": [
            1.5,
            9,
            2,
            9.5
          ],
          "texture": "#0"
        },
        "west": {
          "uv": [
            8,
            7.75,
            9.25,
            8.25
          ],
          "texture": "#0"
        },
        "up": {
          "uv": [
            7,
            9,
            6.5,
            7.75
          ],
          "texture": "#0"
        },
        "down": {
          "uv": [
            7.5,
            8.25,
            7,
            9.5
          ],
          "texture": "#0"
        }
      }
    },
    {
      "name": "R leg 2",
      "from": [
        5.5,
        5.001,
        3.001
      ],
      "to": [
        9.5,
        8.001,
        3.001
      ],
      "rotation": {
        "angle": -22.5,
        "axis": "y",
        "origin": [
          7,
          6,
          5
        ]
      },
      "faces": {
        "north": {
          "uv": [
            1,
            10.5,
            2,
            11.25
          ],
          "texture": "#0"
        },
        "east": {
          "uv": [
            11.5,
            14.5,
            12.75,
            15
          ],
          "texture": "#0"
        },
        "south": {
          "uv": [
            1,
            11.25,
            2,
            12
          ],
          "texture": "#0"
        },
        "west": {
          "uv": [
            11.5,
            14,
            12.75,
            14.5
          ],
          "texture": "#0"
        },
        "up": {
          "uv": [
            13.25,
            15,
            12.75,
            13.75
          ],
          "texture": "#0"
        },
        "down": {
          "uv": [
            13.75,
            13.75,
            13.25,
            15
          ],
          "texture": "#0"
        }
      }
    },
    {
      "name": "L leg",
      "from": [
        1.5,
        5.001,
        3
      ],
      "to": [
        3.5,
        7.001,
        8
      ],
      "rotation": {
        "angle": 22.5,
        "axis": "y",
        "origin": [
          3,
          6,
          5
        ]
      },
      "faces": {
        "north": {
          "uv": [
            9,
            1.5,
            9.5,
            2
          ],
          "texture": "#0"
        },
        "east": {
          "uv": [
            7.5,
            8.25,
            8.75,
            8.75
          ],
          "texture": "#0"
        },
        "south": {
          "uv": [
            2,
            9,
            2.5,
            9.5
          ],
          "texture": "#0"
        },
        "west": {
          "uv": [
            0,
            8.5,
            1.25,
            9
          ],
          "texture": "#0"
        },
        "up": {
          "uv": [
            4,
            9.75,
            3.5,
            8.5
          ],
          "texture": "#0"
        },
        "down": {
          "uv": [
            4.5,
            8.5,
            4,
            9.75
          ],
          "texture": "#0"
        }
      }
    },
    {
      "name": "L leg",
      "from": [
        0.5,
        5.001,
        3.001
      ],
      "to": [
        4.5,
        8.001,
        3.001
      ],
      "rotation": {
        "angle": 22.5,
        "axis": "y",
        "origin": [
          3,
          6,
          5
        ]
      },
      "faces": {
        "north": {
          "uv": [
            0,
            11.25,
            1,
            12
          ],
          "texture": "#0"
        },
        "east": {
          "uv": [
            2,
            14.75,
            3.25,
            15.25
          ],
          "texture": "#0"
        },
        "south": {
          "uv": [
            0,
            10.5,
            1,
            11.25
          ],
          "texture": "#0"
        },
        "west": {
          "uv": [
            0,
            15.5,
            1.25,
            16
          ],
          "texture": "#0"
        },
        "up": {
          "uv": [
            5.5,
            15.25,
            5,
            14
          ],
          "texture": "#0"
        },
        "down": {
          "uv": [
            7.25,
            14.25,
            6.75,
            15.5
          ],
          "texture": "#0"
        }
      }
    },
    {
      "name": "head 3 inverted",
      "from": [
        11,
        27,
        10
      ],
      "to": [
        5,
        24,
        4
      ],
      "rotation": {
        "angle": 0,
        "axis": "y",
        "origin": [
          9,
          16,
          8
        ]
      },
      "faces": {
        "north": {
          "uv": [
            5.5,
            7.75,
            7,
            7
          ],
          "texture": "#0"
        },
        "east": {
          "uv": [
            7,
            6.25,
            8.5,
            5.5
          ],
          "texture": "#0"
        },
        "south": {
          "uv": [
            7,
            4.75,
            8.5,
            4
          ],
          "texture": "#0"
        },
        "west": {
          "uv": [
            7,
            5.5,
            8.5,
            4.75
          ],
          "texture": "#0"
        },
        "up": {
          "uv": [
            0,
            7,
            1.5,
            8.5
          ],
          "texture": "#0"
        },
        "down": {
          "uv": [
            5.5,
            7,
            7,
            5.5
          ],
          "texture": "#0"
        }
      }
    },
    {
      "name": "R arm 3 inverted",
      "from": [
        15,
        11,
        9
      ],
      "to": [
        14,
        9,
        7
      ],
      "rotation": {
        "angle": -45,
        "axis": "z",
        "origin": [
          13,
          11,
          8
        ]
      },
      "faces": {
        "north": {
          "uv": [
            9,
            2.5,
            9.25,
            2
          ],
          "texture": "#0"
        },
        "east": {
          "uv": [
            7.5,
            9.25,
            8,
            8.75
          ],
          "texture": "#0"
        },
        "south": {
          "uv": [
            1.25,
            9,
            1.5,
            8.5
          ],
          "texture": "#0"
        },
        "west": {
          "uv": [
            6,
            9.25,
            6.5,
            8.75
          ],
          "texture": "#0"
        },
        "up": {
          "uv": [
            9,
            2.5,
            9.25,
            3
          ],
          "texture": "#0"
        },
        "down": {
          "uv": [
            2.5,
            9.5,
            2.75,
            9
          ],
          "texture": "#0"
        }
      }
    },
    {
      "name": "L arm 4 inverted",
      "from": [
        1,
        11,
        9
      ],
      "to": [
        -1,
        10,
        7
      ],
      "rotation": {
        "angle": -45,
        "axis": "z",
        "origin": [
          -1,
          11,
          8
        ]
      },
      "faces": {
        "north": {
          "uv": [
            9,
            5.25,
            9.5,
            5
          ],
          "texture": "#0"
        },
        "east": {
          "uv": [
            9,
            5.5,
            9.5,
            5.25
          ],
          "texture": "#0"
        },
        "south": {
          "uv": [
            9,
            4.75,
            9.5,
            4.5
          ],
          "texture": "#0"
        },
        "west": {
          "uv": [
            9,
            5,
            9.5,
            4.75
          ],
          "texture": "#0"
        },
        "up": {
          "uv": [
            0.5,
            9,
            1,
            9.5
          ],
          "texture": "#0"
        },
        "down": {
          "uv": [
            9,
            0.5,
            9.5,
            0
          ],
          "texture": "#0"
        }
      }
    },
    {
      "name": "R leg 2 inverted",
      "from": [
        8.5,
        7.001,
        9
      ],
      "to": [
        6.5,
        5.001,
        8
      ],
      "rotation": {
        "angle": -22.5,
        "axis": "y",
        "origin": [
          7,
          6,
          5
        ]
      },
      "faces": {
        "north": {
          "uv": [
            1,
            9.5,
            1.5,
            9
          ],
          "texture": "#0"
        },
        "east": {
          "uv": [
            9,
            6,
            9.25,
            5.5
          ],
          "texture": "#0"
        },
        "south": {
          "uv": [
            9,
            1,
            9.5,
            0.5
          ],
          "texture": "#0"
        },
        "west": {
          "uv": [
            3.25,
            9.5,
            3.5,
            9
          ],
          "texture": "#0"
        },
        "up": {
          "uv": [
            6.5,
            9,
            7,
            9.25
          ],
          "texture": "#0"
        },
        "down": {
          "uv": [
            9,
            6.25,
            9.5,
            6
          ],
          "texture": "#0"
        }
      }
    },
    {
      "name": "eye 1",
      "from": [
        8.995,
        20,
        3.5
      ],
      "to": [
        10.995,
        22,
        5.5
      ],
      "rotation": {
        "angle": 0,
        "axis": "y",
        "origin": [
          9,
          22,
          4
        ]
      },
      "faces": {
        "north": {
          "uv": [
            0,
            0,
            2,
            2
          ],
          "texture": "#1"
        },
        "east": {
          "uv": [
            0,
            2,
            2,
            4
          ],
          "texture": "#1"
        },
        "south": {
          "uv": [
            2,
            0,
            4,
            2
          ],
          "texture": "#1"
        },
        "west": {
          "uv": [
            2,
            2,
            4,
            4
          ],
          "texture": "#1"
        },
        "up": {
          "uv": [
            2,
            6,
            0,
            4
          ],
          "texture": "#1"
        },
        "down": {
          "uv": [
            6,
            0,
            4,
            2
          ],
          "texture": "#1"
        }
      }
    },
    {
      "name": "eye 2",
      "from": [
        5.005,
        18,
        3.5
      ],
      "to": [
        7.005,
        20,
        5.5
      ],
      "rotation": {
        "angle": 0,
        "axis": "y",
        "origin": [
          6,
          20,
          4
        ]
      },
      "faces": {
        "north": {
          "uv": [
            2,
            4,
            4,
            6
          ],
          "texture": "#1"
        },
        "east": {
          "uv": [
            4,
            2,
            6,
            4
          ],
          "texture": "#1"
        },
        "south": {
          "uv": [
            4,
            4,
            6,
            6
          ],
          "texture": "#1"
        },
        "west": {
          "uv": [
            0,
            6,
            2,
            8
          ],
          "texture": "#1"
        },
        "up": {
          "uv": [
            8,
            2,
            6,
            0
          ],
          "texture": "#1"
        },
        "down": {
          "uv": [
            4,
            6,
            2,
            8
          ],
          "texture": "#1"
        }
      }
    },
    {
      "name": "eye 3",
      "from": [
        8,
        15,
        3.5
      ],
      "to": [
        10,
        17,
        5.5
      ],
      "rotation": {
        "angle": 0,
        "axis": "y",
        "origin": [
          9,
          17,
          4
        ]
      },
      "faces": {
        "north": {
          "uv": [
            6,
            2,
            8,
            4
          ],
          "texture": "#1"
        },
        "east": {
          "uv": [
            4,
            6,
            6,
            8
          ],
          "texture": "#1"
        },
        "south": {
          "uv": [
            6,
            4,
            8,
            6
          ],
          "texture": "#1"
        },
        "west": {
          "uv": [
            6,
            6,
            8,
            8
          ],
          "texture": "#1"
        },
        "up": {
          "uv": [
            2,
            10,
            0,
            8
          ],
          "texture": "#1"
        },
        "down": {
          "uv": [
            10,
            0,
            8,
            2
          ],
          "texture": "#1"
        }
      }
    }
  ],
  "gui_light": "front",
  "display": {
    "thirdperson_righthand": {
      "rotation": [
        45,
        0,
        0
      ],
      "translation": [
        0,
        -1.25,
        -2
      ],
      "scale": [
        0.51,
        0.51,
        0.51
      ]
    },
    "thirdperson_lefthand": {
      "rotation": [
        45,
        0,
        0
      ],
      "translation": [
        0,
        -1.25,
        -2
      ],
      "scale": [
        0.51,
        0.51,
        0.51
      ]
    },
    "firstperson_righthand": {
      "rotation": [
        -6,
        130,
        6
      ],
      "translation": [
        3,
        1.25,
        0
      ],
      "scale": [
        0.5,
        0.5,
        0.5
      ]
    },
    "firstperson_lefthand": {
      "rotation": [
        -6,
        130,
        6
      ],
      "translation": [
        3,
        1.25,
        0
      ],
      "scale": [
        0.5,
        0.5,
        0.5
      ]
    },
    "ground": {
      "translation": [
        0,
        1,
        0
      ],
      "scale": [
        0.6,
        0.6,
        0.6
      ]
    },
    "gui": {
      "rotation": [
        0,
        180,
        0
      ],
      "translation": [
        -1,
        -5.25,
        0
      ],
      "scale": [
        0.68,
        0.68,
        0.68
      ]
    },
    "head": {
      "translation": [
        3,
        9.5,
        0
      ]
    },
    "fixed": {
      "rotation": [
        -90,
        0,
        0
      ],
      "translation": [
        6,
        0,
        -6
      ],
      "scale": [
        2,
        2,
        2
      ]
    }
  },
  "groups": [
    {
      "name": "group",
      "origin": [
        3,
        11,
        8
      ],
      "color": 0,
      "children": [
        0,
        1,
        2,
        3,
        4,
        5,
        6,
        7,
        8,
        9,
        10,
        11,
        12,
        13,
        14,
        15,
        16,
        17,
        18,
        19,
        20
      ]
    },
    {
      "name": "eyes",
      "origin": [
        8,
        8,
        8
      ],
      "color": 0,
      "children": [
        21,
        22,
        23
      ]
    }
  ]
}