{
  "credit": "Made with Blockbench",
  "texture_size": [
    64,
    64
  ],
  "textures": {
    "0": "pelucias/hostile_mobs/nether/ghast/ghast/ghast",
    "particle": "pelucias/hostile_mobs/nether/ghast/ghast/ghast"
  },
  "elements": [
    {
      "name": "body",
      "from": [
        0,
        14,
        0
      ],
      "to": [
        16,
        30,
        16
      ],
      "rotation": {
        "angle": 0,
        "axis": "y",
        "origin": [
          8,
          22,
          8
        ]
      },
      "faces": {
        "north": {
          "uv": [
            0,
            0,
            4,
            4
          ],
          "texture": "#0"
        },
        "east": {
          "uv": [
            0,
            4,
            4,
            8
          ],
          "texture": "#0"
        },
        "south": {
          "uv": [
            4,
            0,
            8,
            4
          ],
          "texture": "#0"
        },
        "west": {
          "uv": [
            4,
            4,
            8,
            8
          ],
          "texture": "#0"
        },
        "up": {
          "uv": [
            4,
            12,
            0,
            8
          ],
          "texture": "#0"
        },
        "down": {
          "uv": [
            12,
            0,
            8,
            4
          ],
          "texture": "#0"
        }
      }
    },
    {
      "name": "tentacle1",
      "from": [
        13.3,
        13.9,
        -6.2
      ],
      "to": [
        14.7,
        15.3,
        3.2
      ],
      "rotation": {
        "angle": -45,
        "axis": "y",
        "origin": [
          14.2,
          14.5,
          2.5
        ]
      },
      "faces": {
        "north": {
          "uv": [
            6.5,
            8.75,
            6.75,
            9
          ],
          "texture": "#0"
        },
        "east": {
          "uv": [
            6.25,
            8,
            4,
            8.25
          ],
          "texture": "#0"
        },
        "south": {
          "uv": [
            6.75,
            8.75,
            7,
            9
          ],
          "texture": "#0"
        },
        "west": {
          "uv": [
            8,
            4,
            10.25,
            4.25
          ],
          "texture": "#0"
        },
        "up": {
          "uv": [
            8.25,
            6.5,
            8,
            4.25
          ],
          "texture": "#0"
        },
        "down": {
          "uv": [
            6.5,
            8,
            6.25,
            10.25
          ],
          "texture": "#0"
        }
      }
    },
    {
      "name": "tentacle2",
      "from": [
        1.3,
        13.9,
        -6.7
      ],
      "to": [
        2.7,
        15.3,
        2.7
      ],
      "rotation": {
        "angle": 45,
        "axis": "y",
        "origin": [
          2.2,
          15,
          2.5
        ]
      },
      "faces": {
        "north": {
          "uv": [
            7,
            8.75,
            7.25,
            9
          ],
          "texture": "#0"
        },
        "east": {
          "uv": [
            8.75,
            8,
            6.5,
            8.25
          ],
          "texture": "#0"
        },
        "south": {
          "uv": [
            7.25,
            8.75,
            7.5,
            9
          ],
          "texture": "#0"
        },
        "west": {
          "uv": [
            8,
            6.5,
            10.25,
            6.75
          ],
          "texture": "#0"
        },
        "up": {
          "uv": [
            4.25,
            10.5,
            4,
            8.25
          ],
          "texture": "#0"
        },
        "down": {
          "uv": [
            4.5,
            8.25,
            4.25,
            10.5
          ],
          "texture": "#0"
        }
      }
    },
    {
      "name": "tentacle3",
      "from": [
        7.3,
        13.9,
        -6.7
      ],
      "to": [
        8.7,
        15.3,
        2.7
      ],
      "rotation": {
        "angle": 0,
        "axis": "x",
        "origin": [
          8.2,
          15,
          2.5
        ]
      },
      "faces": {
        "north": {
          "uv": [
            7.5,
            8.75,
            7.75,
            9
          ],
          "texture": "#0"
        },
        "east": {
          "uv": [
            10.25,
            6.75,
            8,
            7
          ],
          "texture": "#0"
        },
        "south": {
          "uv": [
            7.75,
            8.75,
            8,
            9
          ],
          "texture": "#0"
        },
        "west": {
          "uv": [
            8,
            7,
            10.25,
            7.25
          ],
          "texture": "#0"
        },
        "up": {
          "uv": [
            8.5,
            6.5,
            8.25,
            4.25
          ],
          "texture": "#0"
        },
        "down": {
          "uv": [
            4.75,
            8.25,
            4.5,
            10.5
          ],
          "texture": "#0"
        }
      }
    },
    {
      "name": "tentacle4",
      "from": [
        13.3,
        13.9,
        7.3
      ],
      "to": [
        22.7,
        15.3,
        8.7
      ],
      "rotation": {
        "angle": 0,
        "axis": "z",
        "origin": [
          13.8,
          14.5,
          7.5
        ]
      },
      "faces": {
        "north": {
          "uv": [
            8,
            7.25,
            10.25,
            7.5
          ],
          "texture": "#0"
        },
        "east": {
          "uv": [
            8,
            8.75,
            8.25,
            9
          ],
          "texture": "#0"
        },
        "south": {
          "uv": [
            10.25,
            7.5,
            8,
            7.75
          ],
          "texture": "#0"
        },
        "west": {
          "uv": [
            8.75,
            8,
            9,
            8.25
          ],
          "texture": "#0"
        },
        "up": {
          "uv": [
            10.25,
            8,
            8,
            7.75
          ],
          "texture": "#0"
        },
        "down": {
          "uv": [
            8.75,
            8.25,
            6.5,
            8.5
          ],
          "texture": "#0"
        }
      }
    },
    {
      "name": "tentacle6",
      "from": [
        -6.7,
        13.9,
        7.3
      ],
      "to": [
        2.7,
        15.3,
        8.7
      ],
      "rotation": {
        "angle": 0,
        "axis": "z",
        "origin": [
          1.8,
          14.5,
          7.5
        ]
      },
      "faces": {
        "north": {
          "uv": [
            10.75,
            4.25,
            8.5,
            4.5
          ],
          "texture": "#0"
        },
        "east": {
          "uv": [
            8.25,
            8.75,
            8.5,
            9
          ],
          "texture": "#0"
        },
        "south": {
          "uv": [
            8.5,
            4.5,
            10.75,
            4.75
          ],
          "texture": "#0"
        },
        "west": {
          "uv": [
            8.75,
            8.25,
            9,
            8.5
          ],
          "texture": "#0"
        },
        "up": {
          "uv": [
            10.75,
            5,
            8.5,
            4.75
          ],
          "texture": "#0"
        },
        "down": {
          "uv": [
            8.5,
            5.25,
            10.75,
            5
          ],
          "texture": "#0"
        }
      }
    },
    {
      "name": "tentacle7",
      "from": [
        13.5,
        13.9,
        12.8
      ],
      "to": [
        14.9,
        15.3,
        22.2
      ],
      "rotation": {
        "angle": 45,
        "axis": "y",
        "origin": [
          14.2,
          14.5,
          13.5
        ]
      },
      "faces": {
        "north": {
          "uv": [
            8.5,
            8.75,
            8.75,
            9
          ],
          "texture": "#0"
        },
        "east": {
          "uv": [
            8.5,
            5.25,
            10.75,
            5.5
          ],
          "texture": "#0"
        },
        "south": {
          "uv": [
            8.75,
            8.5,
            9,
            8.75
          ],
          "texture": "#0"
        },
        "west": {
          "uv": [
            10.75,
            5.5,
            8.5,
            5.75
          ],
          "texture": "#0"
        },
        "up": {
          "uv": [
            5,
            8.25,
            4.75,
            10.5
          ],
          "texture": "#0"
        },
        "down": {
          "uv": [
            5.25,
            10.5,
            5,
            8.25
          ],
          "texture": "#0"
        }
      }
    },
    {
      "name": "tentacle8",
      "from": [
        1.5,
        13.9,
        12.8
      ],
      "to": [
        2.9,
        15.3,
        22.2
      ],
      "rotation": {
        "angle": -45,
        "axis": "y",
        "origin": [
          2.2,
          14.5,
          13.5
        ]
      },
      "faces": {
        "north": {
          "uv": [
            8.75,
            8.75,
            9,
            9
          ],
          "texture": "#0"
        },
        "east": {
          "uv": [
            8.5,
            5.75,
            10.75,
            6
          ],
          "texture": "#0"
        },
        "south": {
          "uv": [
            6.5,
            9,
            6.75,
            9.25
          ],
          "texture": "#0"
        },
        "west": {
          "uv": [
            10.75,
            6,
            8.5,
            6.25
          ],
          "texture": "#0"
        },
        "up": {
          "uv": [
            5.5,
            8.25,
            5.25,
            10.5
          ],
          "texture": "#0"
        },
        "down": {
          "uv": [
            5.75,
            10.5,
            5.5,
            8.25
          ],
          "texture": "#0"
        }
      }
    },
    {
      "name": "tentacle9",
      "from": [
        7.3,
        13.9,
        12.3
      ],
      "to": [
        8.7,
        15.3,
        21.7
      ],
      "rotation": {
        "angle": 0,
        "axis": "x",
        "origin": [
          8.2,
          14,
          13.5
        ]
      },
      "faces": {
        "north": {
          "uv": [
            6.75,
            9,
            7,
            9.25
          ],
          "texture": "#0"
        },
        "east": {
          "uv": [
            8.5,
            6.25,
            10.75,
            6.5
          ],
          "texture": "#0"
        },
        "south": {
          "uv": [
            7,
            9,
            7.25,
            9.25
          ],
          "texture": "#0"
        },
        "west": {
          "uv": [
            8.75,
            8.5,
            6.5,
            8.75
          ],
          "texture": "#0"
        },
        "up": {
          "uv": [
            6,
            8.25,
            5.75,
            10.5
          ],
          "texture": "#0"
        },
        "down": {
          "uv": [
            6.25,
            10.5,
            6,
            8.25
          ],
          "texture": "#0"
        }
      }
    },
    {
      "from": [
        10,
        22,
        -0.5
      ],
      "to": [
        13,
        25,
        1.5
      ],
      "rotation": {
        "angle": 0,
        "axis": "y",
        "origin": [
          11,
          23,
          0
        ]
      },
      "faces": {
        "north": {
          "uv": [
            15.25,
            2.5,
            16,
            3.25
          ],
          "texture": "#0"
        },
        "east": {
          "uv": [
            15,
            1,
            15.5,
            1.75
          ],
          "texture": "#0"
        },
        "south": {
          "uv": [
            15.25,
            1.75,
            16,
            2.5
          ],
          "texture": "#0"
        },
        "west": {
          "uv": [
            15.5,
            1,
            16,
            1.75
          ],
          "texture": "#0"
        },
        "up": {
          "uv": [
            15.25,
            0.5,
            16,
            1
          ],
          "texture": "#0"
        },
        "down": {
          "uv": [
            15.25,
            0,
            16,
            0.5
          ],
          "texture": "#0"
        }
      }
    },
    {
      "from": [
        3,
        22,
        -0.5
      ],
      "to": [
        6,
        25,
        1.5
      ],
      "rotation": {
        "angle": 0,
        "axis": "y",
        "origin": [
          4,
          23,
          0
        ]
      },
      "faces": {
        "north": {
          "uv": [
            15.25,
            2.5,
            16,
            3.25
          ],
          "texture": "#0"
        },
        "east": {
          "uv": [
            15,
            1,
            15.5,
            1.75
          ],
          "texture": "#0"
        },
        "south": {
          "uv": [
            15.25,
            1.75,
            16,
            2.5
          ],
          "texture": "#0"
        },
        "west": {
          "uv": [
            15.5,
            1,
            16,
            1.75
          ],
          "texture": "#0"
        },
        "up": {
          "uv": [
            15.25,
            0.5,
            16,
            1
          ],
          "texture": "#0"
        },
        "down": {
          "uv": [
            15.25,
            0,
            16,
            0.5
          ],
          "texture": "#0"
        }
      }
    }
  ],
  "gui_light": "front",
  "display": {
    "thirdperson_righthand": {
      "rotation": [
        45,
        0,
        0
      ],
      "translation": [
        0,
        -1,
        -3.25
      ],
      "scale": [
        0.5,
        0.5,
        0.5
      ]
    },
    "thirdperson_lefthand": {
      "rotation": [
        45,
        0,
        0
      ],
      "translation": [
        0,
        -1,
        -3.25
      ],
      "scale": [
        0.5,
        0.5,
        0.5
      ]
    },
    "firstperson_righthand": {
      "rotation": [
        -6,
        130,
        6
      ],
      "translation": [
        1.25,
        -0.75,
        0.25
      ],
      "scale": [
        0.45,
        0.45,
        0.45
      ]
    },
    "firstperson_lefthand": {
      "rotation": [
        -6,
        130,
        6
      ],
      "translation": [
        1.25,
        -0.75,
        0.25
      ],
      "scale": [
        0.45,
        0.45,
        0.45
      ]
    },
    "ground": {
      "scale": [
        0.6,
        0.6,
        0.6
      ]
    },
    "gui": {
      "rotation": [
        3,
        180,
        0
      ],
      "translation": [
        0,
        -9.5,
        0
      ],
      "scale": [
        0.6,
        0.6,
        0.6
      ]
    },
    "head": {
      "translation": [
        0,
        0.5,
        0
      ]
    },
    "fixed": {
      "rotation": [
        -90,
        0,
        0
      ],
      "translation": [
        0,
        0,
        14.35
      ],
      "scale": [
        2.4,
        2.4,
        2.4
      ]
    }
  },
  "groups": [
    0,
    1,
    2,
    3,
    4,
    5,
    6,
    7,
    8,
    {
      "name": "eyes",
      "origin": [
        8,
        8,
        8
      ],
      "color": 0,
      "children": [
        9,
        10
      ]
    }
  ]
}