{
	"format_version": "1.21.6",
	"credit": "Made with Blockbench",
	"texture_size": [32, 32],
	"textures": {
		"0": "minecraft:demon_slayer/katana/muichiro",
		"particle": "minecraft:demon_slayer/katana/muichiro"
	},
	"elements": [
		{
			"from": [7, 2, 7.9],
			"to": [9, 29, 8.1],
			"rotation": {"angle": 0, "axis": "y", "origin": [1, 0, -0.5]},
			"faces": {
				"north": {"uv": [0, 1.5, 1, 15], "texture": "#0"},
				"east": {"uv": [0, 1.5, 0.5, 15], "texture": "#0"},
				"south": {"uv": [1, 1.5, 2, 15], "texture": "#0"},
				"west": {"uv": [0.5, 1.5, 1, 15], "texture": "#0"},
				"up": {"uv": [1, 1.5, 0, 2], "texture": "#0"},
				"down": {"uv": [1, 0, 0, 0], "texture": "#0"}
			}
		},
		{
			"from": [6.5, 1.25, 7.5],
			"to": [9.5, 2, 8.5],
			"rotation": {"angle": 0, "axis": "y", "origin": [1, 0, -0.5]},
			"faces": {
				"north": {"uv": [2.5, 1, 3, 2], "texture": "#0"},
				"east": {"uv": [2.5, 1, 3, 2], "texture": "#0"},
				"south": {"uv": [2.5, 1, 3, 2], "texture": "#0"},
				"west": {"uv": [5, 1, 5.5, 2], "texture": "#0"},
				"up": {"uv": [2.5, 1, 5.5, 2], "texture": "#0"},
				"down": {"uv": [2.5, 1, 5.5, 2], "texture": "#0"}
			}
		},
		{
			"from": [7, 1.25, 7],
			"to": [9, 2, 9],
			"rotation": {"angle": 0, "axis": "y", "origin": [1, 0, -0.5]},
			"faces": {
				"north": {"uv": [3, 2, 5, 2.5], "texture": "#0"},
				"east": {"uv": [5, 1, 5.5, 2], "texture": "#0"},
				"south": {"uv": [3, 2, 5, 2.5], "texture": "#0"},
				"west": {"uv": [5, 1, 5.5, 2], "texture": "#0"},
				"up": {"uv": [3, 0.5, 5, 2.5], "texture": "#0"},
				"down": {"uv": [3, 0.5, 5, 2.5], "texture": "#0"}
			}
		},
		{
			"from": [8, 29, 7.9],
			"to": [9, 28, 8.1],
			"rotation": {"angle": 0, "axis": "y", "origin": [1, 0, -0.5]},
			"faces": {
				"north": {"uv": [0, 0, 0.5, 0.5], "texture": "#0"},
				"east": {"uv": [0, 0, 0.1, 0.5], "texture": "#0"},
				"south": {"uv": [0, 0, 0.5, 0.5], "texture": "#0"},
				"west": {"uv": [0, 2, 0.45, 2.5], "texture": "#0"},
				"up": {"uv": [0, 2, 0.5, 2.6], "texture": "#0"},
				"down": {"uv": [0, 0, 0.5, 0.6], "texture": "#0"}
			}
		},
		{
			"from": [6.5, 2, 7],
			"to": [7, 1.25, 7.5],
			"rotation": {"angle": 0, "axis": "y", "origin": [-11, 0.5, 15.5]},
			"faces": {
				"north": {"uv": [3, 1.5, 2.5, 2], "texture": "#0"},
				"east": {"uv": [7, 14.5, 6.5, 15], "texture": "#0"},
				"south": {"uv": [7, 13.5, 6.5, 14], "texture": "#0"},
				"west": {"uv": [3, 1, 2.5, 1.5], "texture": "#0"},
				"up": {"uv": [7, 14, 7.5, 13.5], "texture": "#0"},
				"down": {"uv": [7.5, 13.5, 8, 13], "texture": "#0"}
			}
		},
		{
			"from": [5.75, 1.25, 6.25],
			"to": [7.25, 2, 7.75],
			"rotation": {"angle": 0, "axis": "y", "origin": [17, 0, -0.5]},
			"faces": {
				"north": {"uv": [5, 2.5, 6, 3], "texture": "#0"},
				"east": {"uv": [5.375, 2.5, 5, 3], "texture": "#0"},
				"south": {"uv": [6, 2, 5.5, 2.5], "texture": "#0"},
				"west": {"uv": [6, 2.5, 5, 3], "texture": "#0"},
				"up": {"uv": [6, 3, 5, 2], "texture": "#0"},
				"down": {"uv": [6, 2, 5, 3], "texture": "#0"}
			}
		},
		{
			"from": [9, 2, 7],
			"to": [9.5, 1.25, 7.5],
			"rotation": {"angle": 0, "axis": "y", "origin": [29, 0.5, 15.5]},
			"faces": {
				"north": {"uv": [2.5, 1.5, 3, 2], "texture": "#0"},
				"east": {"uv": [2.5, 1, 3, 1.5], "texture": "#0"},
				"south": {"uv": [6.5, 13.5, 7, 14], "texture": "#0"},
				"west": {"uv": [6.5, 14.5, 7, 15], "texture": "#0"},
				"up": {"uv": [7.5, 14, 7, 13.5], "texture": "#0"},
				"down": {"uv": [8, 13.5, 7.5, 13], "texture": "#0"}
			}
		},
		{
			"from": [8.75, 1.25, 6.25],
			"to": [10.25, 2, 7.75],
			"rotation": {"angle": 0, "axis": "y", "origin": [1, 0, -0.5]},
			"faces": {
				"north": {"uv": [6, 2.5, 5, 3], "texture": "#0"},
				"east": {"uv": [5, 2.5, 6, 3], "texture": "#0"},
				"south": {"uv": [5.5, 2, 6, 2.5], "texture": "#0"},
				"west": {"uv": [5, 2.5, 5.375, 3], "texture": "#0"},
				"up": {"uv": [5, 3, 6, 2], "texture": "#0"},
				"down": {"uv": [5, 2, 6, 3], "texture": "#0"}
			}
		},
		{
			"from": [9, 2, 8.5],
			"to": [9.5, 1.25, 9],
			"rotation": {"angle": 0, "axis": "y", "origin": [29, 0.5, -0.5]},
			"faces": {
				"north": {"uv": [7, 13.5, 6.5, 14], "texture": "#0"},
				"east": {"uv": [3, 1, 2.5, 1.5], "texture": "#0"},
				"south": {"uv": [3, 1.5, 2.5, 2], "texture": "#0"},
				"west": {"uv": [7, 14.5, 6.5, 15], "texture": "#0"},
				"up": {"uv": [7.5, 13.5, 7, 14], "texture": "#0"},
				"down": {"uv": [8, 13, 7.5, 13.5], "texture": "#0"}
			}
		},
		{
			"from": [8.75, 1.25, 8.25],
			"to": [10.25, 2, 9.75],
			"rotation": {"angle": 0, "axis": "y", "origin": [1, 0, 15.5]},
			"faces": {
				"north": {"uv": [6, 2, 5.5, 2.5], "texture": "#0"},
				"east": {"uv": [6, 2.5, 5, 3], "texture": "#0"},
				"south": {"uv": [5, 2.5, 6, 3], "texture": "#0"},
				"west": {"uv": [5.375, 2.5, 5, 3], "texture": "#0"},
				"up": {"uv": [5, 2, 6, 3], "texture": "#0"},
				"down": {"uv": [5, 3, 6, 2], "texture": "#0"}
			}
		},
		{
			"from": [6.5, 2, 8.5],
			"to": [7, 1.25, 9],
			"rotation": {"angle": 0, "axis": "y", "origin": [-11, 0.5, -0.5]},
			"faces": {
				"north": {"uv": [6.5, 13.5, 7, 14], "texture": "#0"},
				"east": {"uv": [6.5, 14.5, 7, 15], "texture": "#0"},
				"south": {"uv": [2.5, 1.5, 3, 2], "texture": "#0"},
				"west": {"uv": [2.5, 1, 3, 1.5], "texture": "#0"},
				"up": {"uv": [7, 13.5, 7.5, 14], "texture": "#0"},
				"down": {"uv": [7.5, 13, 8, 13.5], "texture": "#0"}
			}
		},
		{
			"from": [5.75, 1.25, 8.25],
			"to": [7.25, 2, 9.75],
			"rotation": {"angle": 0, "axis": "y", "origin": [17, 0, 15.5]},
			"faces": {
				"north": {"uv": [5.5, 2, 6, 2.5], "texture": "#0"},
				"east": {"uv": [5, 2.5, 5.375, 3], "texture": "#0"},
				"south": {"uv": [6, 2.5, 5, 3], "texture": "#0"},
				"west": {"uv": [5, 2.5, 6, 3], "texture": "#0"},
				"up": {"uv": [6, 2, 5, 3], "texture": "#0"},
				"down": {"uv": [6, 3, 5, 2], "texture": "#0"}
			}
		},
		{
			"from": [7, -5.7, 7.65],
			"to": [9, 1.3, 8.35],
			"rotation": {"angle": 0, "axis": "y", "origin": [1, 0.4, -0.5]},
			"faces": {
				"north": {"uv": [2.5, 12, 3.5, 15.5], "texture": "#0"},
				"east": {"uv": [2, 12, 2.5, 15.5], "texture": "#0"},
				"south": {"uv": [3.5, 12, 2.5, 15.5], "texture": "#0"},
				"west": {"uv": [3.5, 12, 4, 15.5], "texture": "#0"},
				"up": {"uv": [6, 0.5, 5.5, 0], "texture": "#0"},
				"down": {"uv": [0.5, 0, 0, 0.5], "texture": "#0"}
			}
		},
		{
			"from": [6.95, -6.2, 7.6],
			"to": [9.05, -5.7, 8.4],
			"rotation": {"angle": 0, "axis": "y", "origin": [1, 0.3, -0.5]},
			"faces": {
				"north": {"uv": [15, 0, 16, 0.5], "texture": "#0"},
				"east": {"uv": [15, 0, 15.5, 0.5], "texture": "#0"},
				"south": {"uv": [16, 0, 15, 0.5], "texture": "#0"},
				"west": {"uv": [15.5, 0, 16, 0.5], "texture": "#0"},
				"up": {"uv": [16, 0, 15, 0.5], "texture": "#0"},
				"down": {"uv": [16, 0, 15, 0.5], "texture": "#0"}
			}
		},
		{
			"from": [7.45, -0.79289, 7.625],
			"to": [8.55, 0.30711, 8.375],
			"rotation": {"angle": 45, "axis": "z", "origin": [8, -0.24289, 8]},
			"faces": {
				"north": {"uv": [15, 2, 16, 1], "texture": "#0"},
				"east": {"uv": [0, 0, 1, 1], "texture": "#0"},
				"south": {"uv": [16, 2, 15, 1], "texture": "#0"},
				"west": {"uv": [0, 0, 1, 1], "texture": "#0"},
				"up": {"uv": [0.5, 0.5, 0, 0], "texture": "#0"},
				"down": {"uv": [0.5, 0, 0, 0.5], "texture": "#0"}
			}
		},
		{
			"from": [7.45, -2.79289, 7.625],
			"to": [8.55, -1.69289, 8.375],
			"rotation": {"angle": 45, "axis": "z", "origin": [8, -2.24289, 8]},
			"faces": {
				"north": {"uv": [15, 2, 16, 1], "texture": "#0"},
				"east": {"uv": [0, 0, 1, 1], "texture": "#0"},
				"south": {"uv": [16, 2, 15, 1], "texture": "#0"},
				"west": {"uv": [0, 0, 1, 1], "texture": "#0"},
				"up": {"uv": [0.5, 0.5, 0, 0], "texture": "#0"},
				"down": {"uv": [0.5, 0, 0, 0.5], "texture": "#0"}
			}
		},
		{
			"from": [7.45, -4.79289, 7.625],
			"to": [8.55, -3.69289, 8.375],
			"rotation": {"angle": 45, "axis": "z", "origin": [8, -4.24289, 8]},
			"faces": {
				"north": {"uv": [15, 2, 16, 1], "texture": "#0"},
				"east": {"uv": [0, 0, 1, 1], "texture": "#0"},
				"south": {"uv": [16, 2, 15, 1], "texture": "#0"},
				"west": {"uv": [0, 0, 1, 1], "texture": "#0"},
				"up": {"uv": [0.5, 0.5, 0, 0], "texture": "#0"},
				"down": {"uv": [0.5, 0, 0, 0.5], "texture": "#0"}
			}
		}
	],
	"display": {
		"thirdperson_righthand": {
			"rotation": [90, 90, -90],
			"translation": [0, 7.75, 2]
		},
		"thirdperson_lefthand": {
			"rotation": [160, 90, 15],
			"translation": [0, -12, 3.25]
		},
		"firstperson_righthand": {
			"rotation": [0, 79.5, 0],
			"translation": [8, 0, -8]
		},
		"firstperson_lefthand": {
			"rotation": [-17.57, 74.6, -165.66],
			"translation": [9.5, -7.5, -8]
		},
		"ground": {
			"translation": [-0.5, 11.25, -0.25]
		},
		"gui": {
			"rotation": [-142.92, -40.98, -117.18],
			"translation": [-1, 0, 0],
			"scale": [0.5, 0.5, 0.5]
		},
		"head": {
			"scale": [0, 0, 0]
		},
		"fixed": {
			"translation": [2.25, -7.5, -2.25],
			"scale": [2, 2, 2]
		}
	}
}