{
  "credit": "Made with Blockbench",
  "textures": {
    "0": "pelucias/neutral_mobs/overvorld/cave_spider/cave_spider/spider",
    "1": "pelucias/neutral_mobs/overvorld/cave_spider/cave_spider/spider",
    "2": "pelucias/neutral_mobs/overvorld/cave_spider/cave_spider/spider",
    "particle": "pelucias/neutral_mobs/overvorld/cave_spider/cave_spider/spider"
  },
  "elements": [
    {
      "name": "body",
      "from": [
        4,
        4.001,
        9
      ],
      "to": [
        12,
        10.001,
        18
      ],
      "rotation": {
        "angle": 0,
        "axis": "y",
        "origin": [
          8,
          7,
          13
        ]
      },
      "faces": {
        "north": {
          "uv": [
            2,
            4.25,
            4,
            5.75
          ],
          "texture": "#0"
        },
        "east": {
          "uv": [
            6,
            0,
            8.25,
            1.5
          ],
          "texture": "#0"
        },
        "south": {
          "uv": [
            2,
            5.75,
            4,
            7.25
          ],
          "texture": "#0"
        },
        "west": {
          "uv": [
            6,
            1.5,
            8.25,
            3
          ],
          "texture": "#0"
        },
        "up": {
          "uv": [
            2,
            2.25,
            0,
            0
          ],
          "texture": "#0"
        },
        "down": {
          "uv": [
            4,
            0,
            2,
            2.25
          ],
          "texture": "#0"
        }
      }
    },
    {
      "name": "neck",
      "from": [
        6,
        5,
        5
      ],
      "to": [
        10,
        9,
        9
      ],
      "rotation": {
        "angle": 0,
        "axis": "y",
        "origin": [
          8,
          7,
          8
        ]
      },
      "faces": {
        "north": {
          "uv": [
            6,
            3,
            7,
            4
          ],
          "texture": "#0"
        },
        "east": {
          "uv": [
            4,
            6,
            5,
            7
          ],
          "texture": "#0"
        },
        "south": {
          "uv": [
            6,
            4,
            7,
            5
          ],
          "texture": "#0"
        },
        "west": {
          "uv": [
            5,
            6,
            6,
            7
          ],
          "texture": "#0"
        },
        "up": {
          "uv": [
            7,
            6,
            6,
            5
          ],
          "texture": "#0"
        },
        "down": {
          "uv": [
            7,
            6,
            6,
            7
          ],
          "texture": "#0"
        }
      }
    },
    {
      "name": "head",
      "from": [
        4,
        4.006,
        -1
      ],
      "to": [
        12,
        12.006,
        7
      ],
      "rotation": {
        "angle": 0,
        "axis": "y",
        "origin": [
          8,
          8,
          3
        ]
      },
      "faces": {
        "north": {
          "uv": [
            0,
            2.25,
            2,
            4.25
          ],
          "texture": "#0"
        },
        "east": {
          "uv": [
            2,
            2.25,
            4,
            4.25
          ],
          "texture": "#0"
        },
        "south": {
          "uv": [
            4,
            0,
            6,
            2
          ],
          "texture": "#0"
        },
        "west": {
          "uv": [
            4,
            2,
            6,
            4
          ],
          "texture": "#0"
        },
        "up": {
          "uv": [
            6,
            6,
            4,
            4
          ],
          "texture": "#0"
        },
        "down": {
          "uv": [
            2,
            4.25,
            0,
            6.25
          ],
          "texture": "#0"
        }
      }
    },
    {
      "from": [
        -1,
        4,
        6
      ],
      "to": [
        6,
        6,
        8
      ],
      "rotation": {
        "angle": -45,
        "axis": "y",
        "origin": [
          6,
          5,
          7
        ]
      },
      "faces": {
        "north": {
          "uv": [
            0,
            4,
            7,
            6
          ],
          "texture": "#1"
        },
        "east": {
          "uv": [
            0,
            0,
            2,
            2
          ],
          "texture": "#1"
        },
        "south": {
          "uv": [
            0,
            2,
            7,
            4
          ],
          "texture": "#1"
        },
        "west": {
          "uv": [
            7,
            0,
            9,
            2
          ],
          "texture": "#1"
        },
        "up": {
          "uv": [
            0,
            0,
            7,
            2
          ],
          "texture": "#1"
        },
        "down": {
          "uv": [
            0,
            6,
            7,
            8
          ],
          "texture": "#1"
        }
      }
    },
    {
      "from": [
        -1,
        4.005,
        6.5
      ],
      "to": [
        7,
        6.005,
        8.5
      ],
      "rotation": {
        "angle": -22.5,
        "axis": "y",
        "origin": [
          6,
          5,
          7
        ]
      },
      "faces": {
        "north": {
          "uv": [
            0,
            4,
            8,
            6
          ],
          "texture": "#1"
        },
        "east": {
          "uv": [
            0,
            0,
            2,
            2
          ],
          "texture": "#1"
        },
        "south": {
          "uv": [
            0,
            2,
            8,
            4
          ],
          "texture": "#1"
        },
        "west": {
          "uv": [
            7,
            0,
            9,
            2
          ],
          "texture": "#1"
        },
        "up": {
          "uv": [
            0,
            0,
            8,
            2
          ],
          "texture": "#1"
        },
        "down": {
          "uv": [
            0,
            6,
            8,
            8
          ],
          "texture": "#1"
        }
      }
    },
    {
      "from": [
        6,
        4,
        8
      ],
      "to": [
        8,
        6,
        15
      ],
      "rotation": {
        "angle": -45,
        "axis": "y",
        "origin": [
          6,
          5,
          7
        ]
      },
      "faces": {
        "north": {
          "uv": [
            0,
            0,
            2,
            2
          ],
          "texture": "#1"
        },
        "east": {
          "uv": [
            0,
            2,
            7,
            4
          ],
          "texture": "#1"
        },
        "south": {
          "uv": [
            7,
            0,
            9,
            2
          ],
          "texture": "#1"
        },
        "west": {
          "uv": [
            0,
            4,
            7,
            6
          ],
          "texture": "#1"
        },
        "up": {
          "uv": [
            0,
            0,
            7,
            2
          ],
          "rotation": 270,
          "texture": "#1"
        },
        "down": {
          "uv": [
            0,
            6,
            7,
            8
          ],
          "rotation": 90,
          "texture": "#1"
        }
      }
    },
    {
      "from": [
        -1.5,
        4.001,
        7
      ],
      "to": [
        5.5,
        6.001,
        9
      ],
      "rotation": {
        "angle": 22.5,
        "axis": "y",
        "origin": [
          6,
          5,
          7
        ]
      },
      "faces": {
        "north": {
          "uv": [
            0,
            4,
            7,
            6
          ],
          "texture": "#1"
        },
        "east": {
          "uv": [
            0,
            0,
            2,
            2
          ],
          "texture": "#1"
        },
        "south": {
          "uv": [
            0,
            2,
            7,
            4
          ],
          "texture": "#1"
        },
        "west": {
          "uv": [
            7,
            0,
            9,
            2
          ],
          "texture": "#1"
        },
        "up": {
          "uv": [
            0,
            0,
            7,
            2
          ],
          "texture": "#1"
        },
        "down": {
          "uv": [
            0,
            6,
            7,
            8
          ],
          "texture": "#1"
        }
      }
    },
    {
      "from": [
        10,
        4,
        6
      ],
      "to": [
        17,
        6,
        8
      ],
      "rotation": {
        "angle": 45,
        "axis": "y",
        "origin": [
          10,
          5,
          7
        ]
      },
      "faces": {
        "north": {
          "uv": [
            0,
            4,
            7,
            6
          ],
          "texture": "#1"
        },
        "east": {
          "uv": [
            7,
            0,
            9,
            2
          ],
          "texture": "#1"
        },
        "south": {
          "uv": [
            0,
            2,
            7,
            4
          ],
          "texture": "#1"
        },
        "west": {
          "uv": [
            7,
            2,
            9,
            4
          ],
          "texture": "#1"
        },
        "up": {
          "uv": [
            7,
            0,
            0,
            2
          ],
          "texture": "#1"
        },
        "down": {
          "uv": [
            7,
            6,
            0,
            8
          ],
          "texture": "#1"
        }
      }
    },
    {
      "from": [
        9,
        4.005,
        6.5
      ],
      "to": [
        17,
        6.005,
        8.5
      ],
      "rotation": {
        "angle": 22.5,
        "axis": "y",
        "origin": [
          10,
          5,
          7
        ]
      },
      "faces": {
        "north": {
          "uv": [
            8,
            4,
            0,
            6
          ],
          "texture": "#1"
        },
        "east": {
          "uv": [
            9,
            0,
            7,
            2
          ],
          "texture": "#1"
        },
        "south": {
          "uv": [
            8,
            2,
            0,
            4
          ],
          "texture": "#1"
        },
        "west": {
          "uv": [
            2,
            0,
            0,
            2
          ],
          "texture": "#1"
        },
        "up": {
          "uv": [
            8,
            0,
            0,
            2
          ],
          "texture": "#1"
        },
        "down": {
          "uv": [
            8,
            6,
            0,
            8
          ],
          "texture": "#1"
        }
      }
    },
    {
      "from": [
        8,
        4,
        8
      ],
      "to": [
        10,
        6,
        15
      ],
      "rotation": {
        "angle": 45,
        "axis": "y",
        "origin": [
          10,
          5,
          7
        ]
      },
      "faces": {
        "north": {
          "uv": [
            2,
            0,
            0,
            2
          ],
          "texture": "#1"
        },
        "east": {
          "uv": [
            7,
            4,
            0,
            6
          ],
          "texture": "#1"
        },
        "south": {
          "uv": [
            9,
            0,
            7,
            2
          ],
          "texture": "#1"
        },
        "west": {
          "uv": [
            7,
            2,
            0,
            4
          ],
          "texture": "#1"
        },
        "up": {
          "uv": [
            0,
            2,
            7,
            0
          ],
          "rotation": 270,
          "texture": "#1"
        },
        "down": {
          "uv": [
            0,
            8,
            7,
            6
          ],
          "rotation": 90,
          "texture": "#1"
        }
      }
    },
    {
      "from": [
        10.5,
        4.002,
        7
      ],
      "to": [
        17.5,
        6.002,
        9
      ],
      "rotation": {
        "angle": -22.5,
        "axis": "y",
        "origin": [
          10,
          5,
          7
        ]
      },
      "faces": {
        "north": {
          "uv": [
            7,
            4,
            0,
            6
          ],
          "texture": "#1"
        },
        "east": {
          "uv": [
            9,
            0,
            7,
            2
          ],
          "texture": "#1"
        },
        "south": {
          "uv": [
            7,
            2,
            0,
            4
          ],
          "texture": "#1"
        },
        "west": {
          "uv": [
            2,
            0,
            0,
            2
          ],
          "texture": "#1"
        },
        "up": {
          "uv": [
            7,
            0,
            0,
            2
          ],
          "texture": "#1"
        },
        "down": {
          "uv": [
            7,
            6,
            0,
            8
          ],
          "texture": "#1"
        }
      }
    },
    {
      "from": [
        8,
        7,
        -1.5
      ],
      "to": [
        10,
        9,
        0.5
      ],
      "rotation": {
        "angle": 0,
        "axis": "y",
        "origin": [
          9,
          8,
          -1
        ]
      },
      "faces": {
        "north": {
          "uv": [
            0,
            0,
            2,
            2
          ],
          "texture": "#2"
        },
        "east": {
          "uv": [
            0,
            2,
            2,
            4
          ],
          "texture": "#2"
        },
        "south": {
          "uv": [
            2,
            0,
            4,
            2
          ],
          "texture": "#2"
        },
        "west": {
          "uv": [
            2,
            2,
            4,
            4
          ],
          "texture": "#2"
        },
        "up": {
          "uv": [
            2,
            6,
            0,
            4
          ],
          "texture": "#2"
        },
        "down": {
          "uv": [
            6,
            0,
            4,
            2
          ],
          "texture": "#2"
        }
      }
    },
    {
      "from": [
        6,
        7,
        -1.5
      ],
      "to": [
        8,
        9,
        0.5
      ],
      "rotation": {
        "angle": 0,
        "axis": "y",
        "origin": [
          7,
          8,
          -1
        ]
      },
      "faces": {
        "north": {
          "uv": [
            2,
            4,
            4,
            6
          ],
          "texture": "#2"
        },
        "east": {
          "uv": [
            4,
            2,
            6,
            4
          ],
          "texture": "#2"
        },
        "south": {
          "uv": [
            4,
            4,
            6,
            6
          ],
          "texture": "#2"
        },
        "west": {
          "uv": [
            0,
            6,
            2,
            8
          ],
          "texture": "#2"
        },
        "up": {
          "uv": [
            8,
            2,
            6,
            0
          ],
          "texture": "#2"
        },
        "down": {
          "uv": [
            4,
            6,
            2,
            8
          ],
          "texture": "#2"
        }
      }
    },
    {
      "from": [
        3.5,
        8,
        -1.5
      ],
      "to": [
        5,
        10,
        0
      ],
      "rotation": {
        "angle": 0,
        "axis": "y",
        "origin": [
          4,
          8,
          -1
        ]
      },
      "faces": {
        "north": {
          "uv": [
            6,
            2,
            8,
            4
          ],
          "texture": "#2"
        },
        "east": {
          "uv": [
            4,
            6,
            6,
            8
          ],
          "texture": "#2"
        },
        "south": {
          "uv": [
            6,
            4,
            8,
            6
          ],
          "texture": "#2"
        },
        "west": {
          "uv": [
            6,
            6,
            8,
            8
          ],
          "texture": "#2"
        },
        "up": {
          "uv": [
            2,
            10,
            0,
            8
          ],
          "texture": "#2"
        },
        "down": {
          "uv": [
            10,
            0,
            8,
            2
          ],
          "texture": "#2"
        }
      }
    },
    {
      "from": [
        11,
        8,
        -1.5
      ],
      "to": [
        12.5,
        10,
        0
      ],
      "rotation": {
        "angle": 0,
        "axis": "y",
        "origin": [
          12,
          8,
          -1
        ]
      },
      "faces": {
        "north": {
          "uv": [
            2,
            8,
            4,
            10
          ],
          "texture": "#2"
        },
        "east": {
          "uv": [
            8,
            2,
            10,
            4
          ],
          "texture": "#2"
        },
        "south": {
          "uv": [
            4,
            8,
            6,
            10
          ],
          "texture": "#2"
        },
        "west": {
          "uv": [
            8,
            4,
            10,
            6
          ],
          "texture": "#2"
        },
        "up": {
          "uv": [
            8,
            10,
            6,
            8
          ],
          "texture": "#2"
        },
        "down": {
          "uv": [
            10,
            6,
            8,
            8
          ],
          "texture": "#2"
        }
      }
    },
    {
      "from": [
        6,
        10,
        -1.5
      ],
      "to": [
        7,
        11,
        0.5
      ],
      "rotation": {
        "angle": 0,
        "axis": "y",
        "origin": [
          6,
          10,
          -1
        ]
      },
      "faces": {
        "north": {
          "uv": [
            11,
            0,
            12,
            1
          ],
          "texture": "#2"
        },
        "east": {
          "uv": [
            8,
            8,
            10,
            9
          ],
          "texture": "#2"
        },
        "south": {
          "uv": [
            1,
            11,
            2,
            12
          ],
          "texture": "#2"
        },
        "west": {
          "uv": [
            8,
            9,
            10,
            10
          ],
          "texture": "#2"
        },
        "up": {
          "uv": [
            1,
            12,
            0,
            10
          ],
          "texture": "#2"
        },
        "down": {
          "uv": [
            11,
            0,
            10,
            2
          ],
          "texture": "#2"
        }
      }
    },
    {
      "from": [
        5,
        11,
        -1.5
      ],
      "to": [
        6,
        12,
        0.5
      ],
      "rotation": {
        "angle": 0,
        "axis": "y",
        "origin": [
          5,
          11,
          -1
        ]
      },
      "faces": {
        "north": {
          "uv": [
            11,
            1,
            12,
            2
          ],
          "texture": "#2"
        },
        "east": {
          "uv": [
            1,
            10,
            3,
            11
          ],
          "texture": "#2"
        },
        "south": {
          "uv": [
            2,
            11,
            3,
            12
          ],
          "texture": "#2"
        },
        "west": {
          "uv": [
            10,
            2,
            12,
            3
          ],
          "texture": "#2"
        },
        "up": {
          "uv": [
            4,
            12,
            3,
            10
          ],
          "texture": "#2"
        },
        "down": {
          "uv": [
            11,
            3,
            10,
            5
          ],
          "texture": "#2"
        }
      }
    },
    {
      "from": [
        9,
        10,
        -1.5
      ],
      "to": [
        10,
        11,
        0.5
      ],
      "rotation": {
        "angle": 0,
        "axis": "y",
        "origin": [
          10,
          10,
          -1
        ]
      },
      "faces": {
        "north": {
          "uv": [
            11,
            3,
            12,
            4
          ],
          "texture": "#2"
        },
        "east": {
          "uv": [
            4,
            10,
            6,
            11
          ],
          "texture": "#2"
        },
        "south": {
          "uv": [
            4,
            11,
            5,
            12
          ],
          "texture": "#2"
        },
        "west": {
          "uv": [
            10,
            5,
            12,
            6
          ],
          "texture": "#2"
        },
        "up": {
          "uv": [
            7,
            12,
            6,
            10
          ],
          "texture": "#2"
        },
        "down": {
          "uv": [
            11,
            6,
            10,
            8
          ],
          "texture": "#2"
        }
      }
    },
    {
      "from": [
        10,
        11,
        -1.5
      ],
      "to": [
        11,
        12,
        0.5
      ],
      "rotation": {
        "angle": 0,
        "axis": "y",
        "origin": [
          11,
          11,
          -1
        ]
      },
      "faces": {
        "north": {
          "uv": [
            11,
            4,
            12,
            5
          ],
          "texture": "#2"
        },
        "east": {
          "uv": [
            7,
            10,
            9,
            11
          ],
          "texture": "#2"
        },
        "south": {
          "uv": [
            5,
            11,
            6,
            12
          ],
          "texture": "#2"
        },
        "west": {
          "uv": [
            10,
            8,
            12,
            9
          ],
          "texture": "#2"
        },
        "up": {
          "uv": [
            10,
            12,
            9,
            10
          ],
          "texture": "#2"
        },
        "down": {
          "uv": [
            11,
            9,
            10,
            11
          ],
          "texture": "#2"
        }
      }
    }
  ],
  "gui_light": "front",
  "display": {
    "thirdperson_righthand": {
      "rotation": [
        60,
        0,
        0
      ],
      "translation": [
        0,
        -1.5,
        -1.25
      ],
      "scale": [
        0.4,
        0.4,
        0.4
      ]
    },
    "thirdperson_lefthand": {
      "rotation": [
        60,
        0,
        0
      ],
      "translation": [
        0,
        -1.5,
        -1.25
      ],
      "scale": [
        0.4,
        0.4,
        0.4
      ]
    },
    "firstperson_righthand": {
      "rotation": [
        -6,
        130,
        6
      ],
      "translation": [
        2.25,
        3.25,
        0
      ],
      "scale": [
        0.4,
        0.4,
        0.4
      ]
    },
    "firstperson_lefthand": {
      "rotation": [
        -6,
        130,
        6
      ],
      "translation": [
        2.25,
        3.25,
        0
      ],
      "scale": [
        0.4,
        0.4,
        0.4
      ]
    },
    "ground": {
      "translation": [
        0,
        3,
        0
      ],
      "scale": [
        0.5,
        0.5,
        0.5
      ]
    },
    "gui": {
      "rotation": [
        0,
        180,
        0
      ],
      "translation": [
        0,
        -0.25,
        0
      ],
      "scale": [
        0.7,
        0.7,
        0.7
      ]
    },
    "head": {
      "translation": [
        0,
        11.3,
        0
      ],
      "scale": [
        0.8,
        0.8,
        0.8
      ]
    },
    "fixed": {
      "rotation": [
        -90,
        0,
        0
      ],
      "translation": [
        0,
        -0.5,
        -6.5
      ],
      "scale": [
        1.6,
        1.6,
        1.6
      ]
    }
  },
  "groups": [
    {
      "name": "group",
      "origin": [
        8,
        8,
        8
      ],
      "color": 0,
      "children": [
        0,
        1,
        2
      ]
    },
    {
      "name": "legs L",
      "origin": [
        8,
        8,
        8
      ],
      "color": 0,
      "children": [
        3,
        4,
        5,
        6
      ]
    },
    {
      "name": "legs R",
      "origin": [
        8,
        8,
        8
      ],
      "color": 0,
      "children": [
        7,
        8,
        9,
        10
      ]
    },
    {
      "name": "eyes",
      "origin": [
        8,
        8,
        8
      ],
      "color": 0,
      "children": [
        11,
        12,
        13,
        14,
        15,
        16,
        17,
        18
      ]
    }
  ]
}