{
	"format_version": "1.21.6",
	"credit": "Made with Blockbench",
	"texture_size": [32, 32],
	"textures": {
		"0": "minecraft:demon_slayer/katana/mitsuri",
		"particle": "minecraft:demon_slayer/katana/mitsuri"
	},
	"elements": [
		{
			"from": [6.76464, 2, 7.89614],
			"to": [8.76464, 29, 8.09614],
			"rotation": {"angle": 0, "axis": "y", "origin": [0.76464, 0, -0.50386]},
			"faces": {
				"north": {"uv": [0, 1.5, 1, 15], "texture": "#0"},
				"east": {"uv": [0, 1.5, 0.5, 15], "texture": "#0"},
				"south": {"uv": [1, 1.5, 2, 15], "texture": "#0"},
				"west": {"uv": [1, 1.5, 0.5, 15], "texture": "#0"},
				"up": {"uv": [1, 1.5, 0, 2], "texture": "#0"},
				"down": {"uv": [1, 0, 0, 0], "texture": "#0"}
			}
		},
		{
			"from": [7.76464, 29, 7.89614],
			"to": [8.76464, 28, 8.09614],
			"rotation": {"angle": 0, "axis": "y", "origin": [0.76464, 0, -0.50386]},
			"faces": {
				"north": {"uv": [0, 0, 0.5, 0.5], "texture": "#0"},
				"east": {"uv": [0, 0, 0.1, 0.5], "texture": "#0"},
				"south": {"uv": [0, 0, 0.5, 0.5], "texture": "#0"},
				"west": {"uv": [0, 2, 0.45, 2.5], "texture": "#0"},
				"up": {"uv": [0, 2, 0.5, 2.6], "texture": "#0"},
				"down": {"uv": [0, 0, 0.5, 0.6], "texture": "#0"}
			}
		},
		{
			"from": [2.26464, 1, 5.74614],
			"to": [9.26464, 2, 8.74614],
			"rotation": {"angle": 45, "axis": "y", "origin": [7.66464, 2, 5.24614]},
			"faces": {
				"north": {"uv": [2, 4.5, 5.5, 5], "texture": "#0"},
				"east": {"uv": [3, 0, 4.5, 0.5], "texture": "#0"},
				"south": {"uv": [2, 4.5, 5.5, 5], "texture": "#0"},
				"west": {"uv": [3, 3, 4.5, 3.5], "texture": "#0"},
				"up": {"uv": [0, 0, 0, 0], "rotation": 90, "texture": "#0"},
				"down": {"uv": [0, 0, 0, 0], "rotation": 270, "texture": "#0"}
			}
		},
		{
			"from": [4.26464, 1, 3.74614],
			"to": [7.26464, 2, 10.74614],
			"rotation": {"angle": 45, "axis": "y", "origin": [7.66464, 2, 5.24614]},
			"faces": {
				"north": {"uv": [3, 3, 4.5, 3.5], "texture": "#0"},
				"east": {"uv": [2, 4.5, 5.5, 5], "texture": "#0"},
				"south": {"uv": [3, 3, 4.5, 3.5], "texture": "#0"},
				"west": {"uv": [2, 4.5, 5.5, 5], "texture": "#0"},
				"up": {"uv": [0, 0, 0, 0], "rotation": 90, "texture": "#0"},
				"down": {"uv": [0, 0, 0, 0], "rotation": 270, "texture": "#0"}
			}
		},
		{
			"from": [2.26464, 1, 3.74614],
			"to": [9.26464, 2, 10.74614],
			"rotation": {"angle": 45, "axis": "y", "origin": [7.66464, 2, 5.24614]},
			"faces": {
				"north": {"uv": [0, 0, 2, 0], "texture": "#0"},
				"east": {"uv": [0, 0, 2, 0], "texture": "#0"},
				"south": {"uv": [0, 0, 2, 0], "texture": "#0"},
				"west": {"uv": [0, 0, 2, 0], "texture": "#0"},
				"up": {"uv": [2, 0, 5.5, 3.5], "rotation": 90, "texture": "#0"},
				"down": {"uv": [2, 0, 5.5, 3.5], "rotation": 270, "texture": "#0"}
			}
		},
		{
			"from": [6.75, -5.7, 7.65],
			"to": [8.75, 1.3, 8.35],
			"rotation": {"angle": 0, "axis": "y", "origin": [0.75, 0.4, -0.5]},
			"faces": {
				"north": {"uv": [2.5, 12, 3.5, 15.5], "texture": "#0"},
				"east": {"uv": [2, 12, 2.5, 15.5], "texture": "#0"},
				"south": {"uv": [3.5, 12, 2.5, 15.5], "texture": "#0"},
				"west": {"uv": [3.5, 12, 4, 15.5], "texture": "#0"},
				"up": {"uv": [6, 0.5, 5.5, 0], "texture": "#0"},
				"down": {"uv": [0.5, 0, 0, 0.5], "texture": "#0"}
			}
		},
		{
			"from": [7.225, -2.86789, 7.625],
			"to": [8.525, -1.56789, 8.375],
			"rotation": {"angle": 45, "axis": "z", "origin": [7.75, -2.34289, 8]},
			"faces": {
				"north": {"uv": [15, 2, 16, 1], "texture": "#0"},
				"east": {"uv": [0, 0, 1, 1], "texture": "#0"},
				"south": {"uv": [16, 2, 15, 1], "texture": "#0"},
				"west": {"uv": [0, 0, 1, 1], "texture": "#0"},
				"up": {"uv": [0.5, 0.5, 0, 0], "texture": "#0"},
				"down": {"uv": [0.5, 0, 0, 0.5], "texture": "#0"}
			}
		},
		{
			"from": [7.225, -0.86789, 7.625],
			"to": [8.525, 0.43211, 8.375],
			"rotation": {"angle": 45, "axis": "z", "origin": [7.75, -0.34289, 8]},
			"faces": {
				"north": {"uv": [15, 2, 16, 1], "texture": "#0"},
				"east": {"uv": [0, 0, 1, 1], "texture": "#0"},
				"south": {"uv": [16, 2, 15, 1], "texture": "#0"},
				"west": {"uv": [0, 0, 1, 1], "texture": "#0"},
				"up": {"uv": [0.5, 0.5, 0, 0], "texture": "#0"},
				"down": {"uv": [0.5, 0, 0, 0.5], "texture": "#0"}
			}
		},
		{
			"from": [7.225, -4.86789, 7.625],
			"to": [8.525, -3.56789, 8.375],
			"rotation": {"angle": 45, "axis": "z", "origin": [7.75, -4.34289, 8]},
			"faces": {
				"north": {"uv": [15, 2, 16, 1], "texture": "#0"},
				"east": {"uv": [0, 0, 1, 1], "texture": "#0"},
				"south": {"uv": [16, 2, 15, 1], "texture": "#0"},
				"west": {"uv": [0, 0, 1, 1], "texture": "#0"},
				"up": {"uv": [0.5, 0.5, 0, 0], "texture": "#0"},
				"down": {"uv": [0.5, 0, 0, 0.5], "texture": "#0"}
			}
		},
		{
			"from": [6.7, -6.2, 7.6],
			"to": [8.8, -5.7, 8.4],
			"rotation": {"angle": 0, "axis": "y", "origin": [0.75, 0.3, -0.5]},
			"faces": {
				"north": {"uv": [15, 0, 16, 0.5], "texture": "#0"},
				"east": {"uv": [15, 0, 15.5, 0.5], "texture": "#0"},
				"south": {"uv": [16, 0, 15, 0.5], "texture": "#0"},
				"west": {"uv": [15.5, 0, 16, 0.5], "texture": "#0"},
				"up": {"uv": [16, 0, 15, 0.5], "texture": "#0"},
				"down": {"uv": [16, 0, 15, 0.5], "texture": "#0"}
			}
		}
	],
	"display": {
		"thirdperson_righthand": {
			"rotation": [90, 90, -90],
			"translation": [0, 7.75, 1.75]
		},
		"thirdperson_lefthand": {
			"rotation": [160, 90, 15],
			"translation": [0, -12, 3]
		},
		"firstperson_righthand": {
			"rotation": [0, 79.5, 0],
			"translation": [8, 0.25, -8]
		},
		"firstperson_lefthand": {
			"rotation": [-17.57, 74.6, -165.66],
			"translation": [9.5, -9.5, -8]
		},
		"ground": {
			"translation": [-0.5, 12.25, -0.25]
		},
		"gui": {
			"rotation": [-142.92, -40.98, -117.18],
			"translation": [-1, 0, 0],
			"scale": [0.5, 0.5, 0.5]
		},
		"head": {
			"scale": [0, 0, 0]
		},
		"fixed": {
			"translation": [2.25, -7.5, -2.25],
			"scale": [2, 2, 2]
		}
	}
}