{
  "parent": "minecraft:item/handheld",
  "textures": {
    "layer0": "minecraft:item/espadassfd",
    "particle": "minecraft:item/espadassfd"
  },
  "elements": [
    {
      "name": "end",
      "from": [
        6.8,
        0,
        6.8
      ],
      "to": [
        9.2,
        1,
        9.2
      ],
      "rotation": {
        "angle": 0,
        "axis": "y",
        "origin": [
          7,
          0,
          7
        ]
      },
      "faces": {
        "north": {
          "uv": [
            9.5,
            1,
            10.75,
            1.5
          ],
          "texture": "#0"
        },
        "east": {
          "uv": [
            9.5,
            1.5,
            10.75,
            2
          ],
          "texture": "#0"
        },
        "south": {
          "uv": [
            2,
            9.5,
            3.25,
            10
          ],
          "texture": "#0"
        },
        "west": {
          "uv": [
            9.5,
            2,
            10.75,
            2.5
          ],
          "texture": "#0"
        },
        "up": {
          "uv": [
            8.25,
            4.25,
            7,
            3
          ],
          "texture": "#0"
        },
        "down": {
          "uv": [
            8.25,
            4.5,
            7,
            5.75
          ],
          "texture": "#0"
        }
      }
    },
    {
      "from": [
        5,
        8,
        7
      ],
      "to": [
        11,
        9,
        9
      ],
      "rotation": {
        "angle": 0,
        "axis": "y",
        "origin": [
          7,
          8,
          7
        ]
      },
      "faces": {
        "north": {
          "uv": [
            7,
            6,
            10,
            6.5
          ],
          "texture": "#0"
        },
        "east": {
          "uv": [
            10,
            9.5,
            11,
            10
          ],
          "texture": "#0"
        },
        "south": {
          "uv": [
            7,
            6.5,
            10,
            7
          ],
          "texture": "#0"
        },
        "west": {
          "uv": [
            10,
            10,
            11,
            10.5
          ],
          "texture": "#0"
        },
        "up": {
          "uv": [
            7,
            1,
            4,
            0
          ],
          "texture": "#0"
        },
        "down": {
          "uv": [
            7,
            1,
            4,
            2
          ],
          "texture": "#0"
        }
      }
    },
    {
      "from": [
        3.13238,
        8.96946,
        7
      ],
      "to": [
        5.13238,
        9.46946,
        9
      ],
      "rotation": {
        "angle": -25,
        "axis": "z",
        "origin": [
          4.13238,
          8.96946,
          8
        ]
      },
      "faces": {
        "north": {
          "uv": [
            0,
            11,
            1,
            11.25
          ],
          "texture": "#0"
        },
        "east": {
          "uv": [
            1,
            11,
            2,
            11.25
          ],
          "texture": "#0"
        },
        "south": {
          "uv": [
            11,
            1,
            12,
            1.25
          ],
          "texture": "#0"
        },
        "west": {
          "uv": [
            11,
            1.5,
            12,
            1.75
          ],
          "texture": "#0"
        },
        "up": {
          "uv": [
            8,
            8,
            7,
            7
          ],
          "texture": "#0"
        },
        "down": {
          "uv": [
            8,
            8,
            7,
            9
          ],
          "texture": "#0"
        }
      }
    },
    {
      "from": [
        10.86762,
        8.96946,
        7
      ],
      "to": [
        12.86762,
        9.46946,
        9
      ],
      "rotation": {
        "angle": 25,
        "axis": "z",
        "origin": [
          11.86762,
          8.96946,
          8
        ]
      },
      "faces": {
        "north": {
          "uv": [
            2,
            11,
            3,
            11.25
          ],
          "texture": "#0"
        },
        "east": {
          "uv": [
            11,
            2,
            12,
            2.25
          ],
          "texture": "#0"
        },
        "south": {
          "uv": [
            11,
            2.5,
            12,
            2.75
          ],
          "texture": "#0"
        },
        "west": {
          "uv": [
            3,
            11,
            4,
            11.25
          ],
          "texture": "#0"
        },
        "up": {
          "uv": [
            9,
            8,
            8,
            7
          ],
          "texture": "#0"
        },
        "down": {
          "uv": [
            9,
            8,
            8,
            9
          ],
          "texture": "#0"
        }
      }
    },
    {
      "from": [
        3.43738,
        7.24846,
        7
      ],
      "to": [
        5.43738,
        7.74846,
        9
      ],
      "rotation": {
        "angle": 25,
        "axis": "z",
        "origin": [
          3.43738,
          7.24846,
          7
        ]
      },
      "faces": {
        "north": {
          "uv": [
            11,
            3,
            12,
            3.25
          ],
          "texture": "#0"
        },
        "east": {
          "uv": [
            11,
            3.5,
            12,
            3.75
          ],
          "texture": "#0"
        },
        "south": {
          "uv": [
            4,
            11,
            5,
            11.25
          ],
          "texture": "#0"
        },
        "west": {
          "uv": [
            11,
            4,
            12,
            4.25
          ],
          "texture": "#0"
        },
        "up": {
          "uv": [
            9.5,
            1,
            8.5,
            0
          ],
          "texture": "#0"
        },
        "down": {
          "uv": [
            9.5,
            1,
            8.5,
            2
          ],
          "texture": "#0"
        }
      }
    },
    {
      "from": [
        10.56262,
        7.24846,
        7
      ],
      "to": [
        12.56262,
        7.74846,
        9
      ],
      "rotation": {
        "angle": -25,
        "axis": "z",
        "origin": [
          12.56262,
          7.24846,
          7
        ]
      },
      "faces": {
        "north": {
          "uv": [
            11,
            4.5,
            12,
            4.75
          ],
          "texture": "#0"
        },
        "east": {
          "uv": [
            5,
            11,
            6,
            11.25
          ],
          "texture": "#0"
        },
        "south": {
          "uv": [
            11,
            5,
            12,
            5.25
          ],
          "texture": "#0"
        },
        "west": {
          "uv": [
            11,
            5.5,
            12,
            5.75
          ],
          "texture": "#0"
        },
        "up": {
          "uv": [
            9.5,
            3,
            8.5,
            2
          ],
          "texture": "#0"
        },
        "down": {
          "uv": [
            9.5,
            3,
            8.5,
            4
          ],
          "texture": "#0"
        }
      }
    },
    {
      "name": "handle",
      "from": [
        7.25,
        1,
        7.25
      ],
      "to": [
        8.75,
        8,
        8.75
      ],
      "rotation": {
        "angle": 0,
        "axis": "y",
        "origin": [
          7,
          0,
          7
        ]
      },
      "faces": {
        "north": {
          "uv": [
            4,
            2,
            4.75,
            5.5
          ],
          "texture": "#0"
        },
        "east": {
          "uv": [
            5,
            2,
            5.75,
            5.5
          ],
          "texture": "#0"
        },
        "south": {
          "uv": [
            4,
            5.5,
            4.75,
            9
          ],
          "texture": "#0"
        },
        "west": {
          "uv": [
            5,
            5.5,
            5.75,
            9
          ],
          "texture": "#0"
        },
        "up": {
          "uv": [
            10.25,
            3.25,
            9.5,
            2.5
          ],
          "texture": "#0"
        },
        "down": {
          "uv": [
            10.25,
            3.5,
            9.5,
            4.25
          ],
          "texture": "#0"
        }
      }
    },
    {
      "from": [
        7.2,
        2,
        7.2
      ],
      "to": [
        8.8,
        2.2,
        8.8
      ],
      "rotation": {
        "angle": 0,
        "axis": "y",
        "origin": [
          7,
          2,
          7
        ]
      },
      "faces": {
        "north": {
          "uv": [
            11,
            6,
            11.75,
            6.125
          ],
          "texture": "#0"
        },
        "east": {
          "uv": [
            11,
            6.5,
            11.75,
            6.625
          ],
          "texture": "#0"
        },
        "south": {
          "uv": [
            7,
            11,
            7.75,
            11.125
          ],
          "texture": "#0"
        },
        "west": {
          "uv": [
            11,
            7,
            11.75,
            7.125
          ],
          "texture": "#0"
        },
        "up": {
          "uv": [
            10.25,
            5.25,
            9.5,
            4.5
          ],
          "texture": "#0"
        },
        "down": {
          "uv": [
            2.75,
            10,
            2,
            10.75
          ],
          "texture": "#0"
        }
      }
    },
    {
      "from": [
        7.2,
        3,
        7.2
      ],
      "to": [
        8.8,
        3.2,
        8.8
      ],
      "rotation": {
        "angle": 0,
        "axis": "y",
        "origin": [
          7,
          3,
          7
        ]
      },
      "faces": {
        "north": {
          "uv": [
            11,
            7.5,
            11.75,
            7.625
          ],
          "texture": "#0"
        },
        "east": {
          "uv": [
            8,
            11,
            8.75,
            11.125
          ],
          "texture": "#0"
        },
        "south": {
          "uv": [
            11,
            8,
            11.75,
            8.125
          ],
          "texture": "#0"
        },
        "west": {
          "uv": [
            11,
            8.5,
            11.75,
            8.625
          ],
          "texture": "#0"
        },
        "up": {
          "uv": [
            3.75,
            10.75,
            3,
            10
          ],
          "texture": "#0"
        },
        "down": {
          "uv": [
            4.75,
            10,
            4,
            10.75
          ],
          "texture": "#0"
        }
      }
    },
    {
      "from": [
        7.2,
        4,
        7.2
      ],
      "to": [
        8.8,
        4.2,
        8.8
      ],
      "rotation": {
        "angle": 0,
        "axis": "y",
        "origin": [
          7,
          4,
          7
        ]
      },
      "faces": {
        "north": {
          "uv": [
            9,
            11,
            9.75,
            11.125
          ],
          "texture": "#0"
        },
        "east": {
          "uv": [
            11,
            9,
            11.75,
            9.125
          ],
          "texture": "#0"
        },
        "south": {
          "uv": [
            11,
            9.5,
            11.75,
            9.625
          ],
          "texture": "#0"
        },
        "west": {
          "uv": [
            10,
            11,
            10.75,
            11.125
          ],
          "texture": "#0"
        },
        "up": {
          "uv": [
            5.75,
            10.75,
            5,
            10
          ],
          "texture": "#0"
        },
        "down": {
          "uv": [
            10.75,
            5.5,
            10,
            6.25
          ],
          "texture": "#0"
        }
      }
    },
    {
      "from": [
        7.2,
        5,
        7.2
      ],
      "to": [
        8.8,
        5.2,
        8.8
      ],
      "rotation": {
        "angle": 0,
        "axis": "y",
        "origin": [
          7,
          5,
          7
        ]
      },
      "faces": {
        "north": {
          "uv": [
            11,
            10,
            11.75,
            10.125
          ],
          "texture": "#0"
        },
        "east": {
          "uv": [
            11,
            11,
            11.75,
            11.125
          ],
          "texture": "#0"
        },
        "south": {
          "uv": [
            0,
            11.5,
            0.75,
            11.625
          ],
          "texture": "#0"
        },
        "west": {
          "uv": [
            1,
            11.5,
            1.75,
            11.625
          ],
          "texture": "#0"
        },
        "up": {
          "uv": [
            10.75,
            7.25,
            10,
            6.5
          ],
          "texture": "#0"
        },
        "down": {
          "uv": [
            7.75,
            10,
            7,
            10.75
          ],
          "texture": "#0"
        }
      }
    },
    {
      "from": [
        7.2,
        6,
        7.2
      ],
      "to": [
        8.8,
        6.2,
        8.8
      ],
      "rotation": {
        "angle": 0,
        "axis": "y",
        "origin": [
          7,
          6,
          7
        ]
      },
      "faces": {
        "north": {
          "uv": [
            2,
            11.5,
            2.75,
            11.625
          ],
          "texture": "#0"
        },
        "east": {
          "uv": [
            3,
            11.5,
            3.75,
            11.625
          ],
          "texture": "#0"
        },
        "south": {
          "uv": [
            4,
            11.5,
            4.75,
            11.625
          ],
          "texture": "#0"
        },
        "west": {
          "uv": [
            5,
            11.5,
            5.75,
            11.625
          ],
          "texture": "#0"
        },
        "up": {
          "uv": [
            10.75,
            8.25,
            10,
            7.5
          ],
          "texture": "#0"
        },
        "down": {
          "uv": [
            8.75,
            10,
            8,
            10.75
          ],
          "texture": "#0"
        }
      }
    },
    {
      "from": [
        7.2,
        7,
        7.2
      ],
      "to": [
        8.8,
        7.2,
        8.8
      ],
      "rotation": {
        "angle": 0,
        "axis": "y",
        "origin": [
          7,
          7,
          7
        ]
      },
      "faces": {
        "north": {
          "uv": [
            6,
            11.5,
            6.75,
            11.625
          ],
          "texture": "#0"
        },
        "east": {
          "uv": [
            7,
            11.5,
            7.75,
            11.625
          ],
          "texture": "#0"
        },
        "south": {
          "uv": [
            8,
            11.5,
            8.75,
            11.625
          ],
          "texture": "#0"
        },
        "west": {
          "uv": [
            9,
            11.5,
            9.75,
            11.625
          ],
          "texture": "#0"
        },
        "up": {
          "uv": [
            10.75,
            9.25,
            10,
            8.5
          ],
          "texture": "#0"
        },
        "down": {
          "uv": [
            9.75,
            10,
            9,
            10.75
          ],
          "texture": "#0"
        }
      }
    },
    {
      "from": [
        3.35,
        7.5,
        7.25
      ],
      "to": [
        5.1,
        9.5,
        8.75
      ],
      "rotation": {
        "angle": 0,
        "axis": "y",
        "origin": [
          2.6,
          7.5,
          7
        ]
      },
      "faces": {
        "north": {
          "uv": [
            8.5,
            4,
            9.375,
            5
          ],
          "texture": "#0"
        },
        "east": {
          "uv": [
            7,
            9,
            7.75,
            10
          ],
          "texture": "#0"
        },
        "south": {
          "uv": [
            8.5,
            5,
            9.375,
            6
          ],
          "texture": "#0"
        },
        "west": {
          "uv": [
            9,
            7,
            9.75,
            8
          ],
          "texture": "#0"
        },
        "up": {
          "uv": [
            9.875,
            9.75,
            9,
            9
          ],
          "texture": "#0"
        },
        "down": {
          "uv": [
            0.875,
            9.5,
            0,
            10.25
          ],
          "texture": "#0"
        }
      }
    },
    {
      "from": [
        10.9,
        7.5,
        7.25
      ],
      "to": [
        12.65,
        9.5,
        8.75
      ],
      "rotation": {
        "angle": 0,
        "axis": "y",
        "origin": [
          13.4,
          7.5,
          7
        ]
      },
      "faces": {
        "north": {
          "uv": [
            4,
            9,
            4.875,
            10
          ],
          "texture": "#0"
        },
        "east": {
          "uv": [
            8,
            9,
            8.75,
            10
          ],
          "texture": "#0"
        },
        "south": {
          "uv": [
            5,
            9,
            5.875,
            10
          ],
          "texture": "#0"
        },
        "west": {
          "uv": [
            9,
            8,
            9.75,
            9
          ],
          "texture": "#0"
        },
        "up": {
          "uv": [
            10.375,
            0.75,
            9.5,
            0
          ],
          "texture": "#0"
        },
        "down": {
          "uv": [
            1.875,
            9.5,
            1,
            10.25
          ],
          "texture": "#0"
        }
      }
    },
    {
      "from": [
        6.08597,
        8.96464,
        7.75
      ],
      "to": [
        10.08597,
        27.96464,
        8.25
      ],
      "rotation": {
        "angle": 0,
        "axis": "y",
        "origin": [
          7.08597,
          8.96464,
          7
        ]
      },
      "faces": {
        "north": {
          "uv": [
            0,
            0,
            2,
            9.5
          ],
          "texture": "#0"
        },
        "east": {
          "uv": [
            6,
            2,
            6.25,
            11.5
          ],
          "texture": "#0"
        },
        "south": {
          "uv": [
            2,
            0,
            4,
            9.5
          ],
          "texture": "#0"
        },
        "west": {
          "uv": [
            6.5,
            2,
            6.75,
            11.5
          ],
          "texture": "#0"
        },
        "up": {
          "uv": [
            2,
            10.75,
            0,
            10.5
          ],
          "texture": "#0"
        },
        "down": {
          "uv": [
            12.5,
            0,
            10.5,
            0.25
          ],
          "texture": "#0"
        }
      }
    },
    {
      "from": [
        5.7,
        26,
        7.75
      ],
      "to": [
        8.5,
        28.9,
        8.25
      ],
      "rotation": {
        "angle": 45,
        "axis": "z",
        "origin": [
          7,
          28.9,
          7
        ]
      },
      "faces": {
        "north": {
          "uv": [
            7,
            0,
            8.375,
            1.5
          ],
          "texture": "#0"
        },
        "east": {
          "uv": [
            10.5,
            2.5,
            10.75,
            4
          ],
          "texture": "#0"
        },
        "south": {
          "uv": [
            7,
            1.5,
            8.375,
            3
          ],
          "texture": "#0"
        },
        "west": {
          "uv": [
            10.5,
            4,
            10.75,
            5.5
          ],
          "texture": "#0"
        },
        "up": {
          "uv": [
            11.875,
            0.75,
            10.5,
            0.5
          ],
          "texture": "#0"
        },
        "down": {
          "uv": [
            11.375,
            10.5,
            10,
            10.75
          ],
          "texture": "#0"
        }
      }
    }
  ],
  "display": {
    "thirdperson_righthand": {
      "rotation": [
        0,
        90,
        0
      ],
      "translation": [
        0,
        0.5,
        2
      ],
      "scale": [
        0.7,
        0.7,
        0.7
      ]
    },
    "thirdperson_lefthand": {
      "rotation": [
        0,
        90,
        0
      ],
      "translation": [
        0,
        0.5,
        2
      ],
      "scale": [
        0.7,
        0.7,
        0.7
      ]
    },
    "firstperson_righthand": {
      "rotation": [
        0,
        90,
        0
      ],
      "translation": [
        0.75,
        1.25,
        2
      ],
      "scale": [
        0.6,
        0.6,
        0.6
      ]
    },
    "firstperson_lefthand": {
      "rotation": [
        0,
        90,
        0
      ],
      "translation": [
        0.75,
        1.25,
        2
      ],
      "scale": [
        0.6,
        0.6,
        0.6
      ]
    },
    "ground": {
      "rotation": [
        -85,
        -2,
        0
      ],
      "translation": [
        0,
        0,
        3.5
      ],
      "scale": [
        0.6,
        0.6,
        0.6
      ]
    },
    "gui": {
      "rotation": [
        0,
        0,
        45
      ],
      "translation": [
        2.25,
        -2,
        0.75
      ],
      "scale": [
        0.5,
        0.5,
        0.5
      ]
    },
    "head": {
      "rotation": [
        0,
        90,
        0
      ],
      "translation": [
        0.75,
        1.25,
        2
      ],
      "scale": [
        0.6,
        0.6,
        0.6
      ]
    },
    "fixed": {
      "translation": [
        0,
        -2.75,
        0.75
      ],
      "scale": [
        0.5,
        0.5,
        0.5
      ]
    },
    "on_shelf": {
      "translation": [
        0,
        0,
        -3.25
      ],
      "scale": [
        0.7,
        0.7,
        0.7
      ]
    }
  },
  "groups": [
    {
      "name": "Base",
      "origin": [
        8,
        8,
        8
      ],
      "color": 0,
      "children": [
        0
      ]
    },
    {
      "name": "Handle",
      "origin": [
        8,
        8,
        8
      ],
      "color": 0,
      "children": [
        1,
        2,
        3,
        4,
        5,
        6,
        7,
        8,
        9,
        10,
        11,
        12,
        13,
        14
      ]
    },
    {
      "name": "Blade",
      "origin": [
        8,
        8,
        8
      ],
      "color": 0,
      "children": [
        15,
        16
      ]
    }
  ]
}