{
	"format_version": "1.21.6",
	"credit": "Made with Blockbench",
	"texture_size": [32, 32],
	"textures": {
		"0": "minecraft:demon_slayer/katana/kanao",
		"particle": "minecraft:demon_slayer/katana/kanao"
	},
	"elements": [
		{
			"from": [6.75, 1.9, 7.9],
			"to": [8.75, 28.9, 8.1],
			"rotation": {"angle": 0, "axis": "y", "origin": [0.75, -0.1, -0.5]},
			"faces": {
				"north": {"uv": [0, 1.5, 1, 15], "texture": "#0"},
				"east": {"uv": [0, 1.5, 0.5, 15], "texture": "#0"},
				"south": {"uv": [1, 1.5, 2, 15], "texture": "#0"},
				"west": {"uv": [0.5, 1.5, 1, 15], "texture": "#0"},
				"up": {"uv": [1, 1.5, 0, 2], "texture": "#0"},
				"down": {"uv": [1, 0, 0, 0], "texture": "#0"}
			}
		},
		{
			"from": [7.75, 28.9, 7.9],
			"to": [8.75, 27.9, 8.1],
			"rotation": {"angle": 0, "axis": "y", "origin": [0.75, -0.1, -0.5]},
			"faces": {
				"north": {"uv": [0, 0, 0.5, 0.5], "texture": "#0"},
				"east": {"uv": [0, 0, 0.1, 0.5], "texture": "#0"},
				"south": {"uv": [0, 0, 0.5, 0.5], "texture": "#0"},
				"west": {"uv": [0, 2, 0.5, 2.5], "texture": "#0"},
				"up": {"uv": [0, 2, 0.5, 2.5], "texture": "#0"},
				"down": {"uv": [0, 0, 0.5, 0.6], "texture": "#0"}
			}
		},
		{
			"from": [6.75, 1.075, 7.5],
			"to": [8.75, 2.125, 8.5],
			"rotation": {"angle": 0, "axis": "y", "origin": [7.15, 1.1, 7.52145]},
			"faces": {
				"north": {"uv": [15, 0, 16, 0.5], "texture": "#0"},
				"east": {"uv": [15.5, 0, 15, 0.5], "texture": "#0"},
				"south": {"uv": [16, 0, 15, 0.5], "texture": "#0"},
				"west": {"uv": [16, 0, 15.5, 0.5], "texture": "#0"},
				"up": {"uv": [16, 0, 15, 0.5], "texture": "#0"},
				"down": {"uv": [16, 0, 15, 0.5], "texture": "#0"}
			}
		},
		{
			"from": [5.25368, 1.1, 5.49614],
			"to": [10.25368, 2.1, 10.49614],
			"rotation": {"angle": 0, "axis": "y", "origin": [-11.24632, 0.5, -1.00386]},
			"faces": {
				"north": {"uv": [2, 0.5, 4.5, 1], "texture": "#0"},
				"east": {"uv": [2, 1, 4.5, 0.5], "texture": "#0"},
				"south": {"uv": [2, 0.5, 4.5, 1], "texture": "#0"},
				"west": {"uv": [2, 1, 4.5, 0.5], "texture": "#0"},
				"up": {"uv": [0, 0, 0, 0], "texture": "#0"},
				"down": {"uv": [0.5, 0, 0, 0.5], "texture": "#0"}
			}
		},
		{
			"from": [9.25368, 1.1, 6.49614],
			"to": [10.25368, 2.1, 9.49614],
			"rotation": {"angle": 0, "axis": "y", "origin": [-11.24632, 0.5, -1.00386]},
			"faces": {
				"north": {"uv": [2, 3, 2.5, 3.5], "texture": "#0"},
				"east": {"uv": [0, 0.5, 0.5, 0], "texture": "#0"},
				"south": {"uv": [2, 2, 2.5, 2.5], "texture": "#0"},
				"west": {"uv": [2, 2, 2.5, 3.5], "rotation": 90, "texture": "#0"},
				"up": {"uv": [2.5, 3.5, 2, 2], "texture": "#0"},
				"down": {"uv": [2.5, 2, 2, 3.5], "texture": "#0"}
			}
		},
		{
			"from": [8.25368, 1.35, 8.49614],
			"to": [9.25368, 1.85, 10.49614],
			"rotation": {"angle": 0, "axis": "y", "origin": [-12.24632, 0.75, -1.00386]},
			"faces": {
				"north": {"uv": [3.5, 5.5, 3, 5], "texture": "#0"},
				"east": {"uv": [3, 5, 4, 4.5], "texture": "#0"},
				"south": {"uv": [0.5, 0.5, 0, 0], "texture": "#0"},
				"west": {"uv": [4, 5, 3, 4.5], "texture": "#0"},
				"up": {"uv": [3.5, 5.5, 3, 4.5], "texture": "#0"},
				"down": {"uv": [3.5, 4.5, 3, 5.5], "texture": "#0"}
			}
		},
		{
			"from": [7.25368, 1.35, 9.49614],
			"to": [10.25368, 1.85, 10.49614],
			"rotation": {"angle": 0, "axis": "y", "origin": [-13.24632, 0.75, -1.00386]},
			"faces": {
				"north": {"uv": [4, 5, 2.5, 4.5], "texture": "#0"},
				"east": {"uv": [0.5, 0.5, 0, 0], "texture": "#0"},
				"south": {"uv": [0.5, 0.5, 0, 0], "texture": "#0"},
				"west": {"uv": [4, 5, 3.5, 4.5], "texture": "#0"},
				"up": {"uv": [4, 5, 2.5, 4.5], "texture": "#0"},
				"down": {"uv": [4, 5, 2.5, 4.5], "texture": "#0"}
			}
		},
		{
			"from": [6.25368, 1.35, 5.49614],
			"to": [7.25368, 1.85, 7.49614],
			"rotation": {"angle": 0, "axis": "y", "origin": [-14.24632, 0.75, -1.00386]},
			"faces": {
				"north": {"uv": [0, 0.5, 0.5, 0], "texture": "#0"},
				"east": {"uv": [4, 5, 3, 4.5], "texture": "#0"},
				"south": {"uv": [3, 5.5, 3.5, 5], "texture": "#0"},
				"west": {"uv": [3, 5, 4, 4.5], "texture": "#0"},
				"up": {"uv": [3.5, 4.5, 3, 5.5], "texture": "#0"},
				"down": {"uv": [3.5, 5.5, 3, 4.5], "texture": "#0"}
			}
		},
		{
			"from": [5.25368, 1.35, 5.49614],
			"to": [8.25368, 1.85, 6.49614],
			"rotation": {"angle": 0, "axis": "y", "origin": [-15.24632, 0.75, -1.00386]},
			"faces": {
				"north": {"uv": [0, 0.5, 0.5, 0], "texture": "#0"},
				"east": {"uv": [3.5, 5, 4, 4.5], "texture": "#0"},
				"south": {"uv": [2.5, 5, 4, 4.5], "texture": "#0"},
				"west": {"uv": [0, 0.5, 0.5, 0], "texture": "#0"},
				"up": {"uv": [4, 4.5, 2.5, 5], "texture": "#0"},
				"down": {"uv": [4, 4.5, 2.5, 5], "texture": "#0"}
			}
		},
		{
			"from": [8.25368, 1.1, 6.49614],
			"to": [9.25368, 2.1, 7.49614],
			"rotation": {"angle": 0, "axis": "y", "origin": [-12.24632, 0.5, -1.00386]},
			"faces": {
				"north": {"uv": [2.5, 3, 3, 3.5], "texture": "#0"},
				"east": {"uv": [0, 0, 0.5, 0.5], "texture": "#0"},
				"south": {"uv": [2.5, 3, 3, 3.5], "texture": "#0"},
				"west": {"uv": [2.5, 3, 3, 3.5], "texture": "#0"},
				"up": {"uv": [2.5, 3, 3, 3.5], "texture": "#0"},
				"down": {"uv": [2.5, 3, 3, 3.5], "texture": "#0"}
			}
		},
		{
			"from": [5.25368, 1.1, 6.49614],
			"to": [6.25368, 2.1, 9.49614],
			"rotation": {"angle": 0, "axis": "y", "origin": [26.75368, 0.5, -1.00386]},
			"faces": {
				"north": {"uv": [2, 2, 2.5, 2.5], "texture": "#0"},
				"east": {"uv": [2, 2, 2.5, 3.5], "rotation": 90, "texture": "#0"},
				"south": {"uv": [2, 3, 2.5, 3.5], "texture": "#0"},
				"west": {"uv": [0, 0.5, 0.5, 0], "texture": "#0"},
				"up": {"uv": [2, 2, 2.5, 3.5], "texture": "#0"},
				"down": {"uv": [2, 3.5, 2.5, 2], "texture": "#0"}
			}
		},
		{
			"from": [6.25368, 1.1, 8.49614],
			"to": [7.25368, 2.1, 9.49614],
			"rotation": {"angle": 0, "axis": "y", "origin": [27.75368, 0.5, -1.00386]},
			"faces": {
				"north": {"uv": [2.5, 3, 3, 3.5], "texture": "#0"},
				"east": {"uv": [2.5, 3, 3, 3.5], "texture": "#0"},
				"south": {"uv": [2.5, 3, 3, 3.5], "texture": "#0"},
				"west": {"uv": [0, 0, 0.5, 0.5], "texture": "#0"},
				"up": {"uv": [3, 3.5, 2.5, 3], "texture": "#0"},
				"down": {"uv": [3, 3.5, 2.5, 3], "texture": "#0"}
			}
		},
		{
			"from": [5.25368, 2.1, 5.49614],
			"to": [10.25368, 1.1, 10.49614],
			"rotation": {"angle": 0, "axis": "y", "origin": [-11.24632, 1.5, -1.00386]},
			"faces": {
				"north": {"uv": [2, 0.5, 4.5, 1], "texture": "#0"},
				"east": {"uv": [2, 1, 4.5, 0.5], "texture": "#0"},
				"south": {"uv": [2, 0.5, 4.5, 1], "texture": "#0"},
				"west": {"uv": [2, 1, 4.5, 0.5], "texture": "#0"},
				"up": {"uv": [0.5, 0, 0, 0.5], "texture": "#0"},
				"down": {"uv": [0.5, 0, 0, 0.5], "texture": "#0"}
			}
		},
		{
			"from": [6.75, -5.95, 7.65],
			"to": [8.75, 1.05, 8.35],
			"rotation": {"angle": 0, "axis": "y", "origin": [0.75, 0.15, -0.5]},
			"faces": {
				"north": {"uv": [2.5, 12, 3.5, 15.5], "texture": "#0"},
				"east": {"uv": [2, 12, 2.5, 15.5], "texture": "#0"},
				"south": {"uv": [3.5, 12, 2.5, 15.5], "texture": "#0"},
				"west": {"uv": [3.5, 12, 4, 15.5], "texture": "#0"},
				"up": {"uv": [6, 0.5, 5.5, 0], "texture": "#0"},
				"down": {"uv": [0.5, 0, 0, 0.5], "texture": "#0"}
			}
		},
		{
			"from": [6.7, -6.45, 7.6],
			"to": [8.8, -5.95, 8.4],
			"rotation": {"angle": 0, "axis": "y", "origin": [0.75, 0.05, -0.5]},
			"faces": {
				"north": {"uv": [15, 0, 16, 0.5], "texture": "#0"},
				"east": {"uv": [15, 0, 15.5, 0.5], "texture": "#0"},
				"south": {"uv": [16, 0, 15, 0.5], "texture": "#0"},
				"west": {"uv": [15.5, 0, 16, 0.5], "texture": "#0"},
				"up": {"uv": [16, 0, 15, 0.5], "texture": "#0"},
				"down": {"uv": [16, 0, 15, 0.5], "texture": "#0"}
			}
		},
		{
			"from": [7.2, -5.04289, 7.625],
			"to": [8.3, -3.94289, 8.375],
			"rotation": {"angle": 45, "axis": "z", "origin": [7.75, -4.49289, 8]},
			"faces": {
				"north": {"uv": [15, 2, 16, 1], "texture": "#0"},
				"east": {"uv": [0, 0, 1, 1], "texture": "#0"},
				"south": {"uv": [16, 2, 15, 1], "texture": "#0"},
				"west": {"uv": [0, 0, 1, 1], "texture": "#0"},
				"up": {"uv": [0.5, 0.5, 0, 0], "texture": "#0"},
				"down": {"uv": [0.5, 0, 0, 0.5], "texture": "#0"}
			}
		},
		{
			"from": [7.2, -3.04289, 7.625],
			"to": [8.3, -1.94289, 8.375],
			"rotation": {"angle": 45, "axis": "z", "origin": [7.75, -2.49289, 8]},
			"faces": {
				"north": {"uv": [15, 2, 16, 1], "texture": "#0"},
				"east": {"uv": [0, 0, 1, 1], "texture": "#0"},
				"south": {"uv": [16, 2, 15, 1], "texture": "#0"},
				"west": {"uv": [0, 0, 1, 1], "texture": "#0"},
				"up": {"uv": [0.5, 0.5, 0, 0], "texture": "#0"},
				"down": {"uv": [0.5, 0, 0, 0.5], "texture": "#0"}
			}
		},
		{
			"from": [7.2, -1.04289, 7.625],
			"to": [8.3, 0.05711, 8.375],
			"rotation": {"angle": 45, "axis": "z", "origin": [7.75, -0.49289, 8]},
			"faces": {
				"north": {"uv": [15, 2, 16, 1], "texture": "#0"},
				"east": {"uv": [0, 0, 1, 1], "texture": "#0"},
				"south": {"uv": [16, 2, 15, 1], "texture": "#0"},
				"west": {"uv": [0, 0, 1, 1], "texture": "#0"},
				"up": {"uv": [0.5, 0.5, 0, 0], "texture": "#0"},
				"down": {"uv": [0.5, 0, 0, 0.5], "texture": "#0"}
			}
		}
	],
	"display": {
		"thirdperson_righthand": {
			"rotation": [90, 90, -90],
			"translation": [0, 7.75, 2]
		},
		"thirdperson_lefthand": {
			"rotation": [160, 90, 15],
			"translation": [0, -12, 3.25]
		},
		"firstperson_righthand": {
			"rotation": [0, 79.5, 0],
			"translation": [8, 0, -8]
		},
		"firstperson_lefthand": {
			"rotation": [-17.57, 74.6, -165.66],
			"translation": [9.5, -9.25, -8]
		},
		"ground": {
			"translation": [-0.5, 12, -0.25]
		},
		"gui": {
			"rotation": [-142.92, -40.98, -117.18],
			"translation": [-1, 0, 0],
			"scale": [0.5, 0.5, 0.5]
		},
		"head": {
			"scale": [0, 0, 0]
		},
		"fixed": {
			"translation": [2.25, -7.5, -2.25],
			"scale": [2, 2, 2]
		}
	},
	"groups": [
		0,
		1,
		2,
		{
			"name": "tsuba",
			"origin": [7.7, 8, 8],
			"color": 0,
			"children": [3, 4, 5, 6, 7, 8, 9, 10, 11, 12]
		},
		13,
		14,
		15,
		16,
		17
	]
}