{
  "sources": [
    {
      "type": "directory",
      "source": "3dsword",
      "prefix": "3dsword/"
    },
    {
      "type": "directory",
      "source": "demon_slayer",
      "prefix": "demon_slayer/"
    },
    {
      "type": "directory",
      "source": "emojis",
      "prefix": "emojis/"
    },
    {
      "type": "directory",
      "source": "icones",
      "prefix": "icones/"
    },
    {
      "type": "directory",
      "source": "pelucias",
      "prefix": "pelucias/"
    },
        {
            "type": "directory",
            "source": "font",
            "prefix": "font/"
        }
  ]
}