{
  "parent": "minecraft:item/handheld",
  "textures": {
    "layer0": "minecraft:item/diamante/ancoran",
    "particle": "minecraft:item/diamante/ancoran"
  },
  "display": {
    "thirdperson_lefthand": {
      "rotation": [
        67,
        0,
        0
      ],
      "translation": [
        -5,
        -7,
        7
      ],
      "scale": [
        0.9,
        0.9,
        0.9
      ]
    },
    "firstperson_lefthand": {
      "rotation": [
        67,
        0,
        0
      ],
      "translation": [
        -5,
        -8,
        7
      ],
      "scale": [
        0.9,
        0.9,
        0.9
      ]
    },
    "ground": {
      "rotation": [
        90,
        0,
        0
      ],
      "translation": [
        0,
        0,
        0
      ],
      "scale": [
        0.7,
        0.7,
        0.7
      ]
    },
    "fixed": {
      "translation": [
        2.25,
        -7.5,
        -2.25
      ],
      "scale": [
        2.5,
        2.5,
        2.5
      ]
    }
  }
}