{
  "format_version": "1.21.6",
  "credit": "Made with Blockbench",
  "texture_size": [
    32,
    32
  ],
  "textures": {
    "1": "minecraft:demon_slayer/katana/kaigaku",
    "particle": "minecraft:demon_slayer/katana/kaigaku"
  },
  "elements": [
    {
      "from": [
        4.75,
        1,
        6.5
      ],
      "to": [
        10.75,
        2,
        9.5
      ],
      "rotation": {
        "angle": 0,
        "axis": "y",
        "origin": [
          0.75,
          0,
          -1.5
        ]
      },
      "faces": {
        "north": {
          "uv": [
            2,
            3.5,
            5,
            4
          ],
          "texture": "#1"
        },
        "east": {
          "uv": [
            2,
            4,
            3.5,
            4.5
          ],
          "texture": "#1"
        },
        "south": {
          "uv": [
            2,
            3.5,
            5,
            4
          ],
          "texture": "#1"
        },
        "west": {
          "uv": [
            2,
            4,
            3.5,
            4.5
          ],
          "texture": "#1"
        },
        "up": {
          "uv": [
            5,
            2,
            2,
            0.5
          ],
          "texture": "#1"
        },
        "down": {
          "uv": [
            8,
            0.5,
            5,
            2
          ],
          "texture": "#1"
        }
      }
    },
    {
      "from": [
        5.75,
        1,
        5.5
      ],
      "to": [
        9.75,
        2,
        10.5
      ],
      "rotation": {
        "angle": 0,
        "axis": "y",
        "origin": [
          0.75,
          0,
          -1.5
        ]
      },
      "faces": {
        "north": {
          "uv": [
            2.5,
            3,
            4.5,
            3.5
          ],
          "texture": "#1"
        },
        "east": {
          "uv": [
            2,
            2.5,
            4.5,
            3
          ],
          "texture": "#1"
        },
        "south": {
          "uv": [
            2.5,
            3,
            4.5,
            3.5
          ],
          "texture": "#1"
        },
        "west": {
          "uv": [
            2,
            2.5,
            4.5,
            3
          ],
          "texture": "#1"
        },
        "up": {
          "uv": [
            4.5,
            2.5,
            2.5,
            0
          ],
          "texture": "#1"
        },
        "down": {
          "uv": [
            7.5,
            0,
            5.5,
            2.5
          ],
          "texture": "#1"
        }
      }
    },
    {
      "from": [
        5.75,
        1,
        5.5
      ],
      "to": [
        9.75,
        2,
        10.5
      ],
      "rotation": {
        "angle": 0,
        "axis": "y",
        "origin": [
          0.75,
          0,
          -1.5
        ]
      },
      "faces": {
        "north": {
          "uv": [
            2.5,
            3,
            4.5,
            3.5
          ],
          "texture": "#1"
        },
        "east": {
          "uv": [
            2,
            2.5,
            4.5,
            3
          ],
          "texture": "#1"
        },
        "south": {
          "uv": [
            2.5,
            3,
            4.5,
            3.5
          ],
          "texture": "#1"
        },
        "west": {
          "uv": [
            2,
            2.5,
            4.5,
            3
          ],
          "texture": "#1"
        },
        "up": {
          "uv": [
            4.5,
            2.5,
            2.5,
            0
          ],
          "texture": "#1"
        },
        "down": {
          "uv": [
            7.5,
            0,
            5.5,
            2.5
          ],
          "texture": "#1"
        }
      }
    },
    {
      "from": [
        7.75,
        29,
        7.9
      ],
      "to": [
        8.75,
        28,
        8.1
      ],
      "rotation": {
        "angle": 0,
        "axis": "y",
        "origin": [
          0.75,
          0,
          -0.5
        ]
      },
      "faces": {
        "north": {
          "uv": [
            0,
            0,
            0.5,
            0.5
          ],
          "texture": "#1"
        },
        "east": {
          "uv": [
            0,
            0,
            0.1,
            0.5
          ],
          "texture": "#1"
        },
        "south": {
          "uv": [
            0,
            0,
            0.5,
            0.5
          ],
          "texture": "#1"
        },
        "west": {
          "uv": [
            0,
            2,
            0.5,
            2.5
          ],
          "texture": "#1"
        },
        "up": {
          "uv": [
            0,
            2,
            0.5,
            2.6
          ],
          "texture": "#1"
        },
        "down": {
          "uv": [
            0,
            0,
            0.5,
            0.6
          ],
          "texture": "#1"
        }
      }
    },
    {
      "from": [
        6.75,
        2,
        7.9
      ],
      "to": [
        8.75,
        29,
        8.1
      ],
      "rotation": {
        "angle": 0,
        "axis": "y",
        "origin": [
          0.75,
          0,
          -0.5
        ]
      },
      "faces": {
        "north": {
          "uv": [
            0,
            1.5,
            1,
            15
          ],
          "texture": "#1"
        },
        "east": {
          "uv": [
            0.5,
            1.5,
            0,
            15
          ],
          "texture": "#1"
        },
        "south": {
          "uv": [
            1,
            1.5,
            2,
            15
          ],
          "texture": "#1"
        },
        "west": {
          "uv": [
            0.5,
            1.5,
            1,
            15
          ],
          "texture": "#1"
        },
        "up": {
          "uv": [
            1,
            1.5,
            0,
            2
          ],
          "texture": "#1"
        },
        "down": {
          "uv": [
            1,
            0,
            0,
            0
          ],
          "texture": "#1"
        }
      }
    },
    {
      "name": "cracks",
      "from": [
        6.75,
        3,
        7.875
      ],
      "to": [
        8.75,
        24,
        8.125
      ],
      "rotation": {
        "angle": 0,
        "axis": "y",
        "origin": [
          8,
          2,
          7.85
        ]
      },
      "faces": {
        "north": {
          "uv": [
            6.5,
            5,
            7.5,
            15.5
          ],
          "texture": "#1"
        },
        "east": {
          "uv": [
            0,
            0,
            0.5,
            0.5
          ],
          "texture": "#1"
        },
        "south": {
          "uv": [
            7.5,
            5,
            6.5,
            15.5
          ],
          "texture": "#1"
        },
        "west": {
          "uv": [
            0,
            0,
            0.5,
            0.5
          ],
          "texture": "#1"
        },
        "up": {
          "uv": [
            0.5,
            0,
            0,
            0.5
          ],
          "texture": "#1"
        },
        "down": {
          "uv": [
            0.5,
            0,
            0,
            0.5
          ],
          "texture": "#1"
        }
      }
    },
    {
      "from": [
        6.75,
        -5.7,
        7.65
      ],
      "to": [
        8.75,
        1.3,
        8.35
      ],
      "rotation": {
        "angle": 0,
        "axis": "y",
        "origin": [
          0.75,
          0.4,
          -0.5
        ]
      },
      "faces": {
        "north": {
          "uv": [
            2.5,
            12,
            3.5,
            15.5
          ],
          "texture": "#1"
        },
        "east": {
          "uv": [
            2,
            12,
            2.5,
            15.5
          ],
          "texture": "#1"
        },
        "south": {
          "uv": [
            3.5,
            12,
            2.5,
            15.5
          ],
          "texture": "#1"
        },
        "west": {
          "uv": [
            3.5,
            12,
            4,
            15.5
          ],
          "texture": "#1"
        },
        "up": {
          "uv": [
            6,
            0.5,
            5.5,
            0
          ],
          "texture": "#1"
        },
        "down": {
          "uv": [
            0.5,
            0,
            0,
            0.5
          ],
          "texture": "#1"
        }
      }
    },
    {
      "from": [
        6.7,
        -6.2,
        7.6
      ],
      "to": [
        8.8,
        -5.7,
        8.4
      ],
      "rotation": {
        "angle": 0,
        "axis": "y",
        "origin": [
          0.75,
          0.3,
          -0.5
        ]
      },
      "faces": {
        "north": {
          "uv": [
            15,
            0,
            16,
            0.5
          ],
          "texture": "#1"
        },
        "east": {
          "uv": [
            15,
            0,
            15.5,
            0.5
          ],
          "texture": "#1"
        },
        "south": {
          "uv": [
            16,
            0,
            15,
            0.5
          ],
          "texture": "#1"
        },
        "west": {
          "uv": [
            15.5,
            0,
            16,
            0.5
          ],
          "texture": "#1"
        },
        "up": {
          "uv": [
            16,
            0,
            15,
            0.5
          ],
          "texture": "#1"
        },
        "down": {
          "uv": [
            16,
            0,
            15,
            0.5
          ],
          "texture": "#1"
        }
      }
    },
    {
      "from": [
        7.2,
        -4.79289,
        7.625
      ],
      "to": [
        8.3,
        -3.69289,
        8.375
      ],
      "rotation": {
        "angle": 45,
        "axis": "z",
        "origin": [
          7.75,
          -4.24289,
          8
        ]
      },
      "faces": {
        "north": {
          "uv": [
            15,
            2,
            16,
            1
          ],
          "texture": "#1"
        },
        "east": {
          "uv": [
            0,
            0,
            1,
            1
          ],
          "texture": "#1"
        },
        "south": {
          "uv": [
            16,
            2,
            15,
            1
          ],
          "texture": "#1"
        },
        "west": {
          "uv": [
            0,
            0,
            1,
            1
          ],
          "texture": "#1"
        },
        "up": {
          "uv": [
            0.5,
            0.5,
            0,
            0
          ],
          "texture": "#1"
        },
        "down": {
          "uv": [
            0.5,
            0,
            0,
            0.5
          ],
          "texture": "#1"
        }
      }
    },
    {
      "from": [
        7.2,
        -2.79289,
        7.625
      ],
      "to": [
        8.3,
        -1.69289,
        8.375
      ],
      "rotation": {
        "angle": 45,
        "axis": "z",
        "origin": [
          7.75,
          -2.24289,
          8
        ]
      },
      "faces": {
        "north": {
          "uv": [
            15,
            2,
            16,
            1
          ],
          "texture": "#1"
        },
        "east": {
          "uv": [
            0,
            0,
            1,
            1
          ],
          "texture": "#1"
        },
        "south": {
          "uv": [
            16,
            2,
            15,
            1
          ],
          "texture": "#1"
        },
        "west": {
          "uv": [
            0,
            0,
            1,
            1
          ],
          "texture": "#1"
        },
        "up": {
          "uv": [
            0.5,
            0.5,
            0,
            0
          ],
          "texture": "#1"
        },
        "down": {
          "uv": [
            0.5,
            0,
            0,
            0.5
          ],
          "texture": "#1"
        }
      }
    },
    {
      "from": [
        7.2,
        -0.79289,
        7.625
      ],
      "to": [
        8.3,
        0.30711,
        8.375
      ],
      "rotation": {
        "angle": 45,
        "axis": "z",
        "origin": [
          7.75,
          -0.24289,
          8
        ]
      },
      "faces": {
        "north": {
          "uv": [
            15,
            2,
            16,
            1
          ],
          "texture": "#1"
        },
        "east": {
          "uv": [
            0,
            0,
            1,
            1
          ],
          "texture": "#1"
        },
        "south": {
          "uv": [
            16,
            2,
            15,
            1
          ],
          "texture": "#1"
        },
        "west": {
          "uv": [
            0,
            0,
            1,
            1
          ],
          "texture": "#1"
        },
        "up": {
          "uv": [
            0.5,
            0.5,
            0,
            0
          ],
          "texture": "#1"
        },
        "down": {
          "uv": [
            0.5,
            0,
            0,
            0.5
          ],
          "texture": "#1"
        }
      }
    }
  ],
  "display": {
    "thirdperson_righthand": {
      "rotation": [
        90,
        90,
        -90
      ],
      "translation": [
        0,
        7.75,
        1.75
      ]
    },
    "thirdperson_lefthand": {
      "rotation": [
        160,
        90,
        15
      ],
      "translation": [
        0,
        -12.75,
        3
      ]
    },
    "firstperson_righthand": {
      "rotation": [
        0,
        79.5,
        0
      ],
      "translation": [
        8,
        0,
        -8
      ]
    },
    "firstperson_lefthand": {
      "rotation": [
        -17.57,
        74.6,
        -165.66
      ],
      "translation": [
        9.5,
        -8.5,
        -8
      ]
    },
    "ground": {
      "translation": [
        -0.5,
        11.25,
        -0.25
      ]
    },
    "gui": {
      "rotation": [
        -142.92,
        -40.98,
        -117.18
      ],
      "translation": [
        -1,
        0,
        0
      ],
      "scale": [
        0.5,
        0.5,
        0.5
      ]
    },
    "head": {
      "scale": [
        0,
        0,
        0
      ]
    },
    "fixed": {
      "translation": [
        2.25,
        -7.5,
        -2.25
      ],
      "scale": [
        2,
        2,
        2
      ]
    }
  }
}