{
  "providers": [
    {
      "type": "bitmap",
      "file": "minecraft:emojis/abelha_girando_minecraft.png",
      "ascent": 9,
      "height": 10,
      "chars": [
        "\uE343"
      ]
    },
    {
      "type": "bitmap",
      "file": "minecraft:emojis/abelha_minecraft.png",
      "ascent": 9,
      "height": 10,
      "chars": [
        "\uF8DC"
      ]
    },
    {
      "type": "bitmap",
      "file": "minecraft:emojis/acucar_minecraft.png",
      "ascent": 9,
      "height": 10,
      "chars": [
        "\uE386"
      ]
    },
    {
      "type": "bitmap",
      "file": "minecraft:emojis/admin.png",
      "ascent": 9,
      "height": 10,
      "chars": [
        "\uEE51"
      ]
    },
    {
      "type": "bitmap",
      "file": "minecraft:emojis/admin_1.png",
      "ascent": 9,
      "height": 10,
      "chars": [
        "\uEF3C"
      ]
    },
    {
      "type": "bitmap",
      "file": "minecraft:emojis/admin_1_2.png",
      "ascent": 9,
      "height": 10,
      "chars": [
        "\uE435"
      ]
    },
    {
      "type": "bitmap",
      "file": "minecraft:emojis/admin_1_2_3.png",
      "ascent": 9,
      "height": 10,
      "chars": [
        "\uEDC8"
      ]
    },
    {
      "type": "bitmap",
      "file": "minecraft:emojis/admin_1_2_3_4.png",
      "ascent": 9,
      "height": 10,
      "chars": [
        "\uEF18"
      ]
    },
    {
      "type": "bitmap",
      "file": "minecraft:emojis/admin_1_2_3_4_5.png",
      "ascent": 9,
      "height": 10,
      "chars": [
        "\uF850"
      ]
    },
    {
      "type": "bitmap",
      "file": "minecraft:emojis/admin_1_2_3_4_5_6.png",
      "ascent": 9,
      "height": 10,
      "chars": [
        "\uEEFE"
      ]
    },
    {
      "type": "bitmap",
      "file": "minecraft:emojis/admin_1_2_3_4_5_6_7.png",
      "ascent": 9,
      "height": 10,
      "chars": [
        "\uE557"
      ]
    },
    {
      "type": "bitmap",
      "file": "minecraft:emojis/admin_2.png",
      "ascent": 9,
      "height": 10,
      "chars": [
        "\uEDED"
      ]
    },
    {
      "type": "bitmap",
      "file": "minecraft:emojis/admin_chefe.png",
      "ascent": 9,
      "height": 10,
      "chars": [
        "\uE2BA"
      ]
    },
    {
      "type": "bitmap",
      "file": "minecraft:emojis/admin_doador.png",
      "ascent": 9,
      "height": 10,
      "chars": [
        "\uF12E"
      ]
    },
    {
      "type": "bitmap",
      "file": "minecraft:emojis/admin_gradiente_vermelho.png",
      "ascent": 9,
      "height": 10,
      "chars": [
        "\uF6EC"
      ]
    },
    {
      "type": "bitmap",
      "file": "minecraft:emojis/admin_green.png",
      "ascent": 9,
      "height": 10,
      "chars": [
        "\uF231"
      ]
    },
    {
      "type": "bitmap",
      "file": "minecraft:emojis/admin_hexagono.png",
      "ascent": 9,
      "height": 10,
      "chars": [
        "\uEA29"
      ]
    },
    {
      "type": "bitmap",
      "file": "minecraft:emojis/admin_ruby_brilhante.png",
      "ascent": 9,
      "height": 10,
      "chars": [
        "\uE853"
      ]
    },
    {
      "type": "bitmap",
      "file": "minecraft:emojis/administrator.png",
      "ascent": 9,
      "height": 10,
      "chars": [
        "\uF2F6"
      ]
    },
    {
      "type": "bitmap",
      "file": "minecraft:emojis/alerta_estudante_azul.png",
      "ascent": 9,
      "height": 10,
      "chars": [
        "\uF888"
      ]
    },
    {
      "type": "bitmap",
      "file": "minecraft:emojis/anya_desgosto.png",
      "ascent": 9,
      "height": 10,
      "chars": [
        "\uF20B"
      ]
    },
    {
      "type": "bitmap",
      "file": "minecraft:emojis/anya_sem_palavras.png",
      "ascent": 9,
      "height": 10,
      "chars": [
        "\uF3F8"
      ]
    },
    {
      "type": "bitmap",
      "file": "minecraft:emojis/anya_sorrindo.png",
      "ascent": 9,
      "height": 10,
      "chars": [
        "\uF781"
      ]
    },
    {
      "type": "bitmap",
      "file": "minecraft:emojis/assustado.png",
      "ascent": 9,
      "height": 10,
      "chars": [
        "\uF541"
      ]
    },
    {
      "type": "bitmap",
      "file": "minecraft:emojis/atsushi_olho_peixe.png",
      "ascent": 9,
      "height": 10,
      "chars": [
        "\uF77F"
      ]
    },
    {
      "type": "bitmap",
      "file": "minecraft:emojis/aviso.png",
      "ascent": 9,
      "height": 10,
      "chars": [
        "\uF774"
      ]
    },
    {
      "type": "bitmap",
      "file": "minecraft:emojis/avisos.png",
      "ascent": 9,
      "height": 10,
      "chars": [
        "\uEFD8"
      ]
    },
    {
      "type": "bitmap",
      "file": "minecraft:emojis/aww.png",
      "ascent": 9,
      "height": 10,
      "chars": [
        "\uE5A4"
      ]
    },
    {
      "type": "bitmap",
      "file": "minecraft:emojis/axolote.png",
      "ascent": 9,
      "height": 10,
      "chars": [
        "\uE5C0"
      ]
    },
    {
      "type": "bitmap",
      "file": "minecraft:emojis/banido.png",
      "ascent": 9,
      "height": 10,
      "chars": [
        "\uE8F2"
      ]
    },
    {
      "type": "bitmap",
      "file": "minecraft:emojis/banido_2.png",
      "ascent": 9,
      "height": 10,
      "chars": [
        "\uF405"
      ]
    },
    {
      "type": "bitmap",
      "file": "minecraft:emojis/beetlejuice_wtf.png",
      "ascent": 9,
      "height": 10,
      "chars": [
        "\uF001"
      ]
    },
    {
      "type": "bitmap",
      "file": "minecraft:emojis/blep.png",
      "ascent": 9,
      "height": 10,
      "chars": [
        "\uEB13"
      ]
    },
    {
      "type": "bitmap",
      "file": "minecraft:emojis/bloco_ferro.png",
      "ascent": 9,
      "height": 10,
      "chars": [
        "\uEA9B"
      ]
    },
    {
      "type": "bitmap",
      "file": "minecraft:emojis/bloco_ouro.png",
      "ascent": 9,
      "height": 10,
      "chars": [
        "\uE915"
      ]
    },
    {
      "type": "bitmap",
      "file": "minecraft:emojis/bob_esponja_bobo.png",
      "ascent": 9,
      "height": 10,
      "chars": [
        "\uE8CE"
      ]
    },
    {
      "type": "bitmap",
      "file": "minecraft:emojis/bolo_minecraft.png",
      "ascent": 9,
      "height": 10,
      "chars": [
        "\uF8FE"
      ]
    },
    {
      "type": "bitmap",
      "file": "minecraft:emojis/botas.png",
      "ascent": 9,
      "height": 10,
      "chars": [
        "\uF83C"
      ]
    },
    {
      "type": "bitmap",
      "file": "minecraft:emojis/brilho_diamante_minecraft.png",
      "ascent": 9,
      "height": 10,
      "chars": [
        "\uF8E1"
      ]
    },
    {
      "type": "bitmap",
      "file": "minecraft:emojis/cachorro_reclamando_meme.png",
      "ascent": 9,
      "height": 10,
      "chars": [
        "\uF461"
      ]
    },
    {
      "type": "bitmap",
      "file": "minecraft:emojis/cachorro_timido.png",
      "ascent": 9,
      "height": 10,
      "chars": [
        "\uF0DC"
      ]
    },
    {
      "type": "bitmap",
      "file": "minecraft:emojis/camera_desligada.png",
      "ascent": 9,
      "height": 10,
      "chars": [
        "\uE879"
      ]
    },
    {
      "type": "bitmap",
      "file": "minecraft:emojis/capivara.png",
      "ascent": 9,
      "height": 10,
      "chars": [
        "\uE666"
      ]
    },
    {
      "type": "bitmap",
      "file": "minecraft:emojis/carrinho_roxo.png",
      "ascent": 9,
      "height": 10,
      "chars": [
        "\uF383"
      ]
    },
    {
      "type": "bitmap",
      "file": "minecraft:emojis/casar_reproduzir.png",
      "ascent": 9,
      "height": 10,
      "chars": [
        "\uE1E3"
      ]
    },
    {
      "type": "bitmap",
      "file": "minecraft:emojis/caveira_nervosa.png",
      "ascent": 9,
      "height": 10,
      "chars": [
        "\uF02C"
      ]
    },
    {
      "type": "bitmap",
      "file": "minecraft:emojis/check_pixel.png",
      "ascent": 9,
      "height": 10,
      "chars": [
        "\uF35B"
      ]
    },
    {
      "type": "bitmap",
      "file": "minecraft:emojis/check_preto.png",
      "ascent": 9,
      "height": 10,
      "chars": [
        "\uEE3D"
      ]
    },
    {
      "type": "bitmap",
      "file": "minecraft:emojis/check_verde.png",
      "ascent": 9,
      "height": 10,
      "chars": [
        "\uE431"
      ]
    },
    {
      "type": "bitmap",
      "file": "minecraft:emojis/checkmark.png",
      "ascent": 9,
      "height": 10,
      "chars": [
        "\uEFBC"
      ]
    },
    {
      "type": "bitmap",
      "file": "minecraft:emojis/chicken_jockey.png",
      "ascent": 9,
      "height": 10,
      "chars": [
        "\uF266"
      ]
    },
    {
      "type": "bitmap",
      "file": "minecraft:emojis/chocado.png",
      "ascent": 9,
      "height": 10,
      "chars": [
        "\uEE11"
      ]
    },
    {
      "type": "bitmap",
      "file": "minecraft:emojis/chorando.png",
      "ascent": 9,
      "height": 10,
      "chars": [
        "\uF20D"
      ]
    },
    {
      "type": "bitmap",
      "file": "minecraft:emojis/cisne_negro_espelho.png",
      "ascent": 9,
      "height": 10,
      "chars": [
        "\uEA50"
      ]
    },
    {
      "type": "bitmap",
      "file": "minecraft:emojis/confuso.png",
      "ascent": 9,
      "height": 10,
      "chars": [
        "\uEBFE"
      ]
    },
    {
      "type": "bitmap",
      "file": "minecraft:emojis/coracao.png",
      "ascent": 9,
      "height": 10,
      "chars": [
        "\uEE12"
      ]
    },
    {
      "type": "bitmap",
      "file": "minecraft:emojis/coracao_danificado.png",
      "ascent": 9,
      "height": 10,
      "chars": [
        "\uE2C4"
      ]
    },
    {
      "type": "bitmap",
      "file": "minecraft:emojis/coracao_minecraft.png",
      "ascent": 9,
      "height": 10,
      "chars": [
        "\uF19E"
      ]
    },
    {
      "type": "bitmap",
      "file": "minecraft:emojis/coracao_regeneracao.png",
      "ascent": 9,
      "height": 10,
      "chars": [
        "\uE3C7"
      ]
    },
    {
      "type": "bitmap",
      "file": "minecraft:emojis/coracao_roxo_minecraft.png",
      "ascent": 9,
      "height": 10,
      "chars": [
        "\uE44B"
      ]
    },
    {
      "type": "bitmap",
      "file": "minecraft:emojis/coroa_azul.png",
      "ascent": 9,
      "height": 10,
      "chars": [
        "\uEB1E"
      ]
    },
    {
      "type": "bitmap",
      "file": "minecraft:emojis/coroa_minecraft.png",
      "ascent": 9,
      "height": 10,
      "chars": [
        "\uE0E3"
      ]
    },
    {
      "type": "bitmap",
      "file": "minecraft:emojis/coroa_vermelha.png",
      "ascent": 9,
      "height": 10,
      "chars": [
        "\uE523"
      ]
    },
    {
      "type": "bitmap",
      "file": "minecraft:emojis/cristal_ender.png",
      "ascent": 9,
      "height": 10,
      "chars": [
        "\uF6BD"
      ]
    },
    {
      "type": "bitmap",
      "file": "minecraft:emojis/cristal_ender_2.png",
      "ascent": 9,
      "height": 10,
      "chars": [
        "\uF0D9"
      ]
    },
    {
      "type": "bitmap",
      "file": "minecraft:emojis/cubo_minecraft.png",
      "ascent": 9,
      "height": 10,
      "chars": [
        "\uECED"
      ]
    },
    {
      "type": "bitmap",
      "file": "minecraft:emojis/diamante.png",
      "ascent": 9,
      "height": 10,
      "chars": [
        "\uF5E2"
      ]
    },
    {
      "type": "bitmap",
      "file": "minecraft:emojis/diamante_mc.png",
      "ascent": 9,
      "height": 10,
      "chars": [
        "\uE1CC"
      ]
    },
    {
      "type": "bitmap",
      "file": "minecraft:emojis/diamante_minecraft.png",
      "ascent": 9,
      "height": 10,
      "chars": [
        "\uE74B"
      ]
    },
    {
      "type": "bitmap",
      "file": "minecraft:emojis/diz_palavrao.png",
      "ascent": 9,
      "height": 10,
      "chars": [
        "\uF840"
      ]
    },
    {
      "type": "bitmap",
      "file": "minecraft:emojis/dono.png",
      "ascent": 9,
      "height": 10,
      "chars": [
        "\uE553"
      ]
    },
    {
      "type": "bitmap",
      "file": "minecraft:emojis/dono_2.png",
      "ascent": 9,
      "height": 10,
      "chars": [
        "\uF87C"
      ]
    },
    {
      "type": "bitmap",
      "file": "minecraft:emojis/dormindo_gemeos.png",
      "ascent": 9,
      "height": 10,
      "chars": [
        "\uEF38"
      ]
    },
    {
      "type": "bitmap",
      "file": "minecraft:emojis/dormindo_natal.png",
      "ascent": 9,
      "height": 10,
      "chars": [
        "\uE7A1"
      ]
    },
    {
      "type": "bitmap",
      "file": "minecraft:emojis/dragao_ender.png",
      "ascent": 9,
      "height": 10,
      "chars": [
        "\uF724"
      ]
    },
    {
      "type": "bitmap",
      "file": "minecraft:emojis/entediado.png",
      "ascent": 9,
      "height": 10,
      "chars": [
        "\uE0B9"
      ]
    },
    {
      "type": "bitmap",
      "file": "minecraft:emojis/escudo_encantado_minecraft.png",
      "ascent": 9,
      "height": 10,
      "chars": [
        "\uEFE0"
      ]
    },
    {
      "type": "bitmap",
      "file": "minecraft:emojis/esmeralda.png",
      "ascent": 9,
      "height": 10,
      "chars": [
        "\uEF9D"
      ]
    },
    {
      "type": "bitmap",
      "file": "minecraft:emojis/espada_diamante_encantada.png",
      "ascent": 9,
      "height": 10,
      "chars": [
        "\uF3BC"
      ]
    },
    {
      "type": "bitmap",
      "file": "minecraft:emojis/espada_fogo.png",
      "ascent": 9,
      "height": 10,
      "chars": [
        "\uF05B"
      ]
    },
    {
      "type": "bitmap",
      "file": "minecraft:emojis/espada_madeira_encantada.png",
      "ascent": 9,
      "height": 10,
      "chars": [
        "\uE697"
      ]
    },
    {
      "type": "bitmap",
      "file": "minecraft:emojis/espada_minecraft.png",
      "ascent": 9,
      "height": 10,
      "chars": [
        "\uE056"
      ]
    },
    {
      "type": "bitmap",
      "file": "minecraft:emojis/espada_ouro_encantada.png",
      "ascent": 9,
      "height": 10,
      "chars": [
        "\uF158"
      ]
    },
    {
      "type": "bitmap",
      "file": "minecraft:emojis/espadas_moderador.png",
      "ascent": 9,
      "height": 10,
      "chars": [
        "\uF88E"
      ]
    },
    {
      "type": "bitmap",
      "file": "minecraft:emojis/espadas_moderador_2.png",
      "ascent": 9,
      "height": 10,
      "chars": [
        "\uEEA6"
      ]
    },
    {
      "type": "bitmap",
      "file": "minecraft:emojis/ferro_minecraft.png",
      "ascent": 9,
      "height": 10,
      "chars": [
        "\uE765"
      ]
    },
    {
      "type": "bitmap",
      "file": "minecraft:emojis/fogo_alma.png",
      "ascent": 9,
      "height": 10,
      "chars": [
        "\uE5E3"
      ]
    },
    {
      "type": "bitmap",
      "file": "minecraft:emojis/fogueira_acampamento_minecraft.png",
      "ascent": 9,
      "height": 10,
      "chars": [
        "\uE6A0"
      ]
    },
    {
      "type": "bitmap",
      "file": "minecraft:emojis/gatinho_atordoado.png",
      "ascent": 9,
      "height": 10,
      "chars": [
        "\uF737"
      ]
    },
    {
      "type": "bitmap",
      "file": "minecraft:emojis/gato_diabo.png",
      "ascent": 9,
      "height": 10,
      "chars": [
        "\uEE3B"
      ]
    },
    {
      "type": "bitmap",
      "file": "minecraft:emojis/gato_hmm.png",
      "ascent": 9,
      "height": 10,
      "chars": [
        "\uEA9E"
      ]
    },
    {
      "type": "bitmap",
      "file": "minecraft:emojis/gato_nervoso.png",
      "ascent": 9,
      "height": 10,
      "chars": [
        "\uF840"
      ]
    },
    {
      "type": "bitmap",
      "file": "minecraft:emojis/gato_rindo.png",
      "ascent": 9,
      "height": 10,
      "chars": [
        "\uEB62"
      ]
    },
    {
      "type": "bitmap",
      "file": "minecraft:emojis/gerador_minecraft.png",
      "ascent": 9,
      "height": 10,
      "chars": [
        "\uF708"
      ]
    },
    {
      "type": "bitmap",
      "file": "minecraft:emojis/golem_ferro.png",
      "ascent": 9,
      "height": 10,
      "chars": [
        "\uEBDC"
      ]
    },
    {
      "type": "bitmap",
      "file": "minecraft:emojis/gritando_gemeos.png",
      "ascent": 9,
      "height": 10,
      "chars": [
        "\uECAA"
      ]
    },
    {
      "type": "bitmap",
      "file": "minecraft:emojis/hamster.png",
      "ascent": 9,
      "height": 10,
      "chars": [
        "\uE8AD"
      ]
    },
    {
      "type": "bitmap",
      "file": "minecraft:emojis/hardcore.png",
      "ascent": 9,
      "height": 10,
      "chars": [
        "\uE61C"
      ]
    },
    {
      "type": "bitmap",
      "file": "minecraft:emojis/haste_ender.png",
      "ascent": 9,
      "height": 10,
      "chars": [
        "\uE417"
      ]
    },
    {
      "type": "bitmap",
      "file": "minecraft:emojis/hatsune_miku.png",
      "ascent": 9,
      "height": 10,
      "chars": [
        "\uE6DD"
      ]
    },
    {
      "type": "bitmap",
      "file": "minecraft:emojis/hatsune_miku_2.png",
      "ascent": 9,
      "height": 10,
      "chars": [
        "\uF2DB"
      ]
    },
    {
      "type": "bitmap",
      "file": "minecraft:emojis/heroi_vila.png",
      "ascent": 9,
      "height": 10,
      "chars": [
        "\uF15C"
      ]
    },
    {
      "type": "bitmap",
      "file": "minecraft:emojis/holographicowner.png",
      "ascent": 9,
      "height": 10,
      "chars": [
        "\uE846"
      ]
    },
    {
      "type": "bitmap",
      "file": "minecraft:emojis/icone_cargo_verde.png",
      "ascent": 9,
      "height": 10,
      "chars": [
        "\uE1BB"
      ]
    },
    {
      "type": "bitmap",
      "file": "minecraft:emojis/iron_pickaxe.png",
      "ascent": 9,
      "height": 10,
      "chars": [
        "\uF73E"
      ]
    },
    {
      "type": "bitmap",
      "file": "minecraft:emojis/joe_inocente.png",
      "ascent": 9,
      "height": 10,
      "chars": [
        "\uE83A"
      ]
    },
    {
      "type": "bitmap",
      "file": "minecraft:emojis/jornal.png",
      "ascent": 9,
      "height": 10,
      "chars": [
        "\uE21A"
      ]
    },
    {
      "type": "bitmap",
      "file": "minecraft:emojis/kurukuru.png",
      "ascent": 9,
      "height": 10,
      "chars": [
        "\uE489"
      ]
    },
    {
      "type": "bitmap",
      "file": "minecraft:emojis/l.png",
      "ascent": 9,
      "height": 10,
      "chars": [
        "\uE2F4"
      ]
    },
    {
      "type": "bitmap",
      "file": "minecraft:emojis/lapis_lazuli.png",
      "ascent": 9,
      "height": 10,
      "chars": [
        "\uF0DF"
      ]
    },
    {
      "type": "bitmap",
      "file": "minecraft:emojis/lar.png",
      "ascent": 9,
      "height": 10,
      "chars": [
        "\uF3C9"
      ]
    },
    {
      "type": "bitmap",
      "file": "minecraft:emojis/legal.png",
      "ascent": 9,
      "height": 10,
      "chars": [
        "\uEEFB"
      ]
    },
    {
      "type": "bitmap",
      "file": "minecraft:emojis/livro_encantado.png",
      "ascent": 9,
      "height": 10,
      "chars": [
        "\uE98A"
      ]
    },
    {
      "type": "bitmap",
      "file": "minecraft:emojis/maca_2.png",
      "ascent": 9,
      "height": 10,
      "chars": [
        "\uF06E"
      ]
    },
    {
      "type": "bitmap",
      "file": "minecraft:emojis/maca_dourada_antiga.png",
      "ascent": 9,
      "height": 10,
      "chars": [
        "\uF0EA"
      ]
    },
    {
      "type": "bitmap",
      "file": "minecraft:emojis/maca_notch.png",
      "ascent": 9,
      "height": 10,
      "chars": [
        "\uE1E4"
      ]
    },
    {
      "type": "bitmap",
      "file": "minecraft:emojis/macaco_lendo.png",
      "ascent": 9,
      "height": 10,
      "chars": [
        "\uEEB2"
      ]
    },
    {
      "type": "bitmap",
      "file": "minecraft:emojis/machado_encantado_minecraft.png",
      "ascent": 9,
      "height": 10,
      "chars": [
        "\uE0C1"
      ]
    },
    {
      "type": "bitmap",
      "file": "minecraft:emojis/marca.png",
      "ascent": 9,
      "height": 10,
      "chars": [
        "\uE2B6"
      ]
    },
    {
      "type": "bitmap",
      "file": "minecraft:emojis/martelo.png",
      "ascent": 9,
      "height": 10,
      "chars": [
        "\uF6D0"
      ]
    },
    {
      "type": "bitmap",
      "file": "minecraft:emojis/matar_morte.png",
      "ascent": 9,
      "height": 10,
      "chars": [
        "\uF62B"
      ]
    },
    {
      "type": "bitmap",
      "file": "minecraft:emojis/matar_morte_2.png",
      "ascent": 9,
      "height": 10,
      "chars": [
        "\uEF42"
      ]
    },
    {
      "type": "bitmap",
      "file": "minecraft:emojis/matar_morte_mcl.png",
      "ascent": 9,
      "height": 10,
      "chars": [
        "\uF357"
      ]
    },
    {
      "type": "bitmap",
      "file": "minecraft:emojis/meia_natal.png",
      "ascent": 9,
      "height": 10,
      "chars": [
        "\uE24D"
      ]
    },
    {
      "type": "bitmap",
      "file": "minecraft:emojis/mesa_encantamentos.png",
      "ascent": 9,
      "height": 10,
      "chars": [
        "\uF338"
      ]
    },
    {
      "type": "bitmap",
      "file": "minecraft:emojis/miku.png",
      "ascent": 9,
      "height": 10,
      "chars": [
        "\uF3CD"
      ]
    },
    {
      "type": "bitmap",
      "file": "minecraft:emojis/miku_2.png",
      "ascent": 9,
      "height": 10,
      "chars": [
        "\uF36C"
      ]
    },
    {
      "type": "bitmap",
      "file": "minecraft:emojis/miku_3.png",
      "ascent": 9,
      "height": 10,
      "chars": [
        "\uE884"
      ]
    },
    {
      "type": "bitmap",
      "file": "minecraft:emojis/miku_amor.png",
      "ascent": 9,
      "height": 10,
      "chars": [
        "\uEFDF"
      ]
    },
    {
      "type": "bitmap",
      "file": "minecraft:emojis/miku_animada.png",
      "ascent": 9,
      "height": 10,
      "chars": [
        "\uF1C5"
      ]
    },
    {
      "type": "bitmap",
      "file": "minecraft:emojis/miku_animada_2.png",
      "ascent": 9,
      "height": 10,
      "chars": [
        "\uE707"
      ]
    },
    {
      "type": "bitmap",
      "file": "minecraft:emojis/miku_baixa_qualidade.png",
      "ascent": 9,
      "height": 10,
      "chars": [
        "\uEDB8"
      ]
    },
    {
      "type": "bitmap",
      "file": "minecraft:emojis/miku_balancando_neko.png",
      "ascent": 9,
      "height": 10,
      "chars": [
        "\uE458"
      ]
    },
    {
      "type": "bitmap",
      "file": "minecraft:emojis/miku_chocada.png",
      "ascent": 9,
      "height": 10,
      "chars": [
        "\uE77C"
      ]
    },
    {
      "type": "bitmap",
      "file": "minecraft:emojis/miku_chorando.png",
      "ascent": 9,
      "height": 10,
      "chars": [
        "\uEB1B"
      ]
    },
    {
      "type": "bitmap",
      "file": "minecraft:emojis/miku_coracao.png",
      "ascent": 9,
      "height": 10,
      "chars": [
        "\uE770"
      ]
    },
    {
      "type": "bitmap",
      "file": "minecraft:emojis/miku_cutucando.png",
      "ascent": 9,
      "height": 10,
      "chars": [
        "\uE064"
      ]
    },
    {
      "type": "bitmap",
      "file": "minecraft:emojis/miku_dab_3.png",
      "ascent": 9,
      "height": 10,
      "chars": [
        "\uECB7"
      ]
    },
    {
      "type": "bitmap",
      "file": "minecraft:emojis/miku_danca.png",
      "ascent": 9,
      "height": 10,
      "chars": [
        "\uF573"
      ]
    },
    {
      "type": "bitmap",
      "file": "minecraft:emojis/miku_danca_2.png",
      "ascent": 9,
      "height": 10,
      "chars": [
        "\uEF21"
      ]
    },
    {
      "type": "bitmap",
      "file": "minecraft:emojis/miku_dancando.png",
      "ascent": 9,
      "height": 10,
      "chars": [
        "\uF535"
      ]
    },
    {
      "type": "bitmap",
      "file": "minecraft:emojis/miku_feliz.png",
      "ascent": 9,
      "height": 10,
      "chars": [
        "\uF3DD"
      ]
    },
    {
      "type": "bitmap",
      "file": "minecraft:emojis/miku_girando_cadeira.png",
      "ascent": 9,
      "height": 10,
      "chars": [
        "\uF04E"
      ]
    },
    {
      "type": "bitmap",
      "file": "minecraft:emojis/miku_inclinando_cabeca.png",
      "ascent": 9,
      "height": 10,
      "chars": [
        "\uF5CB"
      ]
    },
    {
      "type": "bitmap",
      "file": "minecraft:emojis/miku_indiferente.png",
      "ascent": 9,
      "height": 10,
      "chars": [
        "\uF5D7"
      ]
    },
    {
      "type": "bitmap",
      "file": "minecraft:emojis/miku_nao_ok.png",
      "ascent": 9,
      "height": 10,
      "chars": [
        "\uF7B6"
      ]
    },
    {
      "type": "bitmap",
      "file": "minecraft:emojis/miku_neko.png",
      "ascent": 9,
      "height": 10,
      "chars": [
        "\uE76D"
      ]
    },
    {
      "type": "bitmap",
      "file": "minecraft:emojis/miku_pensando.png",
      "ascent": 9,
      "height": 10,
      "chars": [
        "\uF4C3"
      ]
    },
    {
      "type": "bitmap",
      "file": "minecraft:emojis/miku_piscando.png",
      "ascent": 9,
      "height": 10,
      "chars": [
        "\uF2A1"
      ]
    },
    {
      "type": "bitmap",
      "file": "minecraft:emojis/miku_sabendo.png",
      "ascent": 9,
      "height": 10,
      "chars": [
        "\uE2B3"
      ]
    },
    {
      "type": "bitmap",
      "file": "minecraft:emojis/miku_sorrindo.png",
      "ascent": 9,
      "height": 10,
      "chars": [
        "\uF4B3"
      ]
    },
    {
      "type": "bitmap",
      "file": "minecraft:emojis/miku_sprite.png",
      "ascent": 9,
      "height": 10,
      "chars": [
        "\uE76C"
      ]
    },
    {
      "type": "bitmap",
      "file": "minecraft:emojis/miku_triste.png",
      "ascent": 9,
      "height": 10,
      "chars": [
        "\uEC16"
      ]
    },
    {
      "type": "bitmap",
      "file": "minecraft:emojis/miku_vibrando.png",
      "ascent": 9,
      "height": 10,
      "chars": [
        "\uE4E0"
      ]
    },
    {
      "type": "bitmap",
      "file": "minecraft:emojis/minecraft-0-azul.png",
      "ascent": 9,
      "height": 10,
      "chars": [
        "\uF7D8"
      ]
    },
    {
      "type": "bitmap",
      "file": "minecraft:emojis/minecraft-1-azul.png",
      "ascent": 9,
      "height": 10,
      "chars": [
        "\uF27F"
      ]
    },
    {
      "type": "bitmap",
      "file": "minecraft:emojis/minecraft-2-azul.png",
      "ascent": 9,
      "height": 10,
      "chars": [
        "\uF16F"
      ]
    },
    {
      "type": "bitmap",
      "file": "minecraft:emojis/minecraft-3-azul.png",
      "ascent": 9,
      "height": 10,
      "chars": [
        "\uE22E"
      ]
    },
    {
      "type": "bitmap",
      "file": "minecraft:emojis/minecraft-4-azul.png",
      "ascent": 9,
      "height": 10,
      "chars": [
        "\uE383"
      ]
    },
    {
      "type": "bitmap",
      "file": "minecraft:emojis/minecraft-5-azul.png",
      "ascent": 9,
      "height": 10,
      "chars": [
        "\uEB55"
      ]
    },
    {
      "type": "bitmap",
      "file": "minecraft:emojis/minecraft-6-azul.png",
      "ascent": 9,
      "height": 10,
      "chars": [
        "\uEE8C"
      ]
    },
    {
      "type": "bitmap",
      "file": "minecraft:emojis/minecraft-7-azul.png",
      "ascent": 9,
      "height": 10,
      "chars": [
        "\uF20C"
      ]
    },
    {
      "type": "bitmap",
      "file": "minecraft:emojis/minecraft-8-azul.png",
      "ascent": 9,
      "height": 10,
      "chars": [
        "\uF5E9"
      ]
    },
    {
      "type": "bitmap",
      "file": "minecraft:emojis/minecraft-9-azul.png",
      "ascent": 9,
      "height": 10,
      "chars": [
        "\uF723"
      ]
    },
    {
      "type": "bitmap",
      "file": "minecraft:emojis/minecraft-a-azul.png",
      "ascent": 9,
      "height": 10,
      "chars": [
        "\uF732"
      ]
    },
    {
      "type": "bitmap",
      "file": "minecraft:emojis/minecraft-b-azul.png",
      "ascent": 9,
      "height": 10,
      "chars": [
        "\uF60C"
      ]
    },
    {
      "type": "bitmap",
      "file": "minecraft:emojis/minecraft-c-azul.png",
      "ascent": 9,
      "height": 10,
      "chars": [
        "\uEC27"
      ]
    },
    {
      "type": "bitmap",
      "file": "minecraft:emojis/minecraft-d-azul.png",
      "ascent": 9,
      "height": 10,
      "chars": [
        "\uF401"
      ]
    },
    {
      "type": "bitmap",
      "file": "minecraft:emojis/minecraft-e-azul.png",
      "ascent": 9,
      "height": 10,
      "chars": [
        "\uED28"
      ]
    },
    {
      "type": "bitmap",
      "file": "minecraft:emojis/minecraft-f-azul.png",
      "ascent": 9,
      "height": 10,
      "chars": [
        "\uE0DB"
      ]
    },
    {
      "type": "bitmap",
      "file": "minecraft:emojis/minecraft-g-azul.png",
      "ascent": 9,
      "height": 10,
      "chars": [
        "\uF42D"
      ]
    },
    {
      "type": "bitmap",
      "file": "minecraft:emojis/minecraft-h-azul.png",
      "ascent": 9,
      "height": 10,
      "chars": [
        "\uEA45"
      ]
    },
    {
      "type": "bitmap",
      "file": "minecraft:emojis/minecraft-i-azul.png",
      "ascent": 9,
      "height": 10,
      "chars": [
        "\uF05C"
      ]
    },
    {
      "type": "bitmap",
      "file": "minecraft:emojis/minecraft-j-azul.png",
      "ascent": 9,
      "height": 10,
      "chars": [
        "\uEAF4"
      ]
    },
    {
      "type": "bitmap",
      "file": "minecraft:emojis/minecraft-k-azul.png",
      "ascent": 9,
      "height": 10,
      "chars": [
        "\uF4CA"
      ]
    },
    {
      "type": "bitmap",
      "file": "minecraft:emojis/minecraft-l-azul.png",
      "ascent": 9,
      "height": 10,
      "chars": [
        "\uE6FE"
      ]
    },
    {
      "type": "bitmap",
      "file": "minecraft:emojis/minecraft-m-azul.png",
      "ascent": 9,
      "height": 10,
      "chars": [
        "\uE9A5"
      ]
    },
    {
      "type": "bitmap",
      "file": "minecraft:emojis/minecraft-n-azul.png",
      "ascent": 9,
      "height": 10,
      "chars": [
        "\uE5A8"
      ]
    },
    {
      "type": "bitmap",
      "file": "minecraft:emojis/minecraft-o-azul.png",
      "ascent": 9,
      "height": 10,
      "chars": [
        "\uF408"
      ]
    },
    {
      "type": "bitmap",
      "file": "minecraft:emojis/minecraft-p-azul.png",
      "ascent": 9,
      "height": 10,
      "chars": [
        "\uE86C"
      ]
    },
    {
      "type": "bitmap",
      "file": "minecraft:emojis/minecraft-q-azul.png",
      "ascent": 9,
      "height": 10,
      "chars": [
        "\uF8C3"
      ]
    },
    {
      "type": "bitmap",
      "file": "minecraft:emojis/minecraft-r-azul.png",
      "ascent": 9,
      "height": 10,
      "chars": [
        "\uEBF5"
      ]
    },
    {
      "type": "bitmap",
      "file": "minecraft:emojis/minecraft-s-azul.png",
      "ascent": 9,
      "height": 10,
      "chars": [
        "\uEBBD"
      ]
    },
    {
      "type": "bitmap",
      "file": "minecraft:emojis/minecraft-t-azul.png",
      "ascent": 9,
      "height": 10,
      "chars": [
        "\uE551"
      ]
    },
    {
      "type": "bitmap",
      "file": "minecraft:emojis/minecraft-u-azul.png",
      "ascent": 9,
      "height": 10,
      "chars": [
        "\uE7DE"
      ]
    },
    {
      "type": "bitmap",
      "file": "minecraft:emojis/minecraft-v-azul.png",
      "ascent": 9,
      "height": 10,
      "chars": [
        "\uEA2B"
      ]
    },
    {
      "type": "bitmap",
      "file": "minecraft:emojis/minecraft-w-azul.png",
      "ascent": 9,
      "height": 10,
      "chars": [
        "\uF008"
      ]
    },
    {
      "type": "bitmap",
      "file": "minecraft:emojis/minecraft-x-azul.png",
      "ascent": 9,
      "height": 10,
      "chars": [
        "\uEBD9"
      ]
    },
    {
      "type": "bitmap",
      "file": "minecraft:emojis/minecraft-y-azul.png",
      "ascent": 9,
      "height": 10,
      "chars": [
        "\uF61F"
      ]
    },
    {
      "type": "bitmap",
      "file": "minecraft:emojis/minecraft-z-azul.png",
      "ascent": 9,
      "height": 10,
      "chars": [
        "\uE8D4"
      ]
    },
    {
      "type": "bitmap",
      "file": "minecraft:emojis/minecraft_2.png",
      "ascent": 9,
      "height": 10,
      "chars": [
        "\uF62C"
      ]
    },
    {
      "type": "bitmap",
      "file": "minecraft:emojis/minecraft_logo.png",
      "ascent": 9,
      "height": 10,
      "chars": [
        "\uE034"
      ]
    },
    {
      "type": "bitmap",
      "file": "minecraft:emojis/mineiradores.png",
      "ascent": 9,
      "height": 10,
      "chars": [
        "\uE98B"
      ]
    },
    {
      "type": "bitmap",
      "file": "minecraft:emojis/minerio_diamante_ardosia.png",
      "ascent": 9,
      "height": 10,
      "chars": [
        "\uECD4"
      ]
    },
    {
      "type": "bitmap",
      "file": "minecraft:emojis/moderador.png",
      "ascent": 9,
      "height": 10,
      "chars": [
        "\uF04C"
      ]
    },
    {
      "type": "bitmap",
      "file": "minecraft:emojis/moeda_pixel.png",
      "ascent": 9,
      "height": 10,
      "chars": [
        "\uECEF"
      ]
    },
    {
      "type": "bitmap",
      "file": "minecraft:emojis/my_melody.png",
      "ascent": 9,
      "height": 10,
      "chars": [
        "\uF5DA"
      ]
    },
    {
      "type": "bitmap",
      "file": "minecraft:emojis/nao.png",
      "ascent": 9,
      "height": 10,
      "chars": [
        "\uF6E6"
      ]
    },
    {
      "type": "bitmap",
      "file": "minecraft:emojis/natal.png",
      "ascent": 9,
      "height": 10,
      "chars": [
        "\uE3B4"
      ]
    },
    {
      "type": "bitmap",
      "file": "minecraft:emojis/natal_2.png",
      "ascent": 9,
      "height": 10,
      "chars": [
        "\uF5BC"
      ]
    },
    {
      "type": "bitmap",
      "file": "minecraft:emojis/netherrack.png",
      "ascent": 9,
      "height": 10,
      "chars": [
        "\uE2B1"
      ]
    },
    {
      "type": "bitmap",
      "file": "minecraft:emojis/orbe_minecraft.png",
      "ascent": 9,
      "height": 10,
      "chars": [
        "\uF28F"
      ]
    },
    {
      "type": "bitmap",
      "file": "minecraft:emojis/ouro.png",
      "ascent": 9,
      "height": 10,
      "chars": [
        "\uEC5F"
      ]
    },
    {
      "type": "bitmap",
      "file": "minecraft:emojis/ouro_minecraft.png",
      "ascent": 9,
      "height": 10,
      "chars": [
        "\uF2D9"
      ]
    },
    {
      "type": "bitmap",
      "file": "minecraft:emojis/pao.png",
      "ascent": 9,
      "height": 10,
      "chars": [
        "\uE8B8"
      ]
    },
    {
      "type": "bitmap",
      "file": "minecraft:emojis/pat.png",
      "ascent": 9,
      "height": 10,
      "chars": [
        "\uE675"
      ]
    },
    {
      "type": "bitmap",
      "file": "minecraft:emojis/ping_nervoso.png",
      "ascent": 9,
      "height": 10,
      "chars": [
        "\uEA93"
      ]
    },
    {
      "type": "bitmap",
      "file": "minecraft:emojis/pocao_vida.png",
      "ascent": 9,
      "height": 10,
      "chars": [
        "\uE0E5"
      ]
    },
    {
      "type": "bitmap",
      "file": "minecraft:emojis/pompompurin.png",
      "ascent": 9,
      "height": 10,
      "chars": [
        "\uEB08"
      ]
    },
    {
      "type": "bitmap",
      "file": "minecraft:emojis/pontos_cargo_coloridos.png",
      "ascent": 9,
      "height": 10,
      "chars": [
        "\uE537"
      ]
    },
    {
      "type": "bitmap",
      "file": "minecraft:emojis/pontos_cargo_coloridos_2.png",
      "ascent": 9,
      "height": 10,
      "chars": [
        "\uE20C"
      ]
    },
    {
      "type": "bitmap",
      "file": "minecraft:emojis/pontos_cargo_coloridos_3.png",
      "ascent": 9,
      "height": 10,
      "chars": [
        "\uEE40"
      ]
    },
    {
      "type": "bitmap",
      "file": "minecraft:emojis/portal_ender.png",
      "ascent": 9,
      "height": 10,
      "chars": [
        "\uE9B5"
      ]
    },
    {
      "type": "bitmap",
      "file": "minecraft:emojis/quartzo_nether.png",
      "ascent": 9,
      "height": 10,
      "chars": [
        "\uF35E"
      ]
    },
    {
      "type": "bitmap",
      "file": "minecraft:emojis/raiva_natal.png",
      "ascent": 9,
      "height": 10,
      "chars": [
        "\uE40C"
      ]
    },
    {
      "type": "bitmap",
      "file": "minecraft:emojis/raiva_quadrinho_chorando.png",
      "ascent": 9,
      "height": 10,
      "chars": [
        "\uE0E0"
      ]
    },
    {
      "type": "bitmap",
      "file": "minecraft:emojis/raiva_quadrinho_pensando.png",
      "ascent": 9,
      "height": 10,
      "chars": [
        "\uF364"
      ]
    },
    {
      "type": "bitmap",
      "file": "minecraft:emojis/ralsei_minerando.png",
      "ascent": 9,
      "height": 10,
      "chars": [
        "\uE8CD"
      ]
    },
    {
      "type": "bitmap",
      "file": "minecraft:emojis/rede.png",
      "ascent": 9,
      "height": 10,
      "chars": [
        "\uF33E"
      ]
    },
    {
      "type": "bitmap",
      "file": "minecraft:emojis/redstone.png",
      "ascent": 9,
      "height": 10,
      "chars": [
        "\uE309"
      ]
    },
    {
      "type": "bitmap",
      "file": "minecraft:emojis/redstone_2.png",
      "ascent": 9,
      "height": 10,
      "chars": [
        "\uEDC0"
      ]
    },
    {
      "type": "bitmap",
      "file": "minecraft:emojis/shulker_rgb.png",
      "ascent": 9,
      "height": 10,
      "chars": [
        "\uF2E1"
      ]
    },
    {
      "type": "bitmap",
      "file": "minecraft:emojis/sim.png",
      "ascent": 9,
      "height": 10,
      "chars": [
        "\uEFF1"
      ]
    },
    {
      "type": "bitmap",
      "file": "minecraft:emojis/sonolento.png",
      "ascent": 9,
      "height": 10,
      "chars": [
        "\uE6AB"
      ]
    },
    {
      "type": "bitmap",
      "file": "minecraft:emojis/staff.png",
      "ascent": 9,
      "height": 10,
      "chars": [
        "\uEA06"
      ]
    },
    {
      "type": "bitmap",
      "file": "minecraft:emojis/staff_2.png",
      "ascent": 9,
      "height": 10,
      "chars": [
        "\uEAA6"
      ]
    },
    {
      "type": "bitmap",
      "file": "minecraft:emojis/staff_3.png",
      "ascent": 9,
      "height": 10,
      "chars": [
        "\uED3C"
      ]
    },
    {
      "type": "bitmap",
      "file": "minecraft:emojis/staff_4.png",
      "ascent": 9,
      "height": 10,
      "chars": [
        "\uF2F6"
      ]
    },
    {
      "type": "bitmap",
      "file": "minecraft:emojis/staff_5.png",
      "ascent": 9,
      "height": 10,
      "chars": [
        "\uE94D"
      ]
    },
    {
      "type": "bitmap",
      "file": "minecraft:emojis/staff_dois_tons.png",
      "ascent": 9,
      "height": 10,
      "chars": [
        "\uF5EA"
      ]
    },
    {
      "type": "bitmap",
      "file": "minecraft:emojis/staff_dois_tons_2.png",
      "ascent": 9,
      "height": 10,
      "chars": [
        "\uEBE3"
      ]
    },
    {
      "type": "bitmap",
      "file": "minecraft:emojis/sushi.png",
      "ascent": 9,
      "height": 10,
      "chars": [
        "\uE5A9"
      ]
    },
    {
      "type": "bitmap",
      "file": "minecraft:emojis/trollface_triste.png",
      "ascent": 9,
      "height": 10,
      "chars": [
        "\uF7B9"
      ]
    },
    {
      "type": "bitmap",
      "file": "minecraft:emojis/vegeta_inteligente.png",
      "ascent": 9,
      "height": 10,
      "chars": [
        "\uF49C"
      ]
    },
    {
      "type": "bitmap",
      "file": "minecraft:emojis/verificado.png",
      "ascent": 9,
      "height": 10,
      "chars": [
        "\uF54E"
      ]
    },
    {
      "type": "bitmap",
      "file": "minecraft:emojis/verificado_2.png",
      "ascent": 9,
      "height": 10,
      "chars": [
        "\uF14F"
      ]
    },
    {
      "type": "bitmap",
      "file": "minecraft:emojis/vida_instantanea.png",
      "ascent": 9,
      "height": 10,
      "chars": [
        "\uE314"
      ]
    },
    {
      "type": "bitmap",
      "file": "minecraft:emojis/vip_azul_brilhante.png",
      "ascent": 9,
      "height": 10,
      "chars": [
        "\uE656"
      ]
    },
    {
      "type": "bitmap",
      "file": "minecraft:emojis/vip_mint_brilhante.png",
      "ascent": 9,
      "height": 10,
      "chars": [
        "\uE3C0"
      ]
    },
    {
      "type": "bitmap",
      "file": "minecraft:emojis/vip_ruby_brilhante.png",
      "ascent": 9,
      "height": 10,
      "chars": [
        "\uEB55"
      ]
    },
    {
      "type": "bitmap",
      "file": "minecraft:emojis/yellow_admin_gradient.png",
      "ascent": 9,
      "height": 10,
      "chars": [
        "\uF1C1"
      ]
    }
  ]
}