{
  "model": {
    "type": "minecraft:range_dispatch",
    "property": "minecraft:custom_model_data",
    "entries": [
      {
        "threshold": 112183.0,
        "model": {
          "type": "minecraft:model",
          "model": "minecraft:pelucias/hostile_mobs/nether/hoglin/hoglin"
        }
      },
      {
        "threshold": 150473.0,
        "model": {
          "type": "minecraft:model",
          "model": "minecraft:pelucias/hostile_mobs/overvorld/illagers/evoker/evoker"
        }
      },
      {
        "threshold": 167522.0,
        "model": {
          "type": "minecraft:model",
          "model": "minecraft:pelucias/secret_plushies/herobrine/herobrine"
        }
      },
      {
        "threshold": 169963.0,
        "model": {
          "type": "minecraft:model",
          "model": "minecraft:pelucias/hostile_mobs/overvorld/creaking/creaking"
        }
      },
      {
        "threshold": 193811.0,
        "model": {
          "type": "minecraft:model",
          "model": "minecraft:pelucias/hostile_mobs/overvorld/zoglin/zoglin"
        }
      },
      {
        "threshold": 216732.0,
        "model": {
          "type": "minecraft:model",
          "model": "minecraft:pelucias/hostile_mobs/overvorld/slimes/medium_slime"
        }
      },
      {
        "threshold": 231153.0,
        "model": {
          "type": "minecraft:model",
          "model": "minecraft:pelucias/neutral_mobs/end/enderman/enderman"
        }
      },
      {
        "threshold": 263225.0,
        "model": {
          "type": "minecraft:model",
          "model": "minecraft:pelucias/hostile_mobs/nether/magma_cubes/medium_magma_cube"
        }
      },
      {
        "threshold": 266287.0,
        "model": {
          "type": "minecraft:model",
          "model": "minecraft:pelucias/hostile_mobs/overvorld/slimes/small_slime"
        }
      },
      {
        "threshold": 272988.0,
        "model": {
          "type": "minecraft:model",
          "model": "minecraft:pelucias/hostile_mobs/overvorld/illagers/ravager/ravager"
        }
      },
      {
        "threshold": 280713.0,
        "model": {
          "type": "minecraft:model",
          "model": "minecraft:pelucias/hostile_mobs/overvorld/warden/warden"
        }
      },
      {
        "threshold": 283291.0,
        "model": {
          "type": "minecraft:model",
          "model": "minecraft:pelucias/hostile_mobs/overvorld/silverfish/silverfish"
        }
      },
      {
        "threshold": 321101.0,
        "model": {
          "type": "minecraft:model",
          "model": "minecraft:pelucias/hostile_mobs/overvorld/drowned/drowned"
        }
      },
      {
        "threshold": 328405.0,
        "model": {
          "type": "minecraft:model",
          "model": "minecraft:pelucias/hostile_mobs/overvorld/zombie/zombie"
        }
      },
      {
        "threshold": 330682.0,
        "model": {
          "type": "minecraft:model",
          "model": "minecraft:pelucias/hostile_mobs/overvorld/zombie_villagers/snow/snow_zombie_villager"
        }
      },
      {
        "threshold": 332540.0,
        "model": {
          "type": "minecraft:model",
          "model": "minecraft:pelucias/secret_plushies/spikypeach/spikypeach"
        }
      },
      {
        "threshold": 341968.0,
        "model": {
          "type": "minecraft:model",
          "model": "minecraft:pelucias/secret_plushies/illusioner/illusioner"
        }
      },
      {
        "threshold": 343477.0,
        "model": {
          "type": "minecraft:model",
          "model": "minecraft:pelucias/hostile_mobs/overvorld/phantom/phantom"
        }
      },
      {
        "threshold": 382897.0,
        "model": {
          "type": "minecraft:model",
          "model": "minecraft:pelucias/hostile_mobs/nether/blaze/blaze"
        }
      },
      {
        "threshold": 414430.0,
        "model": {
          "type": "minecraft:model",
          "model": "minecraft:pelucias/hostile_mobs/overvorld/zombie_villagers/desert/desert_zombie_villager"
        }
      },
      {
        "threshold": 418837.0,
        "model": {
          "type": "minecraft:model",
          "model": "minecraft:pelucias/secret_plushies/poisonous_potato_zombie/poisonous_potato_zombie"
        }
      },
      {
        "threshold": 423033.0,
        "model": {
          "type": "minecraft:model",
          "model": "minecraft:pelucias/hostile_mobs/overvorld/illagers/witch/witch"
        }
      },
      {
        "threshold": 435069.0,
        "model": {
          "type": "minecraft:model",
          "model": "minecraft:pelucias/hostile_mobs/nether/ghast/ghast"
        }
      },
      {
        "threshold": 443697.0,
        "model": {
          "type": "minecraft:model",
          "model": "minecraft:pelucias/hostile_mobs/nether/piglin_brute/piglin_brute"
        }
      },
      {
        "threshold": 472616.0,
        "model": {
          "type": "minecraft:model",
          "model": "minecraft:pelucias/hostile_mobs/overvorld/zombie_villagers/jungle/jungle_zombie_villager"
        }
      },
      {
        "threshold": 489232.0,
        "model": {
          "type": "minecraft:model",
          "model": "minecraft:pelucias/hostile_mobs/overvorld/elder_guardian/elder_guardian"
        }
      },
      {
        "threshold": 492272.0,
        "model": {
          "type": "minecraft:model",
          "model": "minecraft:pelucias/hostile_mobs/end/endermite/endermite"
        }
      },
      {
        "threshold": 512816.0,
        "model": {
          "type": "minecraft:model",
          "model": "minecraft:pelucias/neutral_mobs/nether/zombified_piglin/zombified_piglin"
        }
      },
      {
        "threshold": 519965.0,
        "model": {
          "type": "minecraft:model",
          "model": "minecraft:pelucias/secret_plushies/entity303/entity303"
        }
      },
      {
        "threshold": 526182.0,
        "model": {
          "type": "minecraft:model",
          "model": "minecraft:pelucias/hostile_mobs/overvorld/stray/stray"
        }
      },
      {
        "threshold": 528455.0,
        "model": {
          "type": "minecraft:model",
          "model": "minecraft:pelucias/hostile_mobs/nether/magma_cubes/large_magma_cube"
        }
      },
      {
        "threshold": 540837.0,
        "model": {
          "type": "minecraft:model",
          "model": "minecraft:pelucias/hostile_mobs/overvorld/creeper/creeper"
        }
      },
      {
        "threshold": 560142.0,
        "model": {
          "type": "minecraft:model",
          "model": "minecraft:pelucias/neutral_mobs/overvorld/cave_spider/cave_spider"
        }
      },
      {
        "threshold": 568979.0,
        "model": {
          "type": "minecraft:model",
          "model": "minecraft:pelucias/hostile_mobs/overvorld/illagers/vindicator/vindicator"
        }
      },
      {
        "threshold": 574022.0,
        "model": {
          "type": "minecraft:model",
          "model": "minecraft:pelucias/neutral_mobs/overvorld/spider/spider"
        }
      },
      {
        "threshold": 576352.0,
        "model": {
          "type": "minecraft:model",
          "model": "minecraft:pelucias/hostile_mobs/nether/magma_cubes/small_magma_cube"
        }
      },
      {
        "threshold": 627268.0,
        "model": {
          "type": "minecraft:model",
          "model": "minecraft:pelucias/hostile_mobs/overvorld/zombie_villagers/plains/plains_zombie_villager"
        }
      },
      {
        "threshold": 637722.0,
        "model": {
          "type": "minecraft:model",
          "model": "minecraft:pelucias/secret_plushies/rainbow_creeper/rainbow_creeper"
        }
      },
      {
        "threshold": 651795.0,
        "model": {
          "type": "minecraft:model",
          "model": "minecraft:pelucias/hostile_mobs/overvorld/zombie_villagers/taiga/taiga_zombie_villager"
        }
      },
      {
        "threshold": 678287.0,
        "model": {
          "type": "minecraft:model",
          "model": "minecraft:pelucias/secret_plushies/jack-o-zombie/jack-o-zombie"
        }
      },
      {
        "threshold": 685098.0,
        "model": {
          "type": "minecraft:model",
          "model": "minecraft:pelucias/hostile_mobs/overvorld/zombie_villagers/swamp/swamp_zombie_villager"
        }
      },
      {
        "threshold": 685125.0,
        "model": {
          "type": "minecraft:model",
          "model": "minecraft:pelucias/hostile_mobs/end/shulker/shulker"
        }
      },
      {
        "threshold": 715463.0,
        "model": {
          "type": "minecraft:model",
          "model": "minecraft:pelucias/hostile_mobs/overvorld/slimes/large_slime"
        }
      },
      {
        "threshold": 737502.0,
        "model": {
          "type": "minecraft:model",
          "model": "minecraft:pelucias/hostile_mobs/overvorld/husk/husk"
        }
      },
      {
        "threshold": 747225.0,
        "model": {
          "type": "minecraft:model",
          "model": "minecraft:pelucias/hostile_mobs/overvorld/illagers/pillager/pillager"
        }
      },
      {
        "threshold": 750178.0,
        "model": {
          "type": "minecraft:model",
          "model": "minecraft:pelucias/hostile_mobs/overvorld/illagers/vex/vex"
        }
      },
      {
        "threshold": 754911.0,
        "model": {
          "type": "minecraft:model",
          "model": "minecraft:pelucias/hostile_mobs/overvorld/guardian/guardian"
        }
      },
      {
        "threshold": 771682.0,
        "model": {
          "type": "minecraft:model",
          "model": "minecraft:pelucias/hostile_mobs/overvorld/zombie_villagers/savanna/savanna_zombie_villager"
        }
      },
      {
        "threshold": 829504.0,
        "model": {
          "type": "minecraft:model",
          "model": "minecraft:pelucias/secret_plushies/15th_anniversary/15th_anniversary"
        }
      },
      {
        "threshold": 942651.0,
        "model": {
          "type": "minecraft:model",
          "model": "minecraft:pelucias/hostile_mobs/nether/wither_skeleton/wither_skeleton"
        }
      },
      {
        "threshold": 946925.0,
        "model": {
          "type": "minecraft:model",
          "model": "minecraft:pelucias/neutral_mobs/nether/piglin/piglin"
        }
      },
      {
        "threshold": 961990.0,
        "model": {
          "type": "minecraft:model",
          "model": "minecraft:pelucias/hostile_mobs/overvorld/bogged/bogged"
        }
      },
      {
        "threshold": 966196.0,
        "model": {
          "type": "minecraft:model",
          "model": "minecraft:pelucias/secret_plushies/jack-o-skeleton/jack-o-skeleton"
        }
      },
      {
        "threshold": 984153.0,
        "model": {
          "type": "minecraft:model",
          "model": "minecraft:pelucias/hostile_mobs/overvorld/skeleton/skeleton"
        }
      },
      {
        "threshold": 985047.0,
        "model": {
          "type": "minecraft:model",
          "model": "minecraft:pelucias/hostile_mobs/overvorld/breeze/breeze"
        }
      }
    ],
    "fallback": {
      "type": "minecraft:model",
      "model": "minecraft:item/carrot_on_a_stick"
    }
  }
}