{
  "model": {
    "type": "minecraft:range_dispatch",
    "property": "minecraft:custom_model_data",
    "entries": [
      {
        "threshold": 364822.0,
        "model": {
          "type": "minecraft:model",
          "model": "minecraft:item/diamante/rubi"
        }
      },
      {
        "threshold": 583291.0,
        "model": {
          "type": "minecraft:model",
          "model": "minecraft:item/diamante/ancoran"
        }
      },
      {
        "threshold": 742915.0,
        "model": {
          "type": "minecraft:model",
          "model": "minecraft:item/diamante/eletroblade"
        }
      },
      {
        "threshold": 928144.0,
        "model": {
          "type": "minecraft:model",
          "model": "minecraft:item/diamante/rubra"
        }
      },
      {
        "threshold": 935000.0,
        "model": {
          "type": "minecraft:model",
          "model": "minecraft:item/arcanas/arcana_lv1"
        }
      },
      {
        "threshold": 949835.0,
        "model": {
          "type": "minecraft:model",
          "model": "minecraft:item/arcanas/arcana_lv2"
        }
      },
      {
        "threshold": 953534.0,
        "model": {
          "type": "minecraft:model",
          "model": "minecraft:item/arcanas/arcana_lv3"
        }
      }
    ],
    "fallback": {
      "type": "minecraft:model",
      "model": "minecraft:item/diamond_sword"
    }
  }
}