{
  "model": {
    "type": "minecraft:range_dispatch",
    "property": "minecraft:custom_model_data",
    "entries": [
      {
        "threshold": 584475.0,
        "model": {
          "type": "minecraft:model",
          "model": "minecraft:item/ferro/serpente"
        }
      },
      {
        "threshold": 638481.0,
        "model": {
          "type": "minecraft:model",
          "model": "minecraft:item/ferro/sol"
        }
      }
    ],
    "fallback": {
      "type": "minecraft:model",
      "model": "minecraft:item/iron_sword"
    }
  }
}