{
  "model": {
    "type": "minecraft:range_dispatch",
    "property": "minecraft:custom_model_data",
    "entries": [
      {
        "threshold": 1294.0,
        "model": {
          "type": "minecraft:model",
          "model": "minecraft:item/netherite/ryron"
        }
      },
      {
        "threshold": 584732.0,
        "model": {
          "type": "minecraft:model",
          "model": "minecraft:item/netherite/esfera_do_invernal"
        }
      },
      {
        "threshold": 912478.0,
        "model": {
          "type": "minecraft:model",
          "model": "minecraft:item/netherite/azoth_infernal"
        }
      },
      {
        "threshold": 1013060.0,
        "model": {
          "type": "minecraft:model",
          "model": "minecraft:3dsword/azure_sabre_blocking"
        }
      },
      {
        "threshold": 1090714.0,
        "model": {
          "type": "minecraft:model",
          "model": "minecraft:3dsword/nature_sword"
        }
      },
      {
        "threshold": 1313726.0,
        "model": {
          "type": "minecraft:model",
          "model": "minecraft:3dsword/iron_sai"
        }
      },
      {
        "threshold": 1407450.0,
        "model": {
          "type": "minecraft:model",
          "model": "minecraft:3dsword/black_iron_clobberer"
        }
      },
      {
        "threshold": 1504615.0,
        "model": {
          "type": "minecraft:model",
          "model": "minecraft:3dsword/piercer"
        }
      },
      {
        "threshold": 1551505.0,
        "model": {
          "type": "minecraft:model",
          "model": "minecraft:3dsword/uchigatana"
        }
      },
      {
        "threshold": 1871909.0,
        "model": {
          "type": "minecraft:model",
          "model": "minecraft:3dsword/crimson_lance"
        }
      },
      {
        "threshold": 2015734.0,
        "model": {
          "type": "minecraft:model",
          "model": "minecraft:3dsword/invisible_shield"
        }
      },
      {
        "threshold": 2037389.0,
        "model": {
          "type": "minecraft:model",
          "model": "minecraft:3dsword/iron_battle_axe"
        }
      },
      {
        "threshold": 2134035.0,
        "model": {
          "type": "minecraft:model",
          "model": "minecraft:3dsword/iron_sai_blocking"
        }
      },
      {
        "threshold": 2383444.0,
        "model": {
          "type": "minecraft:model",
          "model": "minecraft:3dsword/wooden_bludgeon"
        }
      },
      {
        "threshold": 2457097.0,
        "model": {
          "type": "minecraft:model",
          "model": "minecraft:3dsword/iron_polearm"
        }
      },
      {
        "threshold": 2559868.0,
        "model": {
          "type": "minecraft:model",
          "model": "minecraft:3dsword/heavenly_partisan"
        }
      },
      {
        "threshold": 2578774.0,
        "model": {
          "type": "minecraft:model",
          "model": "minecraft:3dsword/azure_dagger_blocking"
        }
      },
      {
        "threshold": 2630938.0,
        "model": {
          "type": "minecraft:model",
          "model": "minecraft:3dsword/iron_dagger"
        }
      },
      {
        "threshold": 2698829.0,
        "model": {
          "type": "minecraft:model",
          "model": "minecraft:3dsword/gloomsteel_greataxe"
        }
      },
      {
        "threshold": 2791385.0,
        "model": {
          "type": "minecraft:model",
          "model": "minecraft:3dsword/black_iron_greatsword"
        }
      },
      {
        "threshold": 2962867.0,
        "model": {
          "type": "minecraft:model",
          "model": "minecraft:3dsword/zenith"
        }
      },
      {
        "threshold": 3015686.0,
        "model": {
          "type": "minecraft:model",
          "model": "minecraft:3dsword/valhakyra"
        }
      },
      {
        "threshold": 3027440.0,
        "model": {
          "type": "minecraft:model",
          "model": "minecraft:3dsword/revenants_gravecleaver"
        }
      },
      {
        "threshold": 3060188.0,
        "model": {
          "type": "minecraft:model",
          "model": "minecraft:3dsword/viridian_greataxe"
        }
      },
      {
        "threshold": 3442416.0,
        "model": {
          "type": "minecraft:model",
          "model": "minecraft:3dsword/demonic_sword"
        }
      },
      {
        "threshold": 3482922.0,
        "model": {
          "type": "minecraft:model",
          "model": "minecraft:3dsword/sacrificial_cleaver"
        }
      },
      {
        "threshold": 3591088.0,
        "model": {
          "type": "minecraft:model",
          "model": "minecraft:3dsword/talonbrand"
        }
      },
      {
        "threshold": 3632370.0,
        "model": {
          "type": "minecraft:model",
          "model": "minecraft:3dsword/black_iron_greataxe"
        }
      },
      {
        "threshold": 3899146.0,
        "model": {
          "type": "minecraft:model",
          "model": "minecraft:3dsword/ethereal_frostblade"
        }
      },
      {
        "threshold": 3910568.0,
        "model": {
          "type": "minecraft:model",
          "model": "minecraft:3dsword/spider_sword"
        }
      },
      {
        "threshold": 4105637.0,
        "model": {
          "type": "minecraft:model",
          "model": "minecraft:3dsword/vindicator"
        }
      },
      {
        "threshold": 4315912.0,
        "model": {
          "type": "minecraft:model",
          "model": "minecraft:3dsword/azure_sabre"
        }
      },
      {
        "threshold": 4550377.0,
        "model": {
          "type": "minecraft:model",
          "model": "minecraft:3dsword/vengeance_blade_blocking"
        }
      },
      {
        "threshold": 4862988.0,
        "model": {
          "type": "minecraft:model",
          "model": "minecraft:3dsword/vindicator_blocking"
        }
      },
      {
        "threshold": 4870339.0,
        "model": {
          "type": "minecraft:model",
          "model": "minecraft:3dsword/gloomsteel_katana"
        }
      },
      {
        "threshold": 5215043.0,
        "model": {
          "type": "minecraft:model",
          "model": "minecraft:3dsword/demonslayers_greatsword"
        }
      },
      {
        "threshold": 5294959.0,
        "model": {
          "type": "minecraft:model",
          "model": "minecraft:3dsword/azure_greataxe"
        }
      },
      {
        "threshold": 5402744.0,
        "model": {
          "type": "minecraft:model",
          "model": "minecraft:3dsword/crystal_frostscythe"
        }
      },
      {
        "threshold": 5448778.0,
        "model": {
          "type": "minecraft:model",
          "model": "minecraft:3dsword/grand_claymore"
        }
      },
      {
        "threshold": 5468044.0,
        "model": {
          "type": "minecraft:model",
          "model": "minecraft:3dsword/vengeance_blade"
        }
      },
      {
        "threshold": 5610889.0,
        "model": {
          "type": "minecraft:model",
          "model": "minecraft:3dsword/treacherous_bludgeon"
        }
      },
      {
        "threshold": 5694776.0,
        "model": {
          "type": "minecraft:model",
          "model": "minecraft:3dsword/oculus"
        }
      },
      {
        "threshold": 5779221.0,
        "model": {
          "type": "minecraft:model",
          "model": "minecraft:3dsword/wooden_tonfa"
        }
      },
      {
        "threshold": 5782757.0,
        "model": {
          "type": "minecraft:model",
          "model": "minecraft:3dsword/nocturne"
        }
      },
      {
        "threshold": 5790348.0,
        "model": {
          "type": "minecraft:model",
          "model": "minecraft:3dsword/azure_greatsword"
        }
      },
      {
        "threshold": 6185391.0,
        "model": {
          "type": "minecraft:model",
          "model": "minecraft:3dsword/runic_piercer"
        }
      },
      {
        "threshold": 6422137.0,
        "model": {
          "type": "minecraft:model",
          "model": "minecraft:3dsword/flamberge"
        }
      },
      {
        "threshold": 6460030.0,
        "model": {
          "type": "minecraft:model",
          "model": "minecraft:3dsword/dragon_sword"
        }
      },
      {
        "threshold": 6470450.0,
        "model": {
          "type": "minecraft:model",
          "model": "minecraft:3dsword/crystal_frostblade"
        }
      },
      {
        "threshold": 6491206.0,
        "model": {
          "type": "minecraft:model",
          "model": "minecraft:3dsword/azure_scythe"
        }
      },
      {
        "threshold": 6512397.0,
        "model": {
          "type": "minecraft:model",
          "model": "minecraft:3dsword/opaline_lance"
        }
      },
      {
        "threshold": 6560653.0,
        "model": {
          "type": "minecraft:model",
          "model": "minecraft:3dsword/winterthorn"
        }
      },
      {
        "threshold": 6627957.0,
        "model": {
          "type": "minecraft:model",
          "model": "minecraft:3dsword/claymore"
        }
      },
      {
        "threshold": 6872217.0,
        "model": {
          "type": "minecraft:model",
          "model": "minecraft:3dsword/crimson_cleaver"
        }
      },
      {
        "threshold": 6901279.0,
        "model": {
          "type": "minecraft:model",
          "model": "minecraft:3dsword/moonlight_blocking"
        }
      },
      {
        "threshold": 6903781.0,
        "model": {
          "type": "minecraft:model",
          "model": "minecraft:3dsword/revenants_gravescepter"
        }
      },
      {
        "threshold": 6947381.0,
        "model": {
          "type": "minecraft:model",
          "model": "minecraft:3dsword/amethyst_greatblade"
        }
      },
      {
        "threshold": 6983082.0,
        "model": {
          "type": "minecraft:model",
          "model": "minecraft:3dsword/calamity_blade"
        }
      },
      {
        "threshold": 7012880.0,
        "model": {
          "type": "minecraft:model",
          "model": "minecraft:3dsword/treacherous_cleaver"
        }
      },
      {
        "threshold": 7037871.0,
        "model": {
          "type": "minecraft:model",
          "model": "minecraft:3dsword/ravenous_blade"
        }
      },
      {
        "threshold": 7071140.0,
        "model": {
          "type": "minecraft:model",
          "model": "minecraft:3dsword/iron_halberd"
        }
      },
      {
        "threshold": 7112191.0,
        "model": {
          "type": "minecraft:model",
          "model": "minecraft:3dsword/crescent_greataxe"
        }
      },
      {
        "threshold": 7338084.0,
        "model": {
          "type": "minecraft:model",
          "model": "minecraft:3dsword/iron_mace"
        }
      },
      {
        "threshold": 7396385.0,
        "model": {
          "type": "minecraft:model",
          "model": "minecraft:3dsword/gilded_phoenix_greataxe"
        }
      },
      {
        "threshold": 7445303.0,
        "model": {
          "type": "minecraft:model",
          "model": "minecraft:3dsword/berserkers_greataxe"
        }
      },
      {
        "threshold": 7689994.0,
        "model": {
          "type": "minecraft:model",
          "model": "minecraft:3dsword/emerald_greatcleaver"
        }
      },
      {
        "threshold": 7759447.0,
        "model": {
          "type": "minecraft:model",
          "model": "minecraft:3dsword/calamity_blade_thin"
        }
      },
      {
        "threshold": 7849225.0,
        "model": {
          "type": "minecraft:model",
          "model": "minecraft:3dsword/skeleton_axe"
        }
      },
      {
        "threshold": 7869155.0,
        "model": {
          "type": "minecraft:model",
          "model": "minecraft:3dsword/phantomguard_partisan"
        }
      },
      {
        "threshold": 8028578.0,
        "model": {
          "type": "minecraft:model",
          "model": "minecraft:3dsword/lycanbane"
        }
      },
      {
        "threshold": 8074667.0,
        "model": {
          "type": "minecraft:model",
          "model": "minecraft:3dsword/azure_dagger"
        }
      },
      {
        "threshold": 8127946.0,
        "model": {
          "type": "minecraft:model",
          "model": "minecraft:3dsword/windreaper"
        }
      },
      {
        "threshold": 8285403.0,
        "model": {
          "type": "minecraft:model",
          "model": "minecraft:3dsword/wooden_tonfa_blocking"
        }
      },
      {
        "threshold": 8354791.0,
        "model": {
          "type": "minecraft:model",
          "model": "minecraft:3dsword/iron_greataxe"
        }
      },
      {
        "threshold": 8388802.0,
        "model": {
          "type": "minecraft:model",
          "model": "minecraft:3dsword/uchigatana_blocking"
        }
      },
      {
        "threshold": 8392782.0,
        "model": {
          "type": "minecraft:model",
          "model": "minecraft:3dsword/solstice"
        }
      },
      {
        "threshold": 8490845.0,
        "model": {
          "type": "minecraft:model",
          "model": "minecraft:3dsword/phantomguard_greatsword"
        }
      },
      {
        "threshold": 8534681.0,
        "model": {
          "type": "minecraft:model",
          "model": "minecraft:3dsword/iron_hay_sickle"
        }
      },
      {
        "threshold": 8571493.0,
        "model": {
          "type": "minecraft:model",
          "model": "minecraft:3dsword/iron_broadsword"
        }
      },
      {
        "threshold": 8631398.0,
        "model": {
          "type": "minecraft:model",
          "model": "minecraft:3dsword/demons_blood_blade"
        }
      },
      {
        "threshold": 8666314.0,
        "model": {
          "type": "minecraft:model",
          "model": "minecraft:3dsword/zenith_blocking"
        }
      },
      {
        "threshold": 8699749.0,
        "model": {
          "type": "minecraft:model",
          "model": "minecraft:3dsword/berserkers_cleaver"
        }
      },
      {
        "threshold": 8707525.0,
        "model": {
          "type": "minecraft:model",
          "model": "minecraft:3dsword/gloomsteel_knife"
        }
      },
      {
        "threshold": 8755065.0,
        "model": {
          "type": "minecraft:model",
          "model": "minecraft:3dsword/treacherous_axe"
        }
      },
      {
        "threshold": 8823006.0,
        "model": {
          "type": "minecraft:model",
          "model": "minecraft:3dsword/gloomsteel_knife_blocking"
        }
      },
      {
        "threshold": 9116346.0,
        "model": {
          "type": "minecraft:model",
          "model": "minecraft:3dsword/vesper"
        }
      },
      {
        "threshold": 9208370.0,
        "model": {
          "type": "minecraft:model",
          "model": "minecraft:3dsword/void_oculus"
        }
      },
      {
        "threshold": 9514382.0,
        "model": {
          "type": "minecraft:model",
          "model": "minecraft:3dsword/iron_dagger_blocking"
        }
      },
      {
        "threshold": 9725325.0,
        "model": {
          "type": "minecraft:model",
          "model": "minecraft:3dsword/revenants_darkscepter"
        }
      },
      {
        "threshold": 9904641.0,
        "model": {
          "type": "minecraft:model",
          "model": "minecraft:3dsword/gloomsteel_katana_blocking"
        }
      },
      {
        "threshold": 9933795.0,
        "model": {
          "type": "minecraft:model",
          "model": "minecraft:3dsword/moonlight"
        }
      },
      {
        "threshold": 9941407.0,
        "model": {
          "type": "minecraft:model",
          "model": "minecraft:3dsword/ancient_greatslab"
        }
      }
    ],
    "fallback": {
      "type": "minecraft:model",
      "model": "minecraft:item/netherite_sword"
    }
  }
}