{
  "model": {
    "type": "minecraft:range_dispatch",
    "property": "minecraft:custom_model_data",
    "entries": [
      {
        "threshold": 12704.0,
        "model": {
          "type": "minecraft:model",
          "model": "minecraft:icones/economico"
        }
      },
      {
        "threshold": 13058.0,
        "model": {
          "type": "minecraft:model",
          "model": "minecraft:icones/setaparabaixoaesquer"
        }
      },
      {
        "threshold": 15984.0,
        "model": {
          "type": "minecraft:model",
          "model": "minecraft:icones/aviso"
        }
      },
      {
        "threshold": 28491.0,
        "model": {
          "type": "minecraft:model",
          "model": "minecraft:icones/seta_esquerda"
        }
      },
      {
        "threshold": 29475.0,
        "model": {
          "type": "minecraft:model",
          "model": "minecraft:icones/lista"
        }
      },
      {
        "threshold": 34019.0,
        "model": {
          "type": "minecraft:model",
          "model": "minecraft:icones/cancelar"
        }
      },
      {
        "threshold": 48392.0,
        "model": {
          "type": "minecraft:model",
          "model": "minecraft:icones/adicionar"
        }
      },
      {
        "threshold": 50287.0,
        "model": {
          "type": "minecraft:model",
          "model": "minecraft:icones/seta_direita"
        }
      },
      {
        "threshold": 56830.0,
        "model": {
          "type": "minecraft:model",
          "model": "minecraft:icones/lar"
        }
      },
      {
        "threshold": 63012.0,
        "model": {
          "type": "minecraft:model",
          "model": "minecraft:icones/marcadeverificacao"
        }
      },
      {
        "threshold": 70215.0,
        "model": {
          "type": "minecraft:model",
          "model": "minecraft:icones/botaoapagar"
        }
      },
      {
        "threshold": 71903.0,
        "model": {
          "type": "minecraft:model",
          "model": "minecraft:icones/removerusuario"
        }
      },
      {
        "threshold": 84651.0,
        "model": {
          "type": "minecraft:model",
          "model": "minecraft:icones/listadeafazeres"
        }
      },
      {
        "threshold": 91420.0,
        "model": {
          "type": "minecraft:model",
          "model": "minecraft:icones/setaparabaixoadireit"
        }
      },
      {
        "threshold": 91563.0,
        "model": {
          "type": "minecraft:model",
          "model": "minecraft:icones/coroa"
        }
      }
    ],
    "fallback": {
      "type": "minecraft:model",
      "model": "minecraft:item/stick"
    }
  }
}