{
  "model": {
    "type": "minecraft:range_dispatch",
    "property": "minecraft:custom_model_data",
    "entries": [
      {
        "threshold": 351795.0,
        "model": {
          "type": "minecraft:model",
          "model": "minecraft:item/pedra/sword_viajante"
        }
      },
      {
        "threshold": 485832.0,
        "model": {
          "type": "minecraft:model",
          "model": "minecraft:item/pedra/sword_titan"
        }
      }
    ],
    "fallback": {
      "type": "minecraft:model",
      "model": "minecraft:item/stone_sword"
    }
  }
}