{
  "model": {
    "type": "minecraft:range_dispatch",
    "property": "minecraft:custom_model_data",
    "entries": [
      {
        "threshold": 100001.0,
        "model": {
          "type": "minecraft:model",
          "model": "minecraft:item/demon_slayer/kanao/kanao"
        }
      },
      {
        "threshold": 100102.0,
        "model": {
          "type": "minecraft:model",
          "model": "minecraft:item/demon_slayer/sanemi/sanemi"
        }
      },
      {
        "threshold": 100203.0,
        "model": {
          "type": "minecraft:model",
          "model": "minecraft:item/demon_slayer/kanae/kanae"
        }
      },
      {
        "threshold": 100304.0,
        "model": {
          "type": "minecraft:model",
          "model": "minecraft:item/demon_slayer/muichiro/muichiro"
        }
      },
      {
        "threshold": 100405.0,
        "model": {
          "type": "minecraft:model",
          "model": "minecraft:item/demon_slayer/tanjiro/tanjiro"
        }
      },
      {
        "threshold": 100506.0,
        "model": {
          "type": "minecraft:model",
          "model": "minecraft:item/demon_slayer/sabito/sabito"
        }
      },
      {
        "threshold": 100607.0,
        "model": {
          "type": "minecraft:model",
          "model": "minecraft:item/demon_slayer/shinobu/shinobu"
        }
      },
      {
        "threshold": 100708.0,
        "model": {
          "type": "minecraft:model",
          "model": "minecraft:item/demon_slayer/zenitsu/zenitsu"
        }
      },
      {
        "threshold": 100809.0,
        "model": {
          "type": "minecraft:model",
          "model": "minecraft:item/demon_slayer/kokushibo/kokushibo"
        }
      },
      {
        "threshold": 100910.0,
        "model": {
          "type": "minecraft:model",
          "model": "minecraft:item/demon_slayer/obanai/obanai"
        }
      },
      {
        "threshold": 101011.0,
        "model": {
          "type": "minecraft:model",
          "model": "minecraft:item/demon_slayer/genya/genya"
        }
      },
      {
        "threshold": 101112.0,
        "model": {
          "type": "minecraft:model",
          "model": "minecraft:item/demon_slayer/mitsuri/mitsuri"
        }
      },
      {
        "threshold": 101213.0,
        "model": {
          "type": "minecraft:model",
          "model": "minecraft:item/demon_slayer/kaigaku/kaigaku"
        }
      },
      {
        "threshold": 101314.0,
        "model": {
          "type": "minecraft:model",
          "model": "minecraft:item/demon_slayer/kyojuro/kyojuro"
        }
      },
      {
        "threshold": 101415.0,
        "model": {
          "type": "minecraft:model",
          "model": "minecraft:item/demon_slayer/tengen/tengen"
        }
      },
      {
        "threshold": 101516.0,
        "model": {
          "type": "minecraft:model",
          "model": "minecraft:item/demon_slayer/giyu/giyu"
        }
      },
      {
        "threshold": 101617.0,
        "model": {
          "type": "minecraft:model",
          "model": "minecraft:item/demon_slayer/inosuke/inosuke"
        }
      }
    ],
    "fallback": {
      "type": "minecraft:model",
      "model": "minecraft:item/wooden_sword"
    }
  }
}
