{
	"format_version": "1.21.6",
	"credit": "Made with Blockbench",
	"texture_size": [32, 32],
	"textures": {
		"6": "minecraft:demon_slayer/katana/kokushibo",
		"particle": "minecraft:demon_slayer/katana/kokushibo"
	},
	"elements": [
		{
			"from": [4.75, 1, 6.5],
			"to": [10.75, 2, 9.5],
			"rotation": {"angle": 0, "axis": "y", "origin": [0.75, 0, -1.5]},
			"faces": {
				"north": {"uv": [2, 11.5, 5, 12], "texture": "#6"},
				"east": {"uv": [2, 9.5, 3.5, 10], "texture": "#6"},
				"south": {"uv": [2, 11.5, 5, 12], "texture": "#6"},
				"west": {"uv": [2, 9.5, 3.5, 10], "texture": "#6"},
				"up": {"uv": [5, 2, 2, 0.5], "texture": "#6"},
				"down": {"uv": [5, 0.5, 2, 2], "texture": "#6"}
			}
		},
		{
			"from": [5.75, 1, 5.5],
			"to": [9.75, 2, 10.5],
			"rotation": {"angle": 0, "axis": "y", "origin": [0.75, 0, -1.5]},
			"faces": {
				"north": {"uv": [2.5, 10.5, 4.5, 11], "texture": "#6"},
				"east": {"uv": [2, 8.5, 4.5, 9], "texture": "#6"},
				"south": {"uv": [2.5, 10.5, 4.5, 11], "texture": "#6"},
				"west": {"uv": [2, 8.5, 4.5, 9], "texture": "#6"},
				"up": {"uv": [4.5, 2.5, 2.5, 0], "texture": "#6"},
				"down": {"uv": [4.5, 0, 2.5, 2.5], "texture": "#6"}
			}
		},
		{
			"from": [7.75, 29, 7.9],
			"to": [8.75, 28, 8.1],
			"rotation": {"angle": 0, "axis": "y", "origin": [0.75, 0, -0.5]},
			"faces": {
				"north": {"uv": [0, 0, 0.5, 0.5], "texture": "#6"},
				"east": {"uv": [0, 0, 0.1, 0.5], "texture": "#6"},
				"south": {"uv": [0, 0, 0.5, 0.5], "texture": "#6"},
				"west": {"uv": [0, 2, 0.5, 2.5], "texture": "#6"},
				"up": {"uv": [0, 2, 0.5, 2.6], "texture": "#6"},
				"down": {"uv": [0, 0, 0.5, 0.6], "texture": "#6"}
			}
		},
		{
			"from": [6.75, 2, 7.9],
			"to": [8.75, 29, 8.1],
			"rotation": {"angle": 0, "axis": "y", "origin": [0.75, 0, -0.5]},
			"faces": {
				"north": {"uv": [0, 1.5, 1, 15], "texture": "#6"},
				"east": {"uv": [0.5, 1.5, 0, 15], "texture": "#6"},
				"south": {"uv": [1, 1.5, 2, 15], "texture": "#6"},
				"west": {"uv": [0.5, 1.5, 1, 15], "texture": "#6"},
				"up": {"uv": [1, 1.5, 0, 2], "texture": "#6"},
				"down": {"uv": [1, 0, 0, 0], "texture": "#6"}
			}
		},
		{
			"from": [6.75, -6.1, 7.65],
			"to": [8.75, 1.1, 8.35],
			"rotation": {"angle": 0, "axis": "y", "origin": [0.75, 0, -0.5]},
			"faces": {
				"north": {"uv": [2.5, 12, 3.5, 15.5], "texture": "#6"},
				"east": {"uv": [2, 12, 2.5, 15.5], "texture": "#6"},
				"south": {"uv": [3.5, 12, 2.5, 15.5], "texture": "#6"},
				"west": {"uv": [3.5, 12, 4, 15.5], "texture": "#6"},
				"up": {"uv": [6, 0.5, 5.5, 0], "texture": "#6"},
				"down": {"uv": [6, 0.5, 5.5, 1], "texture": "#6"}
			}
		},
		{
			"from": [6.7, -6.5, 7.6],
			"to": [8.8, -6, 8.4],
			"rotation": {"angle": 0, "axis": "y", "origin": [0.75, 0, -0.5]},
			"faces": {
				"north": {"uv": [15, 0, 16, 0.5], "texture": "#6"},
				"east": {"uv": [15, 0, 15.5, 0.5], "texture": "#6"},
				"south": {"uv": [16, 0, 15, 0.5], "texture": "#6"},
				"west": {"uv": [15.5, 0, 16, 0.5], "texture": "#6"},
				"up": {"uv": [16, 0, 15, 0.5], "texture": "#6"},
				"down": {"uv": [16, 0, 15, 0.5], "texture": "#6"}
			}
		},
		{
			"name": "eye",
			"from": [6.65, 15, 7.8],
			"to": [7.75, 17, 8.2],
			"rotation": {"angle": 0, "axis": "y", "origin": [8, 14, 7.75]},
			"faces": {
				"north": {"uv": [7.5, 0, 5.5, 4], "texture": "#6"},
				"east": {"uv": [5.5, 0, 6, 4], "texture": "#6"},
				"south": {"uv": [5.5, 0, 7.5, 4], "texture": "#6"},
				"west": {"uv": [8, 0, 9, 4], "texture": "#6"},
				"up": {"uv": [7.5, 0, 5.5, 0.5], "texture": "#6"},
				"down": {"uv": [7.5, 3.5, 5.5, 4], "texture": "#6"}
			}
		},
		{
			"name": "eye",
			"from": [6.65, 11, 7.8],
			"to": [7.75, 13, 8.2],
			"rotation": {"angle": 0, "axis": "y", "origin": [8, 10, 7.85]},
			"faces": {
				"north": {"uv": [5.5, 4.5, 7.5, 8.5], "texture": "#6"},
				"east": {"uv": [5.5, 4.5, 6, 8.5], "texture": "#6"},
				"south": {"uv": [7.5, 4.5, 5.5, 8.5], "texture": "#6"},
				"west": {"uv": [8, 4.5, 9, 8.5], "texture": "#6"},
				"up": {"uv": [7.5, 4.5, 5.5, 5], "texture": "#6"},
				"down": {"uv": [7.5, 8, 5.5, 8.5], "texture": "#6"}
			}
		},
		{
			"name": "cracks",
			"from": [5.7, 1.75, 6.85],
			"to": [6.7, 2.05, 8.85],
			"rotation": {"angle": -45, "axis": "y", "origin": [8, 4, 7.85]},
			"faces": {
				"north": {"uv": [0.5, 0, 0, 0.5], "rotation": 180, "texture": "#6"},
				"east": {"uv": [0, 0, 0.5, 0.5], "rotation": 270, "texture": "#6"},
				"south": {"uv": [0.5, 0, 0, 0.5], "texture": "#6"},
				"west": {"uv": [0, 0, 0.5, 0.5], "rotation": 90, "texture": "#6"},
				"up": {"uv": [4, 8.5, 2, 4.5], "rotation": 180, "texture": "#6"},
				"down": {"uv": [2, 8.5, 4, 4.5], "texture": "#6"}
			}
		},
		{
			"name": "cracks",
			"from": [6.5, 1.75, 5.65],
			"to": [8.5, 2.05, 6.65],
			"rotation": {"angle": -22.5, "axis": "y", "origin": [8, 4, 7.85]},
			"faces": {
				"north": {"uv": [0, 0, 0.5, 0.5], "rotation": 270, "texture": "#6"},
				"east": {"uv": [0.5, 0, 0, 0.5], "texture": "#6"},
				"south": {"uv": [0, 0, 0.5, 0.5], "rotation": 90, "texture": "#6"},
				"west": {"uv": [0.5, 0, 0, 0.5], "rotation": 180, "texture": "#6"},
				"up": {"uv": [2, 8.5, 4, 4.5], "rotation": 90, "texture": "#6"},
				"down": {"uv": [2, 8.5, 4, 4.5], "rotation": 90, "texture": "#6"}
			}
		},
		{
			"name": "cracks",
			"from": [9.2, 1.75, 6.15],
			"to": [10.2, 2.05, 8.15],
			"rotation": {"angle": -45, "axis": "y", "origin": [8, 4, 7.85]},
			"faces": {
				"north": {"uv": [0.5, 0, 0, 0.5], "rotation": 180, "texture": "#6"},
				"east": {"uv": [0, 0, 0.5, 0.5], "rotation": 270, "texture": "#6"},
				"south": {"uv": [0.5, 0, 0, 0.5], "texture": "#6"},
				"west": {"uv": [0, 0, 0.5, 0.5], "rotation": 90, "texture": "#6"},
				"up": {"uv": [2, 8.5, 4, 4.5], "rotation": 180, "texture": "#6"},
				"down": {"uv": [2, 8.5, 4, 4.5], "texture": "#6"}
			}
		},
		{
			"name": "cracks",
			"from": [6.2, 1.75, 8.9],
			"to": [8.2, 2.05, 9.9],
			"rotation": {"angle": -22.5, "axis": "y", "origin": [7.7, 4, 8.1]},
			"faces": {
				"north": {"uv": [0, 0, 0.5, 0.5], "rotation": 270, "texture": "#6"},
				"east": {"uv": [0.5, 0, 0, 0.5], "texture": "#6"},
				"south": {"uv": [0, 0, 0.5, 0.5], "rotation": 90, "texture": "#6"},
				"west": {"uv": [0.5, 0, 0, 0.5], "rotation": 180, "texture": "#6"},
				"up": {"uv": [2, 8.5, 4, 4.5], "rotation": 90, "texture": "#6"},
				"down": {"uv": [2, 8.5, 4, 4.5], "rotation": 90, "texture": "#6"}
			}
		},
		{
			"name": "cracks",
			"from": [6.75, 5, 7.85],
			"to": [7.75, 7, 8.15],
			"rotation": {"angle": 0, "axis": "y", "origin": [8, 4, 7.85]},
			"faces": {
				"north": {"uv": [4, 8.5, 2, 4.5], "texture": "#6"},
				"east": {"uv": [0, 0, 0.5, 0.5], "texture": "#6"},
				"south": {"uv": [2, 8.5, 4, 4.5], "texture": "#6"},
				"west": {"uv": [0, 0, 0.5, 0.5], "texture": "#6"},
				"up": {"uv": [0.5, 0, 0, 0.5], "texture": "#6"},
				"down": {"uv": [0.5, 0, 0, 0.5], "texture": "#6"}
			}
		},
		{
			"name": "cracks",
			"from": [6.75, 17, 7.85],
			"to": [7.75, 19, 8.15],
			"rotation": {"angle": 0, "axis": "y", "origin": [8, 16, 7.85]},
			"faces": {
				"north": {"uv": [2, 4.5, 4, 8.5], "texture": "#6"},
				"east": {"uv": [0, 0, 0.5, 0.5], "texture": "#6"},
				"south": {"uv": [4, 4.5, 2, 8.5], "texture": "#6"},
				"west": {"uv": [0, 0, 0.5, 0.5], "texture": "#6"},
				"up": {"uv": [0.5, 0, 0, 0.5], "texture": "#6"},
				"down": {"uv": [0.5, 0, 0, 0.5], "texture": "#6"}
			}
		},
		{
			"name": "cracks",
			"from": [6.75, 13, 7.85],
			"to": [7.75, 15, 8.15],
			"rotation": {"angle": 0, "axis": "y", "origin": [8, 12, 7.85]},
			"faces": {
				"north": {"uv": [2, 8.5, 4, 4.5], "texture": "#6"},
				"east": {"uv": [0, 0, 0.5, 0.5], "texture": "#6"},
				"south": {"uv": [4, 8.5, 2, 4.5], "texture": "#6"},
				"west": {"uv": [0, 0, 0.5, 0.5], "texture": "#6"},
				"up": {"uv": [0.5, 0, 0, 0.5], "texture": "#6"},
				"down": {"uv": [0.5, 0, 0, 0.5], "texture": "#6"}
			}
		},
		{
			"name": "cracks",
			"from": [6.75, 25, 7.85],
			"to": [7.75, 27, 8.15],
			"rotation": {"angle": 0, "axis": "y", "origin": [8, 24, 7.85]},
			"faces": {
				"north": {"uv": [2, 4.5, 4, 8.5], "texture": "#6"},
				"east": {"uv": [0, 0, 0.5, 0.5], "texture": "#6"},
				"south": {"uv": [4, 4.5, 2, 8.5], "texture": "#6"},
				"west": {"uv": [0, 0, 0.5, 0.5], "texture": "#6"},
				"up": {"uv": [0.5, 0, 0, 0.5], "texture": "#6"},
				"down": {"uv": [0.5, 0, 0, 0.5], "texture": "#6"}
			}
		},
		{
			"name": "cracks",
			"from": [6.75, 21, 7.85],
			"to": [7.75, 23, 8.15],
			"rotation": {"angle": 0, "axis": "y", "origin": [8, 20, 7.85]},
			"faces": {
				"north": {"uv": [4, 8.5, 2, 4.5], "texture": "#6"},
				"east": {"uv": [0, 0, 0.5, 0.5], "texture": "#6"},
				"south": {"uv": [2, 8.5, 4, 4.5], "texture": "#6"},
				"west": {"uv": [0, 0, 0.5, 0.5], "texture": "#6"},
				"up": {"uv": [0.5, 0, 0, 0.5], "texture": "#6"},
				"down": {"uv": [0.5, 0, 0, 0.5], "texture": "#6"}
			}
		},
		{
			"name": "cracks",
			"from": [6.75, 9, 7.85],
			"to": [7.75, 11, 8.15],
			"rotation": {"angle": 0, "axis": "y", "origin": [8, 8, 7.85]},
			"faces": {
				"north": {"uv": [4, 4.5, 2, 8.5], "texture": "#6"},
				"east": {"uv": [0, 0, 0.5, 0.5], "texture": "#6"},
				"south": {"uv": [2, 4.5, 4, 8.5], "texture": "#6"},
				"west": {"uv": [0, 0, 0.5, 0.5], "texture": "#6"},
				"up": {"uv": [0.5, 0, 0, 0.5], "texture": "#6"},
				"down": {"uv": [0.5, 0, 0, 0.5], "texture": "#6"}
			}
		},
		{
			"name": "eye",
			"from": [6.65, 7, 7.8],
			"to": [7.75, 9, 8.2],
			"rotation": {"angle": 0, "axis": "y", "origin": [8, 6, 7.85]},
			"faces": {
				"north": {"uv": [5.5, 0, 7.5, 4], "texture": "#6"},
				"east": {"uv": [5.5, 0, 6, 4], "texture": "#6"},
				"south": {"uv": [7.5, 0, 5.5, 4], "texture": "#6"},
				"west": {"uv": [8, 0, 9, 4], "texture": "#6"},
				"up": {"uv": [7.5, 0, 5.5, 0.5], "texture": "#6"},
				"down": {"uv": [7.5, 3.5, 5.5, 4], "texture": "#6"}
			}
		},
		{
			"name": "eye",
			"from": [7, -5.05, 7.55],
			"to": [8.5, -4.05, 8.45],
			"rotation": {"angle": 0, "axis": "y", "origin": [8.85, -6.1, 7.85]},
			"faces": {
				"north": {"uv": [9.5, 0, 12.5, 2], "texture": "#6"},
				"east": {"uv": [5.5, 0, 6, 4], "texture": "#6"},
				"south": {"uv": [12.5, 0, 9.5, 2], "texture": "#6"},
				"west": {"uv": [8, 0, 9, 4], "texture": "#6"},
				"up": {"uv": [7.5, 0, 5.5, 0.5], "texture": "#6"},
				"down": {"uv": [7.5, 3.5, 5.5, 4], "texture": "#6"}
			}
		},
		{
			"name": "eye",
			"from": [8.5, 1.1, 7.1],
			"to": [10, 2.1, 8.1],
			"rotation": {"angle": -45, "axis": "y", "origin": [9.85, 0.15, 7.35]},
			"faces": {
				"north": {"uv": [9.5, 0, 12.5, 2], "texture": "#6"},
				"east": {"uv": [10.5, 0, 12.5, 2], "texture": "#6"},
				"south": {"uv": [9.5, 0, 12.5, 2], "texture": "#6"},
				"west": {"uv": [9.5, 0, 11.5, 2], "texture": "#6"},
				"up": {"uv": [9.5, 0, 12.5, 2], "texture": "#6"},
				"down": {"uv": [9.5, 0, 12.5, 2], "texture": "#6"}
			}
		},
		{
			"name": "eye",
			"from": [5.3, 1.1, 7.25],
			"to": [6.3, 2.1, 8.75],
			"rotation": {"angle": 0, "axis": "y", "origin": [9.85, 0.15, 7.35]},
			"faces": {
				"north": {"uv": [9.5, 0, 11.5, 2], "texture": "#6"},
				"east": {"uv": [9.5, 0, 12.5, 2], "texture": "#6"},
				"south": {"uv": [10.5, 0, 12.5, 2], "texture": "#6"},
				"west": {"uv": [9.5, 0, 12.5, 2], "texture": "#6"},
				"up": {"uv": [9.5, 2, 12.5, 0], "rotation": 90, "texture": "#6"},
				"down": {"uv": [9.5, 0, 12.5, 2], "rotation": 270, "texture": "#6"}
			}
		},
		{
			"name": "eye",
			"from": [6.9, 1.1, 8.6],
			"to": [8.4, 2.1, 9.6],
			"rotation": {"angle": 22.5, "axis": "y", "origin": [9.55, 0.15, 7.6]},
			"faces": {
				"north": {"uv": [9.5, 0, 12.5, 2], "texture": "#6"},
				"east": {"uv": [10.5, 0, 12.5, 2], "texture": "#6"},
				"south": {"uv": [9.5, 0, 12.5, 2], "texture": "#6"},
				"west": {"uv": [9.5, 0, 11.5, 2], "texture": "#6"},
				"up": {"uv": [9.5, 2, 12.5, 0], "texture": "#6"},
				"down": {"uv": [9.5, 0, 12.5, 2], "texture": "#6"}
			}
		},
		{
			"name": "eye",
			"from": [7, -0.95, 7.55],
			"to": [8.5, 0.05, 8.45],
			"rotation": {"angle": 0, "axis": "y", "origin": [8.85, -1.9, 7.85]},
			"faces": {
				"north": {"uv": [9.5, 2, 12.5, 0], "texture": "#6"},
				"east": {"uv": [5.5, 2, 6, 4], "texture": "#6"},
				"south": {"uv": [12.5, 2, 9.5, 0], "texture": "#6"},
				"west": {"uv": [8, 0, 9, 4], "texture": "#6"},
				"up": {"uv": [7.5, 0, 5.5, 0.5], "texture": "#6"},
				"down": {"uv": [7.5, 3.5, 5.5, 4], "texture": "#6"}
			}
		},
		{
			"name": "eye",
			"from": [7, -3, 7.55],
			"to": [8.5, -2, 8.45],
			"rotation": {"angle": 0, "axis": "y", "origin": [8.85, -4, 7.85]},
			"faces": {
				"north": {"uv": [12.5, 0, 9.5, 2], "texture": "#6"},
				"east": {"uv": [5.5, 0.5, 6, 2.5], "texture": "#6"},
				"south": {"uv": [9.5, 0, 12.5, 2], "texture": "#6"},
				"west": {"uv": [8, 0, 9, 4], "texture": "#6"},
				"up": {"uv": [7.5, 0, 5.5, 0.5], "texture": "#6"},
				"down": {"uv": [7.5, 3.5, 5.5, 4], "texture": "#6"}
			}
		},
		{
			"name": "eye",
			"from": [6.65, 19, 7.8],
			"to": [7.75, 21, 8.2],
			"rotation": {"angle": 0, "axis": "y", "origin": [8, 18, 7.85]},
			"faces": {
				"north": {"uv": [7.5, 4.5, 5.5, 8.5], "texture": "#6"},
				"east": {"uv": [5.5, 4.5, 6, 8.5], "texture": "#6"},
				"south": {"uv": [5.5, 4.5, 7.5, 8.5], "texture": "#6"},
				"west": {"uv": [8, 4.5, 9, 8.5], "texture": "#6"},
				"up": {"uv": [7.5, 4.5, 5.5, 5], "texture": "#6"},
				"down": {"uv": [7.5, 8, 5.5, 8.5], "texture": "#6"}
			}
		},
		{
			"name": "eye",
			"from": [6.65, 23, 7.8],
			"to": [7.75, 25, 8.2],
			"rotation": {"angle": 0, "axis": "y", "origin": [8, 22, 7.85]},
			"faces": {
				"north": {"uv": [5.5, 0, 7.5, 4], "texture": "#6"},
				"east": {"uv": [5.5, 0, 6, 4], "texture": "#6"},
				"south": {"uv": [7.5, 0, 5.5, 4], "texture": "#6"},
				"west": {"uv": [8, 0, 9, 4], "texture": "#6"},
				"up": {"uv": [7.5, 0, 5.5, 0.5], "texture": "#6"},
				"down": {"uv": [7.5, 3.5, 5.5, 4], "texture": "#6"}
			}
		}
	],
	"display": {
		"thirdperson_righthand": {
			"rotation": [90, 90, -90],
			"translation": [0, 7.75, 1.75]
		},
		"thirdperson_lefthand": {
			"rotation": [160, 90, 15],
			"translation": [0, -12.75, 3]
		},
		"firstperson_righthand": {
			"rotation": [0, 79.5, 0],
			"translation": [8, 0, -8]
		},
		"firstperson_lefthand": {
			"rotation": [-17.57, 74.6, -165.66],
			"translation": [9.5, -8.5, -8]
		},
		"ground": {
			"translation": [-0.5, 11.25, -0.25]
		},
		"gui": {
			"rotation": [-142.92, -40.98, -117.18],
			"translation": [-1, 0, 0],
			"scale": [0.5, 0.5, 0.5]
		},
		"head": {
			"scale": [0, 0, 0]
		},
		"fixed": {
			"translation": [2.25, -7.5, -2.25],
			"scale": [2, 2, 2]
		}
	}
}