{
	"format_version": "1.21.6",
	"credit": "Made with Blockbench",
	"texture_size": [32, 32],
	"textures": {
		"0": "minecraft:demon_slayer/katana/giyu",
		"particle": "minecraft:demon_slayer/katana/giyu"
	},
	"elements": [
		{
			"from": [7, 2, 7.9],
			"to": [9, 29, 8.1],
			"rotation": {"angle": 0, "axis": "y", "origin": [1, 0, -0.5]},
			"faces": {
				"north": {"uv": [0, 1.5, 1, 15], "texture": "#0"},
				"east": {"uv": [0, 1.5, 0.5, 15], "texture": "#0"},
				"south": {"uv": [1, 1.5, 2, 15], "texture": "#0"},
				"west": {"uv": [0.5, 1.5, 1, 15], "texture": "#0"},
				"up": {"uv": [1, 1.5, 0, 2], "texture": "#0"},
				"down": {"uv": [1, 0, 0, 0], "texture": "#0"}
			}
		},
		{
			"from": [6.5, 1, 6],
			"to": [9.5, 2, 10],
			"rotation": {"angle": 0, "axis": "y", "origin": [1, 0, -0.5]},
			"faces": {
				"north": {"uv": [2.5, 3.5, 3, 4], "texture": "#0"},
				"east": {"uv": [2.5, 3.5, 3, 4], "texture": "#0"},
				"south": {"uv": [2.5, 3.5, 4, 4], "texture": "#0"},
				"west": {"uv": [2.5, 3.5, 3, 4], "texture": "#0"},
				"up": {"uv": [2.5, 3, 3, 3.5], "texture": "#0"},
				"down": {"uv": [2.5, 3, 3, 3.5], "texture": "#0"}
			}
		},
		{
			"from": [-1.37941, 1, 2.50243],
			"to": [1.44559, 2, 5.32743],
			"rotation": {"angle": 45, "axis": "y", "origin": [8.20059, 0, -1.84757]},
			"faces": {
				"north": {"uv": [6, 2, 7, 2.5], "texture": "#0"},
				"east": {"uv": [5, 2, 4.5, 2.5], "texture": "#0"},
				"south": {"uv": [5, 2, 4.5, 2.5], "texture": "#0"},
				"west": {"uv": [7, 2, 6, 2.5], "texture": "#0"},
				"up": {"uv": [7, 3, 6, 2], "rotation": 90, "texture": "#0"},
				"down": {"uv": [6, 3, 7, 2], "rotation": 90, "texture": "#0"}
			}
		},
		{
			"from": [6.85, 0.975, 6.5],
			"to": [9.15, 2.025, 9.5],
			"rotation": {"angle": 0, "axis": "y", "origin": [2.75, 0.5, 1.625]},
			"faces": {
				"north": {"uv": [0, 0, 0.5, 0.5], "texture": "#0"},
				"east": {"uv": [0, 0, 0.5, 0.5], "texture": "#0"},
				"south": {"uv": [0, 0, 0.5, 0.5], "texture": "#0"},
				"west": {"uv": [0, 0, 0.5, 0.5], "texture": "#0"},
				"up": {"uv": [4.5, 0, 6, 1.5], "rotation": 90, "texture": "#0"},
				"down": {"uv": [4.5, 0, 6, 1.5], "rotation": 90, "texture": "#0"}
			}
		},
		{
			"from": [0.96544, 0.999, 3.87682],
			"to": [3.08419, 2.019, 5.99557],
			"rotation": {"angle": 45, "axis": "y", "origin": [8.15044, 0.525, 0.61432]},
			"faces": {
				"north": {"uv": [0, 0, 0.5, 0.5], "texture": "#0"},
				"east": {"uv": [0, 0, 0.5, 0.5], "texture": "#0"},
				"south": {"uv": [0, 0, 0.5, 0.5], "texture": "#0"},
				"west": {"uv": [0, 0, 0.5, 0.5], "texture": "#0"},
				"up": {"uv": [2.5, 1, 3.5, 0], "rotation": 90, "texture": "#0"},
				"down": {"uv": [3.5, 1, 2.5, 0], "rotation": 90, "texture": "#0"}
			}
		},
		{
			"from": [3.21544, 0.999, 3.87682],
			"to": [5.33419, 2.019, 5.99557],
			"rotation": {"angle": 45, "axis": "y", "origin": [10.40044, 0.525, 0.61432]},
			"faces": {
				"north": {"uv": [0, 0, 0.5, 0.5], "texture": "#0"},
				"east": {"uv": [0, 0, 0.5, 0.5], "texture": "#0"},
				"south": {"uv": [0, 0, 0.5, 0.5], "texture": "#0"},
				"west": {"uv": [0, 0, 0.5, 0.5], "texture": "#0"},
				"up": {"uv": [3.5, 0, 2.5, 1], "rotation": 90, "texture": "#0"},
				"down": {"uv": [2.5, 0, 3.5, 1], "rotation": 90, "texture": "#0"}
			}
		},
		{
			"from": [14.55441, 1, 2.50243],
			"to": [17.37941, 2, 5.32743],
			"rotation": {"angle": -45, "axis": "y", "origin": [7.79941, 0, -1.84757]},
			"faces": {
				"north": {"uv": [7, 2, 6, 2.5], "texture": "#0"},
				"east": {"uv": [6, 2, 7, 2.5], "texture": "#0"},
				"south": {"uv": [5, 2, 4.5, 2.5], "texture": "#0"},
				"west": {"uv": [5, 2, 4.5, 2.5], "texture": "#0"},
				"up": {"uv": [7, 2, 6, 3], "rotation": 90, "texture": "#0"},
				"down": {"uv": [6, 2, 7, 3], "rotation": 90, "texture": "#0"}
			}
		},
		{
			"from": [8, 29, 7.9],
			"to": [9, 28, 8.1],
			"rotation": {"angle": 0, "axis": "y", "origin": [1, 0, -0.5]},
			"faces": {
				"north": {"uv": [0, 0, 0.5, 0.5], "texture": "#0"},
				"east": {"uv": [0, 0, 0.1, 0.5], "texture": "#0"},
				"south": {"uv": [0, 0, 0.5, 0.5], "texture": "#0"},
				"west": {"uv": [0, 2, 0.45, 2.5], "texture": "#0"},
				"up": {"uv": [0, 2, 0.5, 2.6], "texture": "#0"},
				"down": {"uv": [0, 0, 0.5, 0.6], "texture": "#0"}
			}
		},
		{
			"from": [6.95, -6.45, 7.6],
			"to": [9.05, -5.95, 8.4],
			"rotation": {"angle": 0, "axis": "y", "origin": [1, 0.05, -0.5]},
			"faces": {
				"north": {"uv": [15, 0, 16, 0.5], "texture": "#0"},
				"east": {"uv": [15, 0, 15.5, 0.5], "texture": "#0"},
				"south": {"uv": [16, 0, 15, 0.5], "texture": "#0"},
				"west": {"uv": [15.5, 0, 16, 0.5], "texture": "#0"},
				"up": {"uv": [16, 0, 15, 0.5], "texture": "#0"},
				"down": {"uv": [16, 0, 15, 0.5], "texture": "#0"}
			}
		},
		{
			"from": [7.45, -5.04289, 7.625],
			"to": [8.55, -3.94289, 8.375],
			"rotation": {"angle": 45, "axis": "z", "origin": [8, -4.49289, 8]},
			"faces": {
				"north": {"uv": [15, 2, 16, 1], "texture": "#0"},
				"east": {"uv": [0, 0, 1, 1], "texture": "#0"},
				"south": {"uv": [16, 2, 15, 1], "texture": "#0"},
				"west": {"uv": [0, 0, 1, 1], "texture": "#0"},
				"up": {"uv": [0.5, 0.5, 0, 0], "texture": "#0"},
				"down": {"uv": [0.5, 0, 0, 0.5], "texture": "#0"}
			}
		},
		{
			"from": [7.45, -3.04289, 7.625],
			"to": [8.55, -1.94289, 8.375],
			"rotation": {"angle": 45, "axis": "z", "origin": [8, -2.49289, 8]},
			"faces": {
				"north": {"uv": [15, 2, 16, 1], "texture": "#0"},
				"east": {"uv": [0, 0, 1, 1], "texture": "#0"},
				"south": {"uv": [16, 2, 15, 1], "texture": "#0"},
				"west": {"uv": [0, 0, 1, 1], "texture": "#0"},
				"up": {"uv": [0.5, 0.5, 0, 0], "texture": "#0"},
				"down": {"uv": [0.5, 0, 0, 0.5], "texture": "#0"}
			}
		},
		{
			"from": [7.45, -1.04289, 7.625],
			"to": [8.55, 0.05711, 8.375],
			"rotation": {"angle": 45, "axis": "z", "origin": [8, -0.49289, 8]},
			"faces": {
				"north": {"uv": [15, 2, 16, 1], "texture": "#0"},
				"east": {"uv": [0, 0, 1, 1], "texture": "#0"},
				"south": {"uv": [16, 2, 15, 1], "texture": "#0"},
				"west": {"uv": [0, 0, 1, 1], "texture": "#0"},
				"up": {"uv": [0.5, 0.5, 0, 0], "texture": "#0"},
				"down": {"uv": [0.5, 0, 0, 0.5], "texture": "#0"}
			}
		},
		{
			"from": [7, -5.95, 7.65],
			"to": [9, 1.05, 8.35],
			"rotation": {"angle": 0, "axis": "y", "origin": [1, 0.15, -0.5]},
			"faces": {
				"north": {"uv": [2.5, 12, 3.5, 15.5], "texture": "#0"},
				"east": {"uv": [2, 12, 2.5, 15.5], "texture": "#0"},
				"south": {"uv": [3.5, 12, 2.5, 15.5], "texture": "#0"},
				"west": {"uv": [3.5, 12, 4, 15.5], "texture": "#0"},
				"up": {"uv": [0.5, 0.5, 0, 0], "texture": "#0"},
				"down": {"uv": [0.5, 0, 0, 0.5], "texture": "#0"}
			}
		}
	],
	"display": {
		"thirdperson_righthand": {
			"rotation": [90, 90, -90],
			"translation": [0, 7.75, 1.75]
		},
		"thirdperson_lefthand": {
			"rotation": [160, 90, 15],
			"translation": [0, -12, 3]
		},
		"firstperson_righthand": {
			"rotation": [0, 79.5, 0],
			"translation": [8, 0, -8]
		},
		"firstperson_lefthand": {
			"rotation": [-17.57, 74.6, -165.66],
			"translation": [9.5, -7.5, -8]
		},
		"ground": {
			"translation": [-0.5, 11.25, -0.25]
		},
		"gui": {
			"rotation": [-142.92, -40.98, -117.18],
			"translation": [-0.5, -0.5, 0],
			"scale": [0.5, 0.5, 0.5]
		},
		"head": {
			"scale": [0, 0, 0]
		},
		"fixed": {
			"translation": [2.25, -7.5, -2.25],
			"scale": [2, 2, 2]
		}
	}
}