{
	"format_version": "1.21.6",
	"credit": "Made with Blockbench",
	"texture_size": [32, 32],
	"textures": {
		"0": "minecraft:demon_slayer/katana/tanjiro",
		"particle": "minecraft:demon_slayer/katana/tanjiro"
	},
	"elements": [
		{
			"from": [6.75368, 2, 7.89614],
			"to": [8.75368, 29, 8.09614],
			"rotation": {"angle": 0, "axis": "y", "origin": [0.75368, 0, -0.50386]},
			"faces": {
				"north": {"uv": [0, 1.5, 1, 15], "texture": "#0"},
				"east": {"uv": [0, 1.5, 0.5, 15], "texture": "#0"},
				"south": {"uv": [1, 1.5, 2, 15], "texture": "#0"},
				"west": {"uv": [0.5, 1.5, 1, 15], "texture": "#0"},
				"up": {"uv": [1, 1.5, 0, 2], "texture": "#0"},
				"down": {"uv": [1, 0, 0, 0], "texture": "#0"}
			}
		},
		{
			"from": [6.75368, 1, 6.99614],
			"to": [8.75368, 2, 8.99614],
			"rotation": {"angle": 0, "axis": "y", "origin": [0.75368, 0, -0.50386]},
			"faces": {
				"north": {"uv": [2.5, 0, 3.5, 1], "texture": "#0"},
				"east": {"uv": [2.5, 0, 3.5, 1], "texture": "#0"},
				"south": {"uv": [2.5, 0, 3.5, 1], "texture": "#0"},
				"west": {"uv": [2.5, 0, 3.5, 1], "texture": "#0"},
				"up": {"uv": [2.5, 0, 3.5, 1], "texture": "#0"},
				"down": {"uv": [2.5, 0, 3.5, 1], "texture": "#0"}
			}
		},
		{
			"from": [5.25368, 1, 5.49614],
			"to": [10.25368, 2, 10.49614],
			"rotation": {"angle": 0, "axis": "y", "origin": [-11.24632, 0.5, -0.50386]},
			"faces": {
				"north": {"uv": [4, 0, 6.5, 0.5], "texture": "#0"},
				"east": {"uv": [4, 0, 6.5, 0.5], "texture": "#0"},
				"south": {"uv": [4, 0, 6.5, 0.5], "texture": "#0"},
				"west": {"uv": [4, 0, 6.5, 0.5], "texture": "#0"},
				"up": {"uv": [2, 9.5, 4.5, 12], "texture": "#0"},
				"down": {"uv": [2, 9.5, 4.5, 12], "texture": "#0"}
			}
		},
		{
			"from": [7.75368, 1, 5.49614],
			"to": [7.75368, 2, 10.49614],
			"rotation": {"angle": 0, "axis": "y", "origin": [-6.74632, 0, -0.50386]},
			"faces": {
				"north": {"uv": [4, 0, 6.5, 0.5], "texture": "#0"},
				"east": {"uv": [4, 0, 6.5, 0.5], "texture": "#0"},
				"south": {"uv": [4, 0, 6.5, 0.5], "texture": "#0"},
				"west": {"uv": [4, 0, 6.5, 0.5], "texture": "#0"},
				"up": {"uv": [3.5, 5.5, 6, 8], "texture": "#0"},
				"down": {"uv": [3.5, 5.5, 6, 8], "texture": "#0"}
			}
		},
		{
			"from": [12.15368, 1, 0.39614],
			"to": [12.15368, 2, 5.79614],
			"rotation": {"angle": -22.5, "axis": "y", "origin": [-2.34632, 0, -5.50386]},
			"faces": {
				"north": {"uv": [4, 0, 6.5, 0.5], "texture": "#0"},
				"east": {"uv": [4, 0, 6.5, 0.5], "texture": "#0"},
				"south": {"uv": [4, 0, 6.5, 0.5], "texture": "#0"},
				"west": {"uv": [4, 0, 6.5, 0.5], "texture": "#0"},
				"up": {"uv": [3.5, 5.5, 6, 8], "texture": "#0"},
				"down": {"uv": [3.5, 5.5, 6, 8], "texture": "#0"}
			}
		},
		{
			"from": [3.35368, 1, 0.39614],
			"to": [3.35368, 2, 5.79614],
			"rotation": {"angle": 22.5, "axis": "y", "origin": [17.85368, 0, -5.50386]},
			"faces": {
				"north": {"uv": [6.5, 0, 4, 0.5], "texture": "#0"},
				"east": {"uv": [6.5, 0, 4, 0.5], "texture": "#0"},
				"south": {"uv": [6.5, 0, 4, 0.5], "texture": "#0"},
				"west": {"uv": [6.5, 0, 4, 0.5], "texture": "#0"},
				"up": {"uv": [6, 5.5, 3.5, 8], "texture": "#0"},
				"down": {"uv": [6, 5.5, 3.5, 8], "texture": "#0"}
			}
		},
		{
			"from": [5.06095, 1, 7.99355],
			"to": [10.46095, 2, 7.99355],
			"rotation": {"angle": 22.5, "axis": "y", "origin": [7.75368, 3, 7.99614]},
			"faces": {
				"north": {"uv": [6.5, 0, 4, 0.5], "texture": "#0"},
				"east": {"uv": [6.5, 0, 4, 0.5], "texture": "#0"},
				"south": {"uv": [6.5, 0, 4, 0.5], "texture": "#0"},
				"west": {"uv": [6.5, 0, 4, 0.5], "texture": "#0"},
				"up": {"uv": [6, 5.5, 3.5, 8], "rotation": 90, "texture": "#0"},
				"down": {"uv": [6, 5.5, 3.5, 8], "rotation": 270, "texture": "#0"}
			}
		},
		{
			"from": [5.04641, 1, 7.99355],
			"to": [10.44641, 2, 7.99355],
			"rotation": {"angle": -22.5, "axis": "y", "origin": [7.75368, 2, 7.99614]},
			"faces": {
				"north": {"uv": [4, 0, 6.5, 0.5], "texture": "#0"},
				"east": {"uv": [4, 0, 6.5, 0.5], "texture": "#0"},
				"south": {"uv": [4, 0, 6.5, 0.5], "texture": "#0"},
				"west": {"uv": [4, 0, 6.5, 0.5], "texture": "#0"},
				"up": {"uv": [6, 8, 3.5, 5.5], "rotation": 90, "texture": "#0"},
				"down": {"uv": [6, 8, 3.5, 5.5], "rotation": 270, "texture": "#0"}
			}
		},
		{
			"from": [18.00368, 1, -3.25386],
			"to": [18.00368, 2, 3.74614],
			"rotation": {"angle": -45, "axis": "y", "origin": [3.50368, 0, -8.25386]},
			"faces": {
				"north": {"uv": [4, 0, 6.5, 0.5], "texture": "#0"},
				"east": {"uv": [4, 0, 6.5, 0.5], "texture": "#0"},
				"south": {"uv": [4, 0, 6.5, 0.5], "texture": "#0"},
				"west": {"uv": [4, 0, 6.5, 0.5], "texture": "#0"},
				"up": {"uv": [3.5, 5.5, 6, 8], "texture": "#0"},
				"down": {"uv": [3.5, 5.5, 6, 8], "texture": "#0"}
			}
		},
		{
			"from": [14.50368, 1, 0.24614],
			"to": [21.50368, 2, 0.24614],
			"rotation": {"angle": -45, "axis": "y", "origin": [3.50368, 2, -8.25386]},
			"faces": {
				"north": {"uv": [4, 0, 6.5, 0.5], "texture": "#0"},
				"east": {"uv": [4, 0, 6.5, 0.5], "texture": "#0"},
				"south": {"uv": [4, 0, 6.5, 0.5], "texture": "#0"},
				"west": {"uv": [4, 0, 6.5, 0.5], "texture": "#0"},
				"up": {"uv": [3.5, 5.5, 6, 8], "rotation": 90, "texture": "#0"},
				"down": {"uv": [3.5, 5.5, 6, 8], "rotation": 270, "texture": "#0"}
			}
		},
		{
			"from": [5.25368, 1, 7.99614],
			"to": [10.25368, 2, 7.99614],
			"rotation": {"angle": 0, "axis": "y", "origin": [-6.74632, 0, -0.50386]},
			"faces": {
				"north": {"uv": [4, 0, 6.5, 0.5], "texture": "#0"},
				"east": {"uv": [4, 0, 6.5, 0.5], "texture": "#0"},
				"south": {"uv": [4, 0, 6.5, 0.5], "texture": "#0"},
				"west": {"uv": [4, 0, 6.5, 0.5], "texture": "#0"},
				"up": {"uv": [3.5, 5.5, 6, 8], "rotation": 90, "texture": "#0"},
				"down": {"uv": [3.5, 5.5, 6, 8], "rotation": 270, "texture": "#0"}
			}
		},
		{
			"from": [5.25368, 2, 5.49614],
			"to": [10.25368, 1, 10.49614],
			"rotation": {"angle": 0, "axis": "y", "origin": [0.75368, 0, -0.50386]},
			"faces": {
				"north": {"uv": [4, 0, 6.5, 0.5], "texture": "#0"},
				"east": {"uv": [4, 0, 6.5, 0.5], "texture": "#0"},
				"south": {"uv": [4, 0, 6.5, 0.5], "texture": "#0"},
				"west": {"uv": [4, 0, 6.5, 0.5], "texture": "#0"},
				"up": {"uv": [3.5, 5.5, 6, 8], "texture": "#0"},
				"down": {"uv": [3.5, 5.5, 6, 8], "texture": "#0"}
			}
		},
		{
			"from": [7.75368, 29, 7.89614],
			"to": [8.75368, 28, 8.09614],
			"rotation": {"angle": 0, "axis": "y", "origin": [0.75368, 0, -0.50386]},
			"faces": {
				"north": {"uv": [0, 0, 0.5, 0.5], "texture": "#0"},
				"east": {"uv": [0, 0, 0.1, 0.5], "texture": "#0"},
				"south": {"uv": [0, 0, 0.5, 0.5], "texture": "#0"},
				"west": {"uv": [0, 2, 0.45, 2.5], "texture": "#0"},
				"up": {"uv": [0, 2, 0.5, 2.6], "texture": "#0"},
				"down": {"uv": [0, 0, 0.5, 0.6], "texture": "#0"}
			}
		},
		{
			"from": [6.75, -5.7, 7.65],
			"to": [8.75, 1.3, 8.35],
			"rotation": {"angle": 0, "axis": "y", "origin": [0.75, 0.4, -0.5]},
			"faces": {
				"north": {"uv": [2.5, 12, 3.5, 15.5], "texture": "#0"},
				"east": {"uv": [2, 12, 2.5, 15.5], "texture": "#0"},
				"south": {"uv": [3.5, 12, 2.5, 15.5], "texture": "#0"},
				"west": {"uv": [3.5, 12, 4, 15.5], "texture": "#0"},
				"up": {"uv": [6, 0.5, 5.5, 0], "texture": "#0"},
				"down": {"uv": [0.5, 0, 0, 0.5], "texture": "#0"}
			}
		},
		{
			"from": [6.7, -6.2, 7.6],
			"to": [8.8, -5.7, 8.4],
			"rotation": {"angle": 0, "axis": "y", "origin": [0.75, 0.3, -0.5]},
			"faces": {
				"north": {"uv": [15, 0, 16, 0.5], "texture": "#0"},
				"east": {"uv": [15, 0, 15.5, 0.5], "texture": "#0"},
				"south": {"uv": [16, 0, 15, 0.5], "texture": "#0"},
				"west": {"uv": [15.5, 0, 16, 0.5], "texture": "#0"},
				"up": {"uv": [16, 0, 15, 0.5], "texture": "#0"},
				"down": {"uv": [16, 0, 15, 0.5], "texture": "#0"}
			}
		},
		{
			"from": [7.2, -0.79289, 7.625],
			"to": [8.3, 0.30711, 8.375],
			"rotation": {"angle": 45, "axis": "z", "origin": [7.75, -0.24289, 8]},
			"faces": {
				"north": {"uv": [15, 2, 16, 1], "texture": "#0"},
				"east": {"uv": [0, 0, 1, 1], "texture": "#0"},
				"south": {"uv": [16, 2, 15, 1], "texture": "#0"},
				"west": {"uv": [0, 0, 1, 1], "texture": "#0"},
				"up": {"uv": [0.5, 0.5, 0, 0], "texture": "#0"},
				"down": {"uv": [0.5, 0, 0, 0.5], "texture": "#0"}
			}
		},
		{
			"from": [7.2, -4.79289, 7.625],
			"to": [8.3, -3.69289, 8.375],
			"rotation": {"angle": 45, "axis": "z", "origin": [7.75, -4.24289, 8]},
			"faces": {
				"north": {"uv": [15, 2, 16, 1], "texture": "#0"},
				"east": {"uv": [0, 0, 1, 1], "texture": "#0"},
				"south": {"uv": [16, 2, 15, 1], "texture": "#0"},
				"west": {"uv": [0, 0, 1, 1], "texture": "#0"},
				"up": {"uv": [0.5, 0.5, 0, 0], "texture": "#0"},
				"down": {"uv": [0.5, 0, 0, 0.5], "texture": "#0"}
			}
		}
	],
	"display": {
		"thirdperson_righthand": {
			"rotation": [90, 90, -90],
			"translation": [0, 7.75, 1.75]
		},
		"thirdperson_lefthand": {
			"rotation": [160, 90, 15],
			"translation": [0, -12, 2.5]
		},
		"firstperson_righthand": {
			"rotation": [0, 79.5, 0],
			"translation": [8, 0.25, -8]
		},
		"firstperson_lefthand": {
			"rotation": [-17.57, 74.6, -165.66],
			"translation": [9.5, -9.5, -8]
		},
		"ground": {
			"translation": [-0.5, 12.25, -0.25]
		},
		"gui": {
			"rotation": [-142.92, -40.98, -117.18],
			"translation": [-1, 0, 0],
			"scale": [0.5, 0.5, 0.5]
		},
		"head": {
			"scale": [0, 0, 0]
		},
		"fixed": {
			"translation": [2.25, -7.5, -2.25],
			"scale": [2, 2, 2]
		}
	}
}