{
  "credit": "Made with Blockbench",
  "texture_size": [
    32,
    32
  ],
  "textures": {
    "0": "pelucias/hostile_mobs/overvorld/warden/warden/warden",
    "1": "pelucias/hostile_mobs/overvorld/warden/warden/warden",
    "particle": "pelucias/hostile_mobs/overvorld/warden/warden/warden"
  },
  "elements": [
    {
      "name": "head",
      "from": [
        0,
        13,
        0
      ],
      "to": [
        16,
        29,
        10
      ],
      "rotation": {
        "angle": 0,
        "axis": "y",
        "origin": [
          0,
          13,
          0
        ]
      },
      "faces": {
        "north": {
          "uv": [
            2.5,
            2.5,
            6.5,
            6.5
          ],
          "texture": "#0"
        },
        "east": {
          "uv": [
            0,
            2.5,
            2.5,
            6.5
          ],
          "texture": "#0"
        },
        "south": {
          "uv": [
            9,
            2.5,
            13,
            6.5
          ],
          "texture": "#0"
        },
        "west": {
          "uv": [
            6.5,
            2.5,
            9,
            6.5
          ],
          "texture": "#0"
        },
        "up": {
          "uv": [
            6.5,
            2.5,
            2.5,
            0
          ],
          "texture": "#0"
        },
        "down": {
          "uv": [
            10.5,
            0,
            6.5,
            2.5
          ],
          "texture": "#0"
        }
      }
    },
    {
      "name": "body",
      "from": [
        2,
        -1,
        1
      ],
      "to": [
        14,
        13,
        11
      ],
      "rotation": {
        "angle": 0,
        "axis": "y",
        "origin": [
          3,
          3,
          2
        ]
      },
      "faces": {
        "north": {
          "uv": [
            0,
            6.5,
            3,
            10
          ],
          "texture": "#0"
        },
        "east": {
          "uv": [
            6,
            6.5,
            8.5,
            10
          ],
          "texture": "#0"
        },
        "south": {
          "uv": [
            3,
            6.5,
            6,
            10
          ],
          "texture": "#0"
        },
        "west": {
          "uv": [
            8.5,
            6.5,
            11,
            10
          ],
          "texture": "#0"
        },
        "up": {
          "uv": [
            3,
            12.5,
            0,
            10
          ],
          "texture": "#0"
        },
        "down": {
          "uv": [
            6,
            10,
            3,
            12.5
          ],
          "texture": "#0"
        }
      }
    },
    {
      "name": "R_arm",
      "from": [
        11,
        -2,
        3.5
      ],
      "to": [
        16,
        13,
        8.5
      ],
      "rotation": {
        "angle": 22.5,
        "axis": "z",
        "origin": [
          12.5,
          12.5,
          5.5
        ]
      },
      "faces": {
        "north": {
          "uv": [
            6,
            10,
            7.25,
            13.75
          ],
          "texture": "#0"
        },
        "east": {
          "uv": [
            7.25,
            10,
            8.5,
            13.75
          ],
          "texture": "#0"
        },
        "south": {
          "uv": [
            8.5,
            10,
            9.75,
            13.75
          ],
          "texture": "#0"
        },
        "west": {
          "uv": [
            9.75,
            10,
            11,
            13.75
          ],
          "texture": "#0"
        },
        "up": {
          "uv": [
            1.25,
            13.75,
            0,
            12.5
          ],
          "texture": "#0"
        },
        "down": {
          "uv": [
            2.5,
            12.5,
            1.25,
            13.75
          ],
          "texture": "#0"
        }
      }
    },
    {
      "name": "L_arm",
      "from": [
        0,
        -2,
        3.5
      ],
      "to": [
        5,
        13,
        8.5
      ],
      "rotation": {
        "angle": -22.5,
        "axis": "z",
        "origin": [
          3.5,
          12.5,
          5.5
        ]
      },
      "faces": {
        "north": {
          "uv": [
            11,
            6.5,
            12.25,
            10.25
          ],
          "texture": "#0"
        },
        "east": {
          "uv": [
            11,
            10.25,
            12.25,
            14
          ],
          "texture": "#0"
        },
        "south": {
          "uv": [
            12.25,
            6.5,
            13.5,
            10.25
          ],
          "texture": "#0"
        },
        "west": {
          "uv": [
            12.25,
            10.25,
            13.5,
            14
          ],
          "texture": "#0"
        },
        "up": {
          "uv": [
            3.75,
            13.75,
            2.5,
            12.5
          ],
          "texture": "#0"
        },
        "down": {
          "uv": [
            5,
            12.5,
            3.75,
            13.75
          ],
          "texture": "#0"
        }
      }
    },
    {
      "name": "R leg",
      "from": [
        10.0001,
        -0.999,
        -3.53701
      ],
      "to": [
        13.0001,
        2.001,
        1.46299
      ],
      "rotation": {
        "angle": -22.5,
        "axis": "y",
        "origin": [
          11,
          7,
          3
        ]
      },
      "faces": {
        "north": {
          "uv": [
            13.5,
            6.75,
            14.25,
            7.5
          ],
          "texture": "#0"
        },
        "east": {
          "uv": [
            13,
            0,
            14.25,
            0.75
          ],
          "texture": "#0"
        },
        "south": {
          "uv": [
            13.5,
            7.5,
            14.25,
            8.25
          ],
          "texture": "#0"
        },
        "west": {
          "uv": [
            13,
            0.75,
            14.25,
            1.5
          ],
          "texture": "#0"
        },
        "up": {
          "uv": [
            5.75,
            13.75,
            5,
            12.5
          ],
          "texture": "#0"
        },
        "down": {
          "uv": [
            13.75,
            1.5,
            13,
            2.75
          ],
          "texture": "#0"
        }
      }
    },
    {
      "name": "L leg",
      "from": [
        2.9999,
        -0.999,
        -3.53701
      ],
      "to": [
        5.9999,
        2.001,
        1.46299
      ],
      "rotation": {
        "angle": 22.5,
        "axis": "y",
        "origin": [
          5,
          7,
          3
        ]
      },
      "faces": {
        "north": {
          "uv": [
            13.5,
            8.25,
            14.25,
            9
          ],
          "texture": "#0"
        },
        "east": {
          "uv": [
            13,
            2.75,
            14.25,
            3.5
          ],
          "texture": "#0"
        },
        "south": {
          "uv": [
            13.5,
            9,
            14.25,
            9.75
          ],
          "texture": "#0"
        },
        "west": {
          "uv": [
            13,
            3.5,
            14.25,
            4.25
          ],
          "texture": "#0"
        },
        "up": {
          "uv": [
            13.75,
            5.5,
            13,
            4.25
          ],
          "texture": "#0"
        },
        "down": {
          "uv": [
            14.25,
            5.5,
            13.5,
            6.75
          ],
          "texture": "#0"
        }
      }
    },
    {
      "name": "right_tendril",
      "from": [
        -10,
        22,
        6
      ],
      "to": [
        0,
        32,
        6
      ],
      "rotation": {
        "angle": 0,
        "axis": "y",
        "origin": [
          -16,
          22,
          6
        ]
      },
      "faces": {
        "north": {
          "uv": [
            0,
            0,
            5,
            5
          ],
          "texture": "#1"
        },
        "east": {
          "uv": [
            0,
            0,
            0,
            5
          ],
          "texture": "#1"
        },
        "south": {
          "uv": [
            5,
            0,
            10,
            5
          ],
          "texture": "#1"
        },
        "west": {
          "uv": [
            5,
            0,
            5,
            5
          ],
          "texture": "#1"
        },
        "up": {
          "uv": [
            5,
            0,
            0,
            0
          ],
          "texture": "#1"
        },
        "down": {
          "uv": [
            10,
            0,
            5,
            0
          ],
          "texture": "#1"
        }
      }
    },
    {
      "name": "left_tendril",
      "from": [
        16,
        22,
        6
      ],
      "to": [
        26,
        32,
        6
      ],
      "rotation": {
        "angle": 0,
        "axis": "y",
        "origin": [
          16,
          22,
          6
        ]
      },
      "faces": {
        "north": {
          "uv": [
            5,
            0,
            0,
            5
          ],
          "texture": "#1"
        },
        "east": {
          "uv": [
            0,
            0,
            0,
            5
          ],
          "texture": "#1"
        },
        "south": {
          "uv": [
            0,
            0,
            5,
            5
          ],
          "texture": "#1"
        },
        "west": {
          "uv": [
            5,
            0,
            5,
            5
          ],
          "texture": "#1"
        },
        "up": {
          "uv": [
            5,
            0,
            0,
            0
          ],
          "texture": "#1"
        },
        "down": {
          "uv": [
            10,
            0,
            5,
            0
          ],
          "texture": "#1"
        }
      }
    }
  ],
  "display": {
    "thirdperson_righthand": {
      "rotation": [
        45,
        0,
        0
      ],
      "translation": [
        0,
        -0.5,
        -1.25
      ],
      "scale": [
        0.4,
        0.4,
        0.4
      ]
    },
    "thirdperson_lefthand": {
      "rotation": [
        45,
        0,
        0
      ],
      "translation": [
        0,
        -1.25,
        -2
      ],
      "scale": [
        0.4,
        0.4,
        0.4
      ]
    },
    "firstperson_righthand": {
      "rotation": [
        -6,
        130,
        6
      ],
      "translation": [
        1.25,
        3.25,
        0
      ],
      "scale": [
        0.33,
        0.33,
        0.33
      ]
    },
    "firstperson_lefthand": {
      "rotation": [
        -6,
        130,
        6
      ],
      "translation": [
        2.5,
        3.25,
        0
      ],
      "scale": [
        0.35,
        0.35,
        0.35
      ]
    },
    "ground": {
      "translation": [
        0,
        6,
        0
      ],
      "scale": [
        0.45,
        0.45,
        0.45
      ]
    },
    "gui": {
      "rotation": [
        0,
        180,
        0
      ],
      "translation": [
        0,
        -3.25,
        0
      ],
      "scale": [
        0.45,
        0.45,
        0.45
      ]
    },
    "head": {
      "translation": [
        0,
        13.5,
        3
      ],
      "scale": [
        0.8,
        0.8,
        0.8
      ]
    },
    "fixed": {
      "rotation": [
        -90,
        0,
        0
      ],
      "translation": [
        0,
        7,
        -13.5
      ],
      "scale": [
        1.5,
        1.5,
        1.5
      ]
    }
  },
  "groups": [
    {
      "name": "body",
      "origin": [
        5,
        7,
        3
      ],
      "color": 0,
      "children": [
        0,
        1,
        2,
        3,
        4,
        5
      ]
    },
    {
      "name": "tendrils",
      "origin": [
        16,
        22,
        5
      ],
      "color": 0,
      "children": [
        6,
        7
      ]
    }
  ]
}