{
	"format_version": "1.21.6",
	"credit": "Made with Blockbench",
	"texture_size": [32, 32],
	"textures": {
		"0": "minecraft:demon_slayer/katana/kyojuro",
		"particle": "minecraft:demon_slayer/katana/kyojuro"
	},
	"elements": [
		{
			"from": [6.5, 2, 7.9],
			"to": [8.5, 29, 8.1],
			"rotation": {"angle": 0, "axis": "y", "origin": [0.5, 0, -0.5]},
			"faces": {
				"north": {"uv": [0, 1.5, 1, 15], "texture": "#0"},
				"east": {"uv": [0, 1.5, 0.5, 15], "texture": "#0"},
				"south": {"uv": [1, 1.5, 2, 15], "texture": "#0"},
				"west": {"uv": [0.5, 1.5, 1, 15], "texture": "#0"},
				"up": {"uv": [1, 1.5, 0, 2], "texture": "#0"},
				"down": {"uv": [1, 0, 0, 0], "texture": "#0"}
			}
		},
		{
			"from": [7.5, 29, 7.9],
			"to": [8.5, 28, 8.1],
			"rotation": {"angle": 0, "axis": "y", "origin": [0.5, 0, -0.5]},
			"faces": {
				"north": {"uv": [0, 0, 0.5, 0.5], "texture": "#0"},
				"east": {"uv": [0, 0, 0.1, 0.5], "texture": "#0"},
				"south": {"uv": [0, 0, 0.5, 0.5], "texture": "#0"},
				"west": {"uv": [0, 2, 0.6, 2.5], "texture": "#0"},
				"up": {"uv": [0, 2, 0.5, 2.6], "texture": "#0"},
				"down": {"uv": [0, 0, 0.5, 0.6], "texture": "#0"}
			}
		},
		{
			"from": [6.5, -6.1, 7.65],
			"to": [8.5, 1.1, 8.35],
			"rotation": {"angle": 0, "axis": "y", "origin": [0.5, 0, -0.5]},
			"faces": {
				"north": {"uv": [2.5, 5.5, 3.5, 9], "texture": "#0"},
				"east": {"uv": [2, 5.5, 2.5, 9], "texture": "#0"},
				"south": {"uv": [2.5, 5.5, 3.5, 9], "texture": "#0"},
				"west": {"uv": [3.5, 5.5, 4, 9], "texture": "#0"},
				"up": {"uv": [6, 0.5, 5.5, 0], "texture": "#0"},
				"down": {"uv": [6, 0.5, 5.5, 1], "texture": "#0"}
			}
		},
		{
			"from": [6.45, -6.5, 7.6],
			"to": [8.55, -6, 8.4],
			"rotation": {"angle": 0, "axis": "y", "origin": [0.5, 0, -0.5]},
			"faces": {
				"north": {"uv": [15, 0, 16, 0.5], "texture": "#0"},
				"east": {"uv": [15, 0, 15.5, 0.5], "texture": "#0"},
				"south": {"uv": [16, 0, 15, 0.5], "texture": "#0"},
				"west": {"uv": [15.5, 0, 16, 0.5], "texture": "#0"},
				"up": {"uv": [16, 0, 15, 0.5], "texture": "#0"},
				"down": {"uv": [16, 0, 15, 0.5], "texture": "#0"}
			}
		},
		{
			"from": [6.5, 1, 10.5],
			"to": [7.5, 2, 11.5],
			"rotation": {"angle": 0, "axis": "y", "origin": [-1.5, 0, 0.5]},
			"faces": {
				"north": {"uv": [0, 0, 0.5, 0.5], "rotation": 90, "texture": "#0"},
				"east": {"uv": [9, 14, 9.5, 14.5], "rotation": 90, "texture": "#0"},
				"south": {"uv": [9, 14, 9.5, 14.5], "rotation": 90, "texture": "#0"},
				"west": {"uv": [9, 14, 9.5, 14.5], "rotation": 90, "texture": "#0"},
				"up": {"uv": [9, 14, 9.5, 14.5], "rotation": 90, "texture": "#0"},
				"down": {"uv": [9, 14, 9.5, 14.5], "rotation": 90, "texture": "#0"}
			}
		},
		{
			"from": [10.5, 1, 7.5],
			"to": [11.5, 2, 8.5],
			"rotation": {"angle": 0, "axis": "y", "origin": [2.5, 0, -2.5]},
			"faces": {
				"north": {"uv": [7.5, 12, 8, 12.5], "rotation": 90, "texture": "#0"},
				"east": {"uv": [7.5, 12, 8, 12.5], "rotation": 90, "texture": "#0"},
				"south": {"uv": [7.5, 12, 8, 12.5], "rotation": 90, "texture": "#0"},
				"west": {"uv": [0, 0, 0.5, 0.5], "rotation": 90, "texture": "#0"},
				"up": {"uv": [7.5, 12, 8, 12.5], "rotation": 90, "texture": "#0"},
				"down": {"uv": [7.5, 12, 8, 12.5], "rotation": 90, "texture": "#0"}
			}
		},
		{
			"from": [9.5, 2, 8.5],
			"to": [10.5, 1, 9.5],
			"rotation": {"angle": 0, "axis": "y", "origin": [1.5, 2, -1.5]},
			"faces": {
				"north": {"uv": [7.5, 12.5, 8, 13], "rotation": 90, "texture": "#0"},
				"east": {"uv": [0, 0, 0.5, 0.5], "rotation": 90, "texture": "#0"},
				"south": {"uv": [7.5, 12, 8, 12.5], "rotation": 90, "texture": "#0"},
				"west": {"uv": [8, 13, 8.5, 13.5], "rotation": 90, "texture": "#0"},
				"up": {"uv": [0, 0, 0.5, 0.5], "rotation": 90, "texture": "#0"},
				"down": {"uv": [0, 0, 0.5, 0.5], "rotation": 90, "texture": "#0"}
			}
		},
		{
			"from": [9.5, 2, 5.5],
			"to": [10.5, 1, 6.5],
			"rotation": {"angle": 0, "axis": "y", "origin": [1.5, 2, -4.5]},
			"faces": {
				"north": {"uv": [0, 0, 0.5, 0.5], "rotation": 90, "texture": "#0"},
				"east": {"uv": [0, 0, 0.5, 0.5], "rotation": 90, "texture": "#0"},
				"south": {"uv": [7.5, 12, 8, 12.5], "rotation": 90, "texture": "#0"},
				"west": {"uv": [6.5, 13, 7, 13.5], "rotation": 90, "texture": "#0"},
				"up": {"uv": [0, 0, 0.5, 0.5], "rotation": 90, "texture": "#0"},
				"down": {"uv": [0, 0, 0.5, 0.5], "rotation": 90, "texture": "#0"}
			}
		},
		{
			"from": [7.5, 1, 4.5],
			"to": [8.5, 2, 5.5],
			"rotation": {"angle": 0, "axis": "y", "origin": [-0.5, 0, -5.5]},
			"faces": {
				"north": {"uv": [6, 13.5, 6.5, 14], "rotation": 90, "texture": "#0"},
				"east": {"uv": [6, 13.5, 6.5, 14], "rotation": 90, "texture": "#0"},
				"south": {"uv": [0, 0, 0.5, 0.5], "rotation": 90, "texture": "#0"},
				"west": {"uv": [6, 13.5, 6.5, 14], "rotation": 90, "texture": "#0"},
				"up": {"uv": [6, 13.5, 6.5, 14], "rotation": 90, "texture": "#0"},
				"down": {"uv": [6, 13.5, 6.5, 14], "rotation": 90, "texture": "#0"}
			}
		},
		{
			"from": [4.5, 1, 5.5],
			"to": [10.5, 2, 10.5],
			"rotation": {"angle": 0, "axis": "y", "origin": [0.5, 0, -0.5]},
			"faces": {
				"north": {"uv": [6.5, 12.5, 7, 15.5], "rotation": 270, "texture": "#0"},
				"east": {"uv": [6.5, 12.5, 9, 13], "rotation": 180, "texture": "#0"},
				"south": {"uv": [8.5, 12.5, 9, 15.5], "rotation": 90, "texture": "#0"},
				"west": {"uv": [6.5, 15, 9, 15.5], "texture": "#0"},
				"up": {"uv": [6.5, 12.5, 9, 15.5], "rotation": 90, "texture": "#0"},
				"down": {"uv": [9, 12.5, 6.5, 15.5], "rotation": 90, "texture": "#0"}
			}
		},
		{
			"from": [4.5, 2, 5.5],
			"to": [5.5, 1, 6.5],
			"rotation": {"angle": 0, "axis": "y", "origin": [-3.5, 1.1, -4.5]},
			"faces": {
				"north": {"uv": [0, 0, 0.5, 0.5], "rotation": 90, "texture": "#0"},
				"east": {"uv": [8.5, 14.5, 9, 15], "rotation": 90, "texture": "#0"},
				"south": {"uv": [7, 15, 7.5, 15.5], "rotation": 90, "texture": "#0"},
				"west": {"uv": [0, 0, 0.5, 0.5], "rotation": 90, "texture": "#0"},
				"up": {"uv": [0, 0, 0.5, 0.5], "rotation": 90, "texture": "#0"},
				"down": {"uv": [0, 0, 0.5, 0.5], "rotation": 90, "texture": "#0"}
			}
		},
		{
			"from": [4.5, 2, 9.5],
			"to": [5.5, 1, 10.5],
			"rotation": {"angle": 0, "axis": "y", "origin": [-3.5, 2, -0.5]},
			"faces": {
				"north": {"uv": [8, 15, 8.5, 15.5], "rotation": 90, "texture": "#0"},
				"east": {"uv": [8.5, 14.5, 9, 15], "rotation": 90, "texture": "#0"},
				"south": {"uv": [0, 0, 0.5, 0.5], "rotation": 90, "texture": "#0"},
				"west": {"uv": [0, 0, 0.5, 0.5], "rotation": 90, "texture": "#0"},
				"up": {"uv": [0, 0, 0.5, 0.5], "rotation": 90, "texture": "#0"},
				"down": {"uv": [0, 0, 0.5, 0.5], "rotation": 90, "texture": "#0"}
			}
		}
	],
	"display": {
		"thirdperson_righthand": {
			"rotation": [90, 90, -90],
			"translation": [0, 7.75, 1.75]
		},
		"thirdperson_lefthand": {
			"rotation": [160, 90, 15],
			"translation": [0, -12, 2.5]
		},
		"firstperson_righthand": {
			"rotation": [0, 79.5, 0],
			"translation": [8, 0.25, -8]
		},
		"firstperson_lefthand": {
			"rotation": [0, -80, 0],
			"translation": [8, 0, -8]
		},
		"ground": {
			"translation": [-0.5, 11.25, -0.25]
		},
		"gui": {
			"rotation": [-142.92, -40.98, -117.18],
			"translation": [-1, 0, 0],
			"scale": [0.5, 0.5, 0.5]
		},
		"head": {
			"scale": [0, 0, 0]
		},
		"fixed": {
			"translation": [2.25, -7.5, -2.25],
			"scale": [2, 2, 2]
		}
	},
	"groups": [
		0,
		1,
		2,
		3,
		{
			"name": "tsuba2",
			"origin": [8.5, 8, 8],
			"color": 0,
			"children": [4, 5, 6, 7, 8, 9, 10, 11]
		}
	]
}