{
  "credit": "Made with Blockbench",
  "textures": {
    "1": "pelucias/secret_plushies/rainbow_creeper/rainbow_creeper/creeper1",
    "2": "pelucias/secret_plushies/rainbow_creeper/rainbow_creeper/creeper1",
    "3": "pelucias/secret_plushies/rainbow_creeper/rainbow_creeper/creeper1",
    "particle": "pelucias/secret_plushies/rainbow_creeper/rainbow_creeper/creeper1"
  },
  "elements": [
    {
      "name": "L leg 1",
      "from": [
        4.999,
        6,
        3.2
      ],
      "to": [
        6.999,
        8,
        6.2
      ],
      "rotation": {
        "angle": 0,
        "axis": "y",
        "origin": [
          6,
          7,
          6
        ]
      },
      "faces": {
        "north": {
          "uv": [
            1.94,
            4.06,
            0.06,
            5.94
          ],
          "texture": "#1"
        },
        "east": {
          "uv": [
            2.94,
            2.06,
            0.06,
            3.94
          ],
          "texture": "#1"
        },
        "south": {
          "uv": [
            5.06,
            0.06,
            6.94,
            1.94
          ],
          "texture": "#1"
        },
        "west": {
          "uv": [
            2.94,
            0.06,
            0.06,
            1.94
          ],
          "texture": "#1"
        },
        "up": {
          "uv": [
            3.06,
            2.94,
            4.94,
            0.06
          ],
          "texture": "#1"
        },
        "down": {
          "uv": [
            3.06,
            3.06,
            4.94,
            5.94
          ],
          "texture": "#1"
        }
      }
    },
    {
      "name": "R leg 1",
      "from": [
        9.001,
        6,
        3.2
      ],
      "to": [
        11.001,
        8,
        6.2
      ],
      "rotation": {
        "angle": 0,
        "axis": "y",
        "origin": [
          10,
          7,
          6
        ]
      },
      "faces": {
        "north": {
          "uv": [
            0.06,
            4.06,
            1.94,
            5.94
          ],
          "texture": "#1"
        },
        "east": {
          "uv": [
            0.06,
            0.06,
            2.94,
            1.94
          ],
          "texture": "#1"
        },
        "south": {
          "uv": [
            5.06,
            0.06,
            6.94,
            1.94
          ],
          "texture": "#1"
        },
        "west": {
          "uv": [
            0.06,
            2.06,
            2.94,
            3.94
          ],
          "texture": "#1"
        },
        "up": {
          "uv": [
            4.94,
            2.94,
            3.06,
            0.06
          ],
          "texture": "#1"
        },
        "down": {
          "uv": [
            4.94,
            3.06,
            3.06,
            5.94
          ],
          "texture": "#1"
        }
      }
    },
    {
      "name": "L leg 2",
      "from": [
        2,
        6.001,
        8
      ],
      "to": [
        5,
        8.001,
        10
      ],
      "rotation": {
        "angle": -45,
        "axis": "y",
        "origin": [
          5,
          7,
          10
        ]
      },
      "faces": {
        "north": {
          "uv": [
            2.94,
            2.06,
            0.06,
            3.94
          ],
          "texture": "#1"
        },
        "east": {
          "uv": [
            6.94,
            0.06,
            5.06,
            1.94
          ],
          "texture": "#1"
        },
        "south": {
          "uv": [
            2.94,
            0.06,
            0.06,
            1.94
          ],
          "texture": "#1"
        },
        "west": {
          "uv": [
            1.94,
            4.06,
            0.06,
            5.94
          ],
          "texture": "#1"
        },
        "up": {
          "uv": [
            4.94,
            0.06,
            3.06,
            2.94
          ],
          "rotation": 90,
          "texture": "#1"
        },
        "down": {
          "uv": [
            4.94,
            5.94,
            3.06,
            3.06
          ],
          "rotation": 270,
          "texture": "#1"
        }
      }
    },
    {
      "name": "R leg 2",
      "from": [
        11,
        6.001,
        8
      ],
      "to": [
        14,
        8.001,
        10
      ],
      "rotation": {
        "angle": 45,
        "axis": "y",
        "origin": [
          11,
          7,
          10
        ]
      },
      "faces": {
        "north": {
          "uv": [
            0.06,
            2.06,
            2.94,
            3.94
          ],
          "texture": "#1"
        },
        "east": {
          "uv": [
            0.06,
            4.06,
            1.94,
            5.94
          ],
          "texture": "#1"
        },
        "south": {
          "uv": [
            0.06,
            0.06,
            2.94,
            1.94
          ],
          "texture": "#1"
        },
        "west": {
          "uv": [
            5.06,
            0.06,
            6.94,
            1.94
          ],
          "texture": "#1"
        },
        "up": {
          "uv": [
            3.06,
            0.06,
            4.94,
            2.94
          ],
          "rotation": 270,
          "texture": "#1"
        },
        "down": {
          "uv": [
            4.94,
            3.06,
            3.06,
            5.94
          ],
          "rotation": 270,
          "texture": "#1"
        }
      }
    },
    {
      "name": "body",
      "from": [
        5,
        6.5,
        6
      ],
      "to": [
        11,
        13.5,
        10
      ],
      "rotation": {
        "angle": -22.5,
        "axis": "x",
        "origin": [
          8,
          6,
          7
        ]
      },
      "faces": {
        "north": {
          "uv": [
            9.06,
            2.06,
            10.5,
            5.5
          ],
          "texture": "#3"
        },
        "east": {
          "uv": [
            8.06,
            2.06,
            8.94,
            5.5
          ],
          "texture": "#3"
        },
        "south": {
          "uv": [
            11.5,
            2.06,
            12.94,
            5.5
          ],
          "texture": "#3"
        },
        "west": {
          "uv": [
            10.5,
            2.06,
            11.5,
            5.5
          ],
          "texture": "#3"
        },
        "up": {
          "uv": [
            10.5,
            1.94,
            9.06,
            0.06
          ],
          "texture": "#3"
        },
        "down": {
          "uv": [
            11.94,
            0.06,
            10.5,
            1.94
          ],
          "texture": "#3"
        }
      }
    },
    {
      "name": "head",
      "from": [
        4,
        12.5,
        1.5
      ],
      "to": [
        12,
        20.5,
        9.5
      ],
      "rotation": {
        "angle": 0,
        "axis": "y",
        "origin": [
          8,
          16,
          8
        ]
      },
      "faces": {
        "north": {
          "uv": [
            2.06,
            4.06,
            3.94,
            7.94
          ],
          "texture": "#3"
        },
        "east": {
          "uv": [
            0.06,
            4.06,
            1.94,
            7.94
          ],
          "texture": "#3"
        },
        "south": {
          "uv": [
            6.06,
            4.06,
            7.94,
            7.94
          ],
          "texture": "#3"
        },
        "west": {
          "uv": [
            4.06,
            4.06,
            5.94,
            7.94
          ],
          "texture": "#3"
        },
        "up": {
          "uv": [
            3.94,
            3.94,
            2.06,
            0.06
          ],
          "texture": "#3"
        },
        "down": {
          "uv": [
            5.94,
            0.06,
            4.06,
            3.94
          ],
          "texture": "#3"
        }
      }
    },
    {
      "from": [
        5,
        16.5,
        1
      ],
      "to": [
        7,
        18.5,
        3
      ],
      "faces": {
        "north": {
          "uv": [
            0.06,
            0.06,
            1.94,
            1.94
          ],
          "texture": "#2"
        },
        "east": {
          "uv": [
            0.06,
            2.06,
            1.94,
            3.94
          ],
          "texture": "#2"
        },
        "south": {
          "uv": [
            2.06,
            0.06,
            3.94,
            1.94
          ],
          "texture": "#2"
        },
        "west": {
          "uv": [
            2.06,
            2.06,
            3.94,
            3.94
          ],
          "texture": "#2"
        },
        "up": {
          "uv": [
            1.94,
            5.94,
            0.06,
            4.06
          ],
          "texture": "#2"
        },
        "down": {
          "uv": [
            5.94,
            0.06,
            4.06,
            1.94
          ],
          "texture": "#2"
        }
      }
    },
    {
      "from": [
        9,
        16.5,
        1
      ],
      "to": [
        11,
        18.5,
        3
      ],
      "faces": {
        "north": {
          "uv": [
            2.06,
            4.06,
            3.94,
            5.94
          ],
          "texture": "#2"
        },
        "east": {
          "uv": [
            4.06,
            2.06,
            5.94,
            3.94
          ],
          "texture": "#2"
        },
        "south": {
          "uv": [
            4.06,
            4.06,
            5.94,
            5.94
          ],
          "texture": "#2"
        },
        "west": {
          "uv": [
            0.06,
            6.06,
            1.94,
            7.94
          ],
          "texture": "#2"
        },
        "up": {
          "uv": [
            7.94,
            1.94,
            6.06,
            0.06
          ],
          "texture": "#2"
        },
        "down": {
          "uv": [
            3.94,
            6.06,
            2.06,
            7.94
          ],
          "texture": "#2"
        }
      }
    }
  ],
  "gui_light": "front",
  "display": {
    "thirdperson_righthand": {
      "rotation": [
        45,
        0,
        0
      ],
      "translation": [
        0,
        -1.25,
        -1.25
      ],
      "scale": [
        0.51,
        0.51,
        0.51
      ]
    },
    "thirdperson_lefthand": {
      "rotation": [
        45,
        0,
        0
      ],
      "translation": [
        0,
        -1.25,
        -1.25
      ],
      "scale": [
        0.51,
        0.51,
        0.51
      ]
    },
    "firstperson_righthand": {
      "rotation": [
        -6,
        130,
        6
      ],
      "translation": [
        3,
        1.25,
        0
      ],
      "scale": [
        0.5,
        0.5,
        0.5
      ]
    },
    "firstperson_lefthand": {
      "rotation": [
        -6,
        130,
        6
      ],
      "translation": [
        3,
        1.25,
        0
      ],
      "scale": [
        0.5,
        0.5,
        0.5
      ]
    },
    "ground": {
      "scale": [
        0.6,
        0.6,
        0.6
      ]
    },
    "gui": {
      "rotation": [
        0,
        180,
        0
      ],
      "translation": [
        0,
        -4.75,
        0
      ],
      "scale": [
        0.9,
        0.9,
        0.9
      ]
    },
    "head": {
      "translation": [
        0,
        9,
        0
      ]
    },
    "fixed": {
      "rotation": [
        -90,
        0,
        0
      ],
      "translation": [
        0,
        0,
        -4
      ],
      "scale": [
        2,
        2,
        2
      ]
    }
  },
  "groups": [
    {
      "name": "group",
      "origin": [
        8,
        16,
        8
      ],
      "color": 0,
      "children": [
        0,
        1,
        2,
        3,
        4,
        5
      ]
    },
    {
      "name": "group",
      "origin": [
        8,
        8,
        8
      ],
      "color": 0,
      "children": [
        6,
        7
      ]
    }
  ]
}