{
  "credit": "Made with Blockbench",
  "textures": {
    "0": "pelucias/secret_plushies/spikypeach/spikypeach/spikypeachplushie",
    "1": "pelucias/secret_plushies/spikypeach/spikypeach/spikypeachplushie",
    "2": "pelucias/secret_plushies/spikypeach/spikypeach/spikypeachplushie",
    "3": "pelucias/secret_plushies/spikypeach/spikypeach/spikypeachplushie",
    "particle": "pelucias/secret_plushies/spikypeach/spikypeach/spikypeachplushie"
  },
  "elements": [
    {
      "name": "head",
      "from": [
        4,
        13,
        4
      ],
      "to": [
        12,
        21,
        12
      ],
      "rotation": {
        "angle": 0,
        "axis": "y",
        "origin": [
          4,
          3,
          4
        ]
      },
      "faces": {
        "north": {
          "uv": [
            0.032,
            0.032,
            3.968,
            3.968
          ],
          "texture": "#0"
        },
        "east": {
          "uv": [
            0.032,
            4.032,
            3.968,
            7.968
          ],
          "texture": "#0"
        },
        "south": {
          "uv": [
            4.032,
            0.032,
            7.968,
            3.968
          ],
          "texture": "#0"
        },
        "west": {
          "uv": [
            4.032,
            4.032,
            7.968,
            7.968
          ],
          "texture": "#0"
        },
        "up": {
          "uv": [
            3.968,
            11.968,
            0.032,
            8.032
          ],
          "texture": "#0"
        },
        "down": {
          "uv": [
            11.968,
            0.032,
            8.032,
            3.968
          ],
          "texture": "#0"
        }
      }
    },
    {
      "name": "body",
      "from": [
        5,
        6,
        6
      ],
      "to": [
        11,
        13,
        10
      ],
      "rotation": {
        "angle": 0,
        "axis": "y",
        "origin": [
          8,
          9,
          8
        ]
      },
      "faces": {
        "north": {
          "uv": [
            4.032,
            8.032,
            6.968,
            11.5
          ],
          "texture": "#0"
        },
        "east": {
          "uv": [
            7.032,
            8.032,
            8.968,
            11.5
          ],
          "texture": "#0"
        },
        "south": {
          "uv": [
            8.032,
            4.032,
            10.968,
            7.5
          ],
          "texture": "#0"
        },
        "west": {
          "uv": [
            9.032,
            7.5,
            10.968,
            10.968
          ],
          "texture": "#0"
        },
        "up": {
          "uv": [
            13.968,
            5.968,
            11.032,
            4.032
          ],
          "texture": "#0"
        },
        "down": {
          "uv": [
            13.968,
            6.032,
            11.032,
            7.968
          ],
          "texture": "#0"
        }
      }
    },
    {
      "name": "R leg",
      "from": [
        9.5,
        6.001,
        4
      ],
      "to": [
        11.5,
        8.001,
        7
      ],
      "rotation": {
        "angle": -22.5,
        "axis": "y",
        "origin": [
          10,
          7,
          5
        ]
      },
      "faces": {
        "north": {
          "uv": [
            9.5,
            12.032,
            10.5,
            12.968
          ],
          "texture": "#0"
        },
        "east": {
          "uv": [
            7.032,
            11.5,
            8.5,
            12.5
          ],
          "texture": "#0"
        },
        "south": {
          "uv": [
            12.032,
            11.032,
            12.968,
            11.968
          ],
          "texture": "#0"
        },
        "west": {
          "uv": [
            0.032,
            12.032,
            1.5,
            12.968
          ],
          "texture": "#0"
        },
        "up": {
          "uv": [
            12.968,
            1.5,
            12.032,
            0.032
          ],
          "texture": "#0"
        },
        "down": {
          "uv": [
            2.5,
            12.032,
            1.5,
            13.5
          ],
          "texture": "#0"
        }
      }
    },
    {
      "name": "L leg",
      "from": [
        4.5,
        6.001,
        4
      ],
      "to": [
        6.5,
        8.001,
        7
      ],
      "rotation": {
        "angle": 22.5,
        "axis": "y",
        "origin": [
          6,
          7,
          5
        ]
      },
      "faces": {
        "north": {
          "uv": [
            12.032,
            12.032,
            12.968,
            12.968
          ],
          "texture": "#0"
        },
        "east": {
          "uv": [
            12.032,
            1.5,
            13.5,
            2.5
          ],
          "texture": "#0"
        },
        "south": {
          "uv": [
            7.032,
            12.5,
            7.968,
            13.5
          ],
          "texture": "#0"
        },
        "west": {
          "uv": [
            2.5,
            12.032,
            3.968,
            12.968
          ],
          "texture": "#0"
        },
        "up": {
          "uv": [
            12.968,
            3.968,
            12.032,
            2.5
          ],
          "texture": "#0"
        },
        "down": {
          "uv": [
            9.5,
            12.032,
            8.5,
            13.5
          ],
          "texture": "#0"
        }
      }
    },
    {
      "name": "R arm",
      "from": [
        10,
        9,
        7
      ],
      "to": [
        14,
        11,
        9
      ],
      "rotation": {
        "angle": -45,
        "axis": "z",
        "origin": [
          13,
          11,
          8
        ]
      },
      "faces": {
        "north": {
          "uv": [
            11.032,
            8.032,
            12.968,
            8.968
          ],
          "texture": "#0"
        },
        "east": {
          "uv": [
            0.032,
            13.032,
            0.968,
            13.968
          ],
          "texture": "#0"
        },
        "south": {
          "uv": [
            9.032,
            11.032,
            10.968,
            11.968
          ],
          "texture": "#0"
        },
        "west": {
          "uv": [
            13.032,
            0.032,
            13.968,
            0.968
          ],
          "texture": "#0"
        },
        "up": {
          "uv": [
            12.968,
            9.968,
            11.032,
            9.032
          ],
          "texture": "#0"
        },
        "down": {
          "uv": [
            12.968,
            10.032,
            11.032,
            10.968
          ],
          "texture": "#0"
        }
      }
    },
    {
      "name": "L arm",
      "from": [
        3,
        10,
        7
      ],
      "to": [
        5,
        14,
        9
      ],
      "rotation": {
        "angle": -45,
        "axis": "z",
        "origin": [
          3,
          11,
          8
        ]
      },
      "faces": {
        "north": {
          "uv": [
            11.032,
            11.032,
            11.968,
            12.968
          ],
          "texture": "#0"
        },
        "east": {
          "uv": [
            4.032,
            11.5,
            4.968,
            13.5
          ],
          "texture": "#0"
        },
        "south": {
          "uv": [
            5.032,
            11.5,
            5.968,
            13.5
          ],
          "texture": "#0"
        },
        "west": {
          "uv": [
            6.032,
            11.5,
            6.968,
            13.5
          ],
          "texture": "#0"
        },
        "up": {
          "uv": [
            3.5,
            13.968,
            2.5,
            13.032
          ],
          "texture": "#0"
        },
        "down": {
          "uv": [
            13.968,
            2.5,
            13.032,
            3.5
          ],
          "texture": "#0"
        }
      }
    },
    {
      "name": "head1",
      "from": [
        3.5,
        12.5,
        3.5
      ],
      "to": [
        12.5,
        21.5,
        12.5
      ],
      "rotation": {
        "angle": 0,
        "axis": "y",
        "origin": [
          8,
          15,
          8
        ]
      },
      "faces": {
        "north": {
          "uv": [
            0.032,
            0.032,
            3.968,
            3.968
          ],
          "texture": "#1"
        },
        "east": {
          "uv": [
            0.032,
            4.032,
            3.968,
            7.968
          ],
          "texture": "#1"
        },
        "south": {
          "uv": [
            4.032,
            0.032,
            7.968,
            3.968
          ],
          "texture": "#1"
        },
        "west": {
          "uv": [
            4.032,
            4.032,
            7.968,
            7.968
          ],
          "texture": "#1"
        },
        "up": {
          "uv": [
            3.968,
            11.968,
            0.032,
            8.032
          ],
          "texture": "#1"
        },
        "down": {
          "uv": [
            11.968,
            0.032,
            8.032,
            3.968
          ],
          "texture": "#1"
        }
      }
    },
    {
      "name": "head2",
      "from": [
        12.5,
        21.5,
        12.5
      ],
      "to": [
        3.5,
        12.5,
        3.5
      ],
      "rotation": {
        "angle": 0,
        "axis": "y",
        "origin": [
          8,
          15,
          8
        ]
      },
      "faces": {
        "north": {
          "uv": [
            4.032,
            3.968,
            7.968,
            0.032
          ],
          "texture": "#1"
        },
        "east": {
          "uv": [
            4.032,
            7.968,
            7.968,
            4.032
          ],
          "texture": "#1"
        },
        "south": {
          "uv": [
            0.032,
            3.968,
            3.968,
            0.032
          ],
          "texture": "#1"
        },
        "west": {
          "uv": [
            0.032,
            7.968,
            3.968,
            4.032
          ],
          "texture": "#1"
        },
        "up": {
          "uv": [
            8.032,
            0.032,
            11.968,
            3.968
          ],
          "texture": "#1"
        },
        "down": {
          "uv": [
            0.032,
            11.968,
            3.968,
            8.032
          ],
          "texture": "#1"
        }
      }
    },
    {
      "name": "body1",
      "from": [
        6,
        8.1,
        4
      ],
      "to": [
        10,
        8.1,
        7
      ],
      "faces": {
        "north": {
          "uv": [
            0.032,
            0.032,
            3.968,
            -0.12
          ],
          "texture": "#2"
        },
        "east": {
          "uv": [
            0.032,
            0.032,
            2.968,
            -0.12
          ],
          "texture": "#2"
        },
        "south": {
          "uv": [
            0.032,
            0.032,
            3.968,
            -0.12
          ],
          "texture": "#2"
        },
        "west": {
          "uv": [
            0.032,
            0.032,
            2.968,
            -0.12
          ],
          "texture": "#2"
        },
        "up": {
          "uv": [
            3.968,
            2.968,
            0.032,
            0.032
          ],
          "texture": "#2"
        },
        "down": {
          "uv": [
            3.968,
            3.032,
            0.032,
            5.968
          ],
          "texture": "#2"
        }
      }
    },
    {
      "name": "R eye",
      "from": [
        9,
        14,
        3.51
      ],
      "to": [
        11,
        16,
        5.51
      ],
      "rotation": {
        "angle": 0,
        "axis": "y",
        "origin": [
          10,
          15,
          4
        ]
      },
      "faces": {
        "north": {
          "uv": [
            0,
            0,
            2,
            2
          ],
          "texture": "#3"
        },
        "east": {
          "uv": [
            0,
            2,
            2,
            4
          ],
          "texture": "#3"
        },
        "south": {
          "uv": [
            2,
            0,
            4,
            2
          ],
          "texture": "#3"
        },
        "west": {
          "uv": [
            2,
            2,
            4,
            4
          ],
          "texture": "#3"
        },
        "up": {
          "uv": [
            2,
            6,
            0,
            4
          ],
          "texture": "#3"
        },
        "down": {
          "uv": [
            6,
            0,
            4,
            2
          ],
          "texture": "#3"
        }
      }
    },
    {
      "name": "L eye",
      "from": [
        5,
        14,
        3.51
      ],
      "to": [
        7,
        16,
        5.51
      ],
      "rotation": {
        "angle": 0,
        "axis": "y",
        "origin": [
          6,
          15,
          4
        ]
      },
      "faces": {
        "north": {
          "uv": [
            2,
            4,
            4,
            6
          ],
          "texture": "#3"
        },
        "east": {
          "uv": [
            4,
            2,
            6,
            4
          ],
          "texture": "#3"
        },
        "south": {
          "uv": [
            4,
            4,
            6,
            6
          ],
          "texture": "#3"
        },
        "west": {
          "uv": [
            0,
            6,
            2,
            8
          ],
          "texture": "#3"
        },
        "up": {
          "uv": [
            8,
            2,
            6,
            0
          ],
          "texture": "#3"
        },
        "down": {
          "uv": [
            4,
            6,
            2,
            8
          ],
          "texture": "#3"
        }
      }
    }
  ],
  "gui_light": "front",
  "display": {
    "thirdperson_righthand": {
      "rotation": [
        45,
        0,
        0
      ],
      "translation": [
        0,
        -1.25,
        -2
      ],
      "scale": [
        0.51,
        0.51,
        0.51
      ]
    },
    "thirdperson_lefthand": {
      "rotation": [
        45,
        0,
        0
      ],
      "translation": [
        0,
        -1.25,
        -2
      ],
      "scale": [
        0.51,
        0.51,
        0.51
      ]
    },
    "firstperson_righthand": {
      "rotation": [
        -6,
        130,
        6
      ],
      "translation": [
        3,
        1.25,
        0
      ],
      "scale": [
        0.5,
        0.5,
        0.5
      ]
    },
    "firstperson_lefthand": {
      "rotation": [
        -6,
        130,
        6
      ],
      "translation": [
        3,
        1.25,
        0
      ],
      "scale": [
        0.5,
        0.5,
        0.5
      ]
    },
    "ground": {
      "translation": [
        0,
        -2,
        0
      ],
      "scale": [
        0.6,
        0.6,
        0.6
      ]
    },
    "gui": {
      "rotation": [
        0,
        180,
        0
      ],
      "translation": [
        0,
        -5.25,
        0
      ],
      "scale": [
        0.9,
        0.9,
        0.9
      ]
    },
    "head": {
      "translation": [
        0,
        9,
        0
      ]
    },
    "fixed": {
      "rotation": [
        -90,
        0,
        0
      ],
      "translation": [
        0,
        0,
        -4
      ],
      "scale": [
        2,
        2,
        2
      ]
    }
  },
  "groups": [
    {
      "name": "group",
      "origin": [
        0,
        0,
        0
      ],
      "color": 0,
      "children": [
        0,
        1,
        2,
        3,
        4,
        5,
        6,
        7,
        8
      ]
    },
    {
      "name": "eyes",
      "origin": [
        6,
        17,
        4
      ],
      "color": 0,
      "children": [
        9,
        10
      ]
    }
  ]
}